date,SPY,TLT,GLD,DBC,UUP
2007-03-01,98.26807403564453,48.990501403808594,65.81999969482422,20.329017639160156,20.549209594726562
2007-03-02,96.98120880126953,49.236087799072266,63.709999084472656,20.142215728759766,20.540977478027344
2007-03-05,96.05802917480469,49.31798553466797,62.93000030517578,19.841707229614258,20.672653198242188
2007-03-06,97.70157623291016,49.17061996459961,64.1500015258789,20.028512954711914,20.656192779541016
2007-03-07,97.6036148071289,49.36165237426758,64.30000305175781,20.30465316772461,20.573898315429688
2007-03-08,98.42889404296875,49.31798553466797,64.4800033569336,20.337142944335938,20.672653198242188
2007-03-09,98.45684814453125,48.79938888549805,64.25,20.06911849975586,20.705570220947266
2007-03-12,98.60372161865234,48.990501403808594,64.37000274658203,19.88231658935547,20.639734268188477
2007-03-13,96.68745422363281,49.285213470458984,63.720001220703125,19.728004455566406,20.590356826782227
2007-03-14,97.4078140258789,49.06143569946289,63.939998626708984,19.768613815307617,20.540977478027344
2007-03-15,97.54069519042969,49.055973052978516,63.97999954223633,19.646785736083984,20.540977478027344
2007-03-16,97.26756286621094,49.04501724243164,64.62000274658203,19.69551658630371,20.466917037963867
2007-03-19,98.44010925292969,48.94133377075195,64.73999786376953,19.79297637939453,20.573898315429688
2007-03-20,98.9808349609375,48.96863555908203,65.2699966430664,19.81734275817871,20.450454711914062
2007-03-21,100.6097412109375,48.990501403808594,65.81999969482422,19.849834442138672,20.392850875854492
2007-03-22,100.53253936767578,48.60291290283203,65.76000213623047,20.174705505371094,20.392850875854492
2007-03-23,100.67994689941406,48.466426849365234,65.1500015258789,20.182828903198242,20.51629066467285
2007-03-26,100.54655456542969,48.52650833129883,65.83999633789062,20.27216911315918,20.450454711914062
2007-03-27,100.307861328125,48.44459533691406,65.69999694824219,20.329017639160156,20.442224502563477
2007-03-28,99.57762908935547,48.34635925292969,66.05000305175781,20.523944854736328,20.442224502563477
2007-03-29,99.68290710449219,48.280845642089844,65.6500015258789,20.921916961669922,20.466917037963867
2007-03-30,99.70397186279297,48.18806457519531,65.73999786376953,20.613285064697266,20.401081085205078
2007-04-02,99.81635284423828,48.26807403564453,65.8499984741211,20.41023826599121,20.450454711914062
2007-04-03,100.89060974121094,48.20779037475586,65.83000183105469,20.329017639160156,20.475141525268555
2007-04-04,101.0029296875,48.257083892822266,66.80999755859375,20.556432723999023,20.450454711914062
2007-04-05,101.27677154541016,48.0763053894043,66.86000061035156,20.5970401763916,20.38461685180664
2007-04-09,101.41722106933594,47.758514404296875,66.52999877929688,20.385873794555664,20.51629066467285
2007-04-10,101.53657531738281,47.90095520019531,67.16000366210938,20.670141220092773,20.450454711914062
2007-04-11,101.12234497070312,47.86811065673828,67.08000183105469,20.637649536132812,20.450454711914062
2007-04-12,101.57168579101562,47.8790283203125,66.98999786376953,20.759479522705078,20.327011108398438
2007-04-13,102.03508758544922,47.73112106323242,67.83999633789062,20.873186111450195,20.31878089904785
2007-04-16,103.00407409667969,47.99410629272461,68.4000015258789,20.71074867248535,20.236486434936523
2007-04-17,103.27787017822266,48.26254653930664,68.0,20.49958038330078,20.228256225585938
2007-04-18,103.404296875,48.50362777709961,68.37999725341797,20.507701873779297,20.203567504882812
2007-04-19,103.37614440917969,48.42148208618164,67.52999877929688,20.450849533081055,20.203567504882812
2007-04-20,104.35221099853516,48.29544448852539,68.69999694824219,20.735111236572266,20.129501342773438
2007-04-23,103.95897674560547,48.470802307128906,68.26000213623047,20.873186111450195,20.236486434936523
2007-04-24,104.00106811523438,48.65156936645508,67.7300033569336,20.58892059326172,20.211795806884766
2007-04-25,104.95597076416016,48.481719970703125,67.88999938964844,20.995014190673828,20.178878784179688
2007-04-26,105.07538604736328,48.13105773925781,66.87000274658203,20.84882164001465,20.26117515563965
2007-04-27,104.99113464355469,48.12006378173828,67.55999755859375,20.95440101623535,20.19533920288086
2007-04-30,104.12041473388672,48.6241569519043,67.08999633789062,20.767601013183594,20.154190063476562
2007-05-01,104.38728332519531,48.65935516357422,66.69000244140625,20.808212280273438,20.277633666992188
2007-05-02,104.99813079833984,48.6318473815918,66.66000366210938,20.645771026611328,20.294095993041992
2007-05-03,105.56683349609375,48.52191162109375,67.48999786376953,20.74323844909668,20.31878089904785
2007-05-04,105.96705627441406,48.71982192993164,68.19000244140625,20.702625274658203,20.244718551635742
2007-05-07,105.98811340332031,48.851837158203125,68.25,20.605165481567383,20.294095993041992
2007-05-08,105.84774780273438,48.74185562133789,67.87999725341797,20.47521209716797,20.351701736450195
2007-05-09,106.1356201171875,48.54942321777344,67.44999694824219,20.369626998901367,20.376392364501953
2007-05-10,105.02626037597656,48.66484451293945,66.0,20.288410186767578,20.401081085205078
2007-05-11,105.9249267578125,48.494380950927734,66.44999694824219,20.58892059326172,20.41753578186035
2007-05-14,105.69325256347656,48.367916107177734,66.27999877929688,20.51582145690918,20.401081085205078
2007-05-15,105.72135162353516,48.3514289855957,66.54000091552734,20.7188720703125,20.335241317749023
2007-05-16,106.4445571899414,48.31841278076172,65.5999984741211,20.51582145690918,20.42576789855957
2007-05-17,106.2339096069336,48.120479583740234,65.05999755859375,20.686378479003906,20.475141525268555
2007-05-18,107.1607437133789,47.801509857177734,65.5199966430664,20.653894424438477,20.43399429321289
2007-05-21,107.10458374023438,47.94449996948242,65.66999816894531,20.85694122314453,20.49160385131836
2007-05-22,107.02035522460938,47.697052001953125,65.19999694824219,20.556432723999023,20.499832153320312
2007-05-23,107.03433227539062,47.5595817565918,65.54000091552734,20.653894424438477,20.483373641967773
2007-05-24,106.06533813476562,47.60354232788086,64.75,20.540189743041992,20.51629066467285
2007-05-25,106.50776672363281,47.49361801147461,64.94000244140625,20.791967391967773,20.499832153320312
2007-05-29,106.89390563964844,47.488101959228516,65.06999969482422,20.337142944335938,20.50806427001953
2007-05-30,107.76458740234375,47.587093353271484,64.72000122070312,20.53207015991211,20.540977478027344
2007-05-31,107.65223693847656,47.49911880493164,65.54000091552734,20.7188720703125,20.50806427001953
2007-06-01,108.18586730957031,47.24957275390625,66.44000244140625,20.873186111450195,20.51629066467285
2007-06-04,108.19989776611328,47.46487045288086,66.54000091552734,21.059988021850586,20.43399429321289
2007-06-05,107.77161407470703,47.16679763793945,66.37000274658203,20.978769302368164,20.376392364501953
2007-06-06,106.61307525634766,47.14471435546875,66.41000366210938,20.97064781188965,20.409305572509766
2007-06-07,104.68920135498047,46.300086975097656,65.26000213623047,21.076231002807617,20.540977478027344
2007-06-08,106.05132293701172,46.261409759521484,64.22000122070312,20.702625274658203,20.6068172454834
2007-06-11,106.2339096069336,46.12891387939453,64.69999694824219,21.100597381591797,20.656192779541016
2007-06-12,105.07538604736328,45.46092987060547,64.0999984741211,21.04374122619629,20.69734001159668
2007-06-13,106.64815521240234,46.00193405151367,64.52999877929688,21.311763763427734,20.738492965698242
2007-06-14,107.32926177978516,45.886016845703125,64.5999984741211,21.51481056213379,20.7631778717041
2007-06-15,107.93992614746094,46.20066452026367,64.8499984741211,21.644763946533203,20.647966384887695
2007-06-18,107.81293487548828,46.10685348510742,64.94999694824219,21.644763946533203,20.623275756835938
2007-06-19,108.08094787597656,46.53744888305664,65.4800033569336,21.433595657348633,20.631505966186523
2007-06-20,106.57892608642578,46.16205596923828,64.70999908447266,21.45796012878418,19.849699020385742
2007-06-21,107.1712875366211,45.94122314453125,64.55999755859375,21.36049461364746,20.656192779541016
2007-06-22,106.1629409790039,46.239349365234375,64.77999877929688,21.311763763427734,20.532751083374023
2007-06-25,105.6551284790039,46.4932746887207,64.43000030517578,21.230546951293945,20.598587036132812
2007-06-26,104.56918334960938,46.50429916381836,63.619998931884766,20.986896514892578,20.5656681060791
2007-06-27,106.05712890625,46.54844284057617,63.66999816894531,20.95440101623535,20.598587036132812
2007-06-28,106.04302978515625,46.53744888305664,64.26000213623047,20.889429092407227,20.598587036132812
2007-06-29,106.07825469970703,47.01770782470703,64.2699966430664,20.873186111450195,20.475141525268555
2007-07-02,107.037353515625,47.264854431152344,65.0199966430664,21.003135681152344,20.3681583404541
2007-07-03,107.4251480102539,46.97670364379883,64.73999786376953,21.02750015258789,20.335241317749023
2007-07-05,107.31233215332031,46.45022201538086,64.41999816894531,21.222421646118164,20.43399429321289
2007-07-06,107.87641906738281,46.261837005615234,64.95999908447266,21.401105880737305,20.392850875854492
2007-07-09,107.9610824584961,46.42810821533203,65.37999725341797,21.35237693786621,20.401081085205078
2007-07-10,106.42377471923828,47.21497344970703,65.61000061035156,21.506690979003906,20.26117515563965
2007-07-11,107.17835998535156,46.72728729248047,65.44000244140625,21.555421829223633,20.236486434936523
2007-07-12,108.8707504272461,46.56660079956055,66.0199966430664,21.61227798461914,20.203567504882812
2007-07-13,109.195068359375,46.69411849975586,66.02999877929688,21.644763946533203,20.220027923583984
2007-07-16,109.18104553222656,47.142948150634766,65.81999969482422,21.26303482055664,20.211795806884766
2007-07-17,109.1246109008789,47.043209075927734,65.75,21.133085250854492,20.211795806884766
2007-07-18,108.92715454101562,47.2205696105957,66.62000274658203,21.376739501953125,20.19533920288086
2007-07-19,109.35023498535156,47.20947265625,67.01000213623047,21.44983673095703,20.187108993530273
2007-07-20,108.24314880371094,47.63615798950195,67.58000183105469,21.44171142578125,20.154190063476562
2007-07-23,108.57457733154297,47.5586051940918,67.47000122070312,21.344253540039062,20.19533920288086
2007-07-24,106.69178771972656,47.73591995239258,67.47000122070312,21.18181610107422,20.038978576660156
2007-07-25,106.91036987304688,47.83014678955078,66.9000015258789,21.36861801147461,20.211795806884766
2007-07-26,104.37882995605469,48.229122161865234,65.6500015258789,21.14120864868164,20.121273040771484
2007-07-27,102.32676696777344,48.367706298828125,65.41000366210938,21.344253540039062,20.285863876342773
2007-07-30,103.9275131225586,48.229122161865234,65.7699966430664,21.100597381591797,20.31878089904785
2007-07-31,102.75690460205078,48.5782585144043,65.79000091552734,21.271154403686523,20.285863876342773
2007-08-01,103.25758361816406,48.473079681396484,65.93000030517578,21.23866844177246,20.294095993041992
2007-08-02,104.08268737792969,48.59549331665039,65.88999938964844,21.271154403686523,20.327011108398438
2007-08-03,101.40306091308594,48.918155670166016,66.69000244140625,21.035625457763672,20.137733459472656
2007-08-06,103.10249328613281,48.56214141845703,66.5199966430664,20.74323844909668,20.178878784179688
2007-08-07,104.20256805419922,48.523170471191406,66.4800033569336,20.85694122314453,20.236486434936523
2007-08-08,105.6551284790039,47.933448791503906,66.7699966430664,20.82445526123047,20.178878784179688
2007-08-09,102.52424621582031,48.00022888183594,65.45999908447266,20.662017822265625,20.335241317749023
2007-08-10,102.04470825195312,47.88897705078125,66.56999969482422,20.735111236572266,20.351701736450195
2007-08-13,102.41141510009766,48.02804946899414,66.26000213623047,20.58892059326172,20.409305572509766
2007-08-14,100.84593963623047,48.15599822998047,66.29000091552734,20.653894424438477,20.540977478027344
2007-08-15,99.4567642211914,47.983543395996094,66.12999725341797,20.808212280273438,20.631505966186523
2007-08-16,100.2042236328125,48.47868347167969,64.68000030517578,20.450849533081055,20.573898315429688
2007-08-17,102.04470825195312,48.2839469909668,65.01000213623047,20.434602737426758,20.51629066467285
2007-08-20,101.99535369873047,48.31181335449219,65.12000274658203,20.491458892822266,20.5656681060791
2007-08-21,102.19986724853516,48.545440673828125,65.06999969482422,20.45897102355957,20.573898315429688
2007-08-22,103.4127426147461,48.46753692626953,65.4000015258789,20.507701873779297,20.51629066467285
2007-08-23,103.3210678100586,48.63444137573242,65.30999755859375,20.572673797607422,20.483373641967773
2007-08-24,104.59744262695312,48.87369155883789,66.11000061035156,20.81633186340332,20.392850875854492
2007-08-27,103.62425231933594,49.12958908081055,65.9800033569336,20.8406982421875,20.376392364501953
2007-08-28,101.34664916992188,49.21303176879883,65.58999633789062,20.62140655517578,20.376392364501953
2007-08-29,103.33517456054688,49.07950973510742,66.06999969482422,20.81633186340332,20.359928131103516
2007-08-30,103.0601806640625,49.40773010253906,65.80000305175781,20.85694122314453,20.450454711914062
2007-08-31,104.07561492919922,49.446659088134766,66.5199966430664,20.865062713623047,20.401081085205078
2007-09-04,105.12631225585938,49.470157623291016,67.44000244140625,21.100597381591797,20.43399429321289
2007-09-05,104.21664428710938,49.866764068603516,67.55999755859375,21.14120864868164,20.359928131103516
2007-09-06,104.45640563964844,49.738258361816406,68.86000061035156,21.059988021850586,20.302324295043945
2007-09-07,103.00370025634766,50.44211959838867,69.38999938964844,21.19805908203125,20.187108993530273
2007-09-10,102.80630493164062,50.8331413269043,69.62000274658203,21.344253540039062,20.16242218017578
2007-09-11,104.00508880615234,50.794036865234375,70.5199966430664,21.392982482910156,20.187108993530273
2007-09-12,104.27298736572266,50.60413360595703,70.45999908447266,21.62039566040039,20.088354110717773
2007-09-13,105.00642395019531,50.15166091918945,70.08000183105469,21.45796012878418,20.14596176147461
2007-09-14,104.99938201904297,50.22426223754883,69.98999786376953,21.474205017089844,20.19533920288086
2007-09-17,104.43524169921875,50.4644775390625,70.97000122070312,21.72597885131836,20.178878784179688
2007-09-18,107.50981140136719,50.084598541259766,71.69999694824219,21.80719757080078,20.113040924072266
2007-09-19,108.14443969726562,49.62092971801758,71.43000030517578,21.994001388549805,20.104814529418945
2007-09-20,107.38278198242188,48.68253707885742,72.72000122070312,22.335121154785156,19.956680297851562
2007-09-21,107.67263793945312,49.095882415771484,72.33999633789062,22.48943519592285,19.96491241455078
2007-09-24,107.4742431640625,49.23552703857422,72.27999877929688,22.44882583618164,19.956680297851562
2007-09-25,107.26163482666016,49.062374114990234,72.33000183105469,22.286388397216797,19.907304763793945
2007-09-26,107.82852935791016,49.1070671081543,72.0,22.318878173828125,19.973142623901367
2007-09-27,108.46614074707031,49.447818756103516,72.69999694824219,22.90365219116211,19.940221786499023
2007-09-28,108.10481262207031,49.559547424316406,73.51000213623047,22.830556869506836,19.792089462280273
2007-10-01,109.32345581054688,49.84272003173828,73.9000015258789,22.595020294189453,19.816776275634766
2007-10-02,109.1746597290039,49.99974822998047,72.3499984741211,22.140195846557617,19.940221786499023
2007-10-03,108.95503997802734,49.85395050048828,71.9000015258789,22.164560317993164,19.997825622558594
2007-10-04,109.12510681152344,50.044612884521484,72.87000274658203,22.47319221496582,19.973142623901367
2007-10-05,110.42161560058594,49.50621795654297,73.4000015258789,22.53816795349121,19.940221786499023
2007-10-08,109.83358001708984,49.46695327758789,72.52999877929688,22.067100524902344,20.06366729736328
2007-10-09,110.86798858642578,49.40528106689453,73.08999633789062,22.221418380737305,19.989601135253906
2007-10-10,110.68379974365234,49.43334197998047,73.36000061035156,22.481313705444336,19.931991577148438
2007-10-11,110.15243530273438,49.382877349853516,73.91000366210938,22.733091354370117,19.94845199584961
2007-10-12,110.7616958618164,49.141761779785156,74.58999633789062,22.838674545288086,19.91553497314453
2007-10-15,109.82650756835938,49.15296936035156,75.13999938964844,23.228525161743164,19.890846252441406
2007-10-16,108.95503997802734,49.16975784301758,75.12000274658203,23.252887725830078,19.91553497314453
2007-10-17,109.28800201416016,49.70812225341797,74.5,23.131061553955078,19.907304763793945
2007-10-18,108.89127349853516,49.9828987121582,76.0,23.545278549194336,19.78386116027832
2007-10-19,106.04304504394531,50.72875213623047,75.69999694824219,23.480302810668945,19.742713928222656
2007-10-22,106.65948486328125,50.734397888183594,74.5999984741211,23.415327072143555,19.907304763793945
2007-10-23,107.52387237548828,50.66706848144531,75.2300033569336,23.252887725830078,19.78386116027832
2007-10-24,107.32544708251953,51.0428466796875,75.5199966430664,23.334108352661133,19.75094223022461
2007-10-25,107.58051300048828,50.86896896362305,76.02999877929688,23.878273010253906,19.709794998168945
2007-10-26,108.84164428710938,50.7512092590332,77.69000244140625,24.243759155273438,19.627500534057617
2007-10-29,109.20305633544922,50.947509765625,78.12000274658203,24.64173126220703,19.594579696655273
2007-10-30,108.44486999511719,50.91940689086914,77.3499984741211,24.089441299438477,19.63572883605957
2007-10-31,109.57147216796875,50.45962142944336,78.62000274658203,24.771678924560547,19.545204162597656
2007-11-01,107.00664520263672,51.115203857421875,77.93000030517578,24.454927444458008,19.611038208007812
2007-11-02,107.12704467773438,51.27854919433594,79.83000183105469,24.98284912109375,19.421762466430664
2007-11-05,106.312255859375,51.25603485107422,79.75,24.82040786743164,19.52051544189453
2007-11-06,107.74349975585938,51.00822830200195,81.43000030517578,25.470157623291016,19.45467758178711
2007-11-07,104.79607391357422,51.098304748535156,82.23999786376953,25.340208053588867,19.35592269897461
2007-11-08,104.26466369628906,51.00822830200195,82.2300033569336,25.275236129760742,19.33946418762207
2007-11-09,102.83346557617188,51.4418830871582,82.18000030517578,25.267114639282227,19.33946418762207
2007-11-12,101.81320190429688,51.62778091430664,78.30000305175781,24.714824676513672,19.52051544189453
2007-11-13,104.91650390625,51.43627166748047,79.12000274658203,24.243759155273438,19.446447372436523
2007-11-14,104.62603759765625,51.4925422668457,80.27999877929688,24.78792381286621,19.45467758178711
2007-11-15,103.11688232421875,51.97702407836914,77.94999694824219,24.544265747070312,19.504056930541992
2007-11-16,103.29401397705078,52.050193786621094,77.75,24.625484466552734,19.479366302490234
2007-11-19,101.85574340820312,52.3881721496582,77.23999786376953,24.812286376953125,19.421762466430664
2007-11-20,102.479248046875,52.33188247680664,79.47000122070312,25.429550170898438,19.24070930480957
2007-11-21,100.38200378417969,52.635986328125,79.36000061035156,25.462038040161133,19.141956329345703
2007-11-23,102.11784362792969,52.793678283691406,81.25,25.697572708129883,19.2818546295166
2007-11-26,99.86483001708984,53.83576583862305,81.30000305175781,25.38081932067871,19.183103561401367
2007-11-27,101.01264190673828,53.32315444946289,80.0999984741211,25.177772521972656,19.290088653564453
2007-11-28,104.2433853149414,52.962711334228516,79.56999969482422,24.869140625,19.347692489624023
2007-11-29,104.27881622314453,53.418914794921875,78.27999877929688,24.925994873046875,19.45467758178711
2007-11-30,105.32744598388672,53.159767150878906,77.31999969482422,24.61736297607422,19.60280990600586
2007-12-03,104.63308715820312,53.581687927246094,78.27999877929688,24.796045303344727,19.561662673950195
2007-12-04,103.69788360595703,53.576026916503906,79.4000015258789,24.909751892089844,19.421762466430664
2007-12-05,105.4337158203125,52.936981201171875,78.62999725341797,24.72294807434082,19.660415649414062
2007-12-06,106.94288635253906,52.47330856323242,79.37000274658203,25.16965103149414,19.652189254760742
2007-12-07,106.92156219482422,51.88515090942383,78.5999984741211,25.088430404663086,19.685104370117188
2007-12-10,107.75052642822266,51.57417678833008,80.0,25.072187423706055,19.545204162597656
2007-12-11,104.79607391357422,52.586402893066406,78.83999633789062,25.291475296020508,19.504056930541992
2007-12-12,105.83049011230469,52.043514251708984,80.48999786376953,25.981836318969727,19.578123092651367
2007-12-13,105.61083221435547,51.47796630859375,78.5,25.705692291259766,19.643957138061523
2007-12-14,104.271728515625,51.24053192138672,78.5199966430664,25.527013778686523,19.890846252441406
2007-12-17,102.78387451171875,51.69850540161133,78.12999725341797,25.402164459228516,20.056812286376953
2007-12-18,103.3577651977539,52.0322151184082,79.25,25.293962478637695,19.865951538085938
2007-12-19,103.3577651977539,52.722129821777344,79.23999786376953,25.535335540771484,19.92403793334961
2007-12-20,104.00960540771484,52.609031677246094,78.66999816894531,25.427133560180664,19.957229614257812
2007-12-21,105.50896453857422,51.83989715576172,80.0999984741211,25.72676658630371,20.00701904296875
2007-12-24,106.29244995117188,51.59674072265625,80.13999938964844,25.918197631835938,19.874250411987305
2007-12-26,106.52037048339844,51.14435577392578,81.5199966430664,26.22615623474121,19.799564361572266
2007-12-27,105.18132019042969,51.70192337036133,81.55999755859375,26.317710876464844,19.67508888244629
2007-12-28,104.9177474975586,52.508201599121094,83.0,26.234477996826172,19.54231834411621
2007-12-31,104.14140319824219,52.82612991333008,82.45999908447266,26.26776885986328,19.66679573059082
2008-01-02,103.22966003417969,53.586910247802734,84.86000061035156,26.991880416870117,19.49252700805664
2008-01-03,103.17982482910156,53.51313018798828,85.56999969482422,27.19995880126953,19.534021377563477
2008-01-04,100.65123748779297,53.52445983886719,85.12999725341797,27.041820526123047,19.326568603515625
2008-01-07,100.56575775146484,53.757286071777344,84.7699966430664,26.550756454467773,19.517423629760742
2008-01-08,98.9417953491211,53.69480514526367,86.77999877929688,26.792125701904297,19.49252700805664
2008-01-09,99.98167419433594,53.79704284667969,86.55000305175781,26.525785446166992,19.64189910888672
2008-01-10,100.63700866699219,53.07025909423828,88.25,26.400936126708984,19.451038360595703
2008-01-11,99.82501220703125,53.484737396240234,88.58000183105469,26.642309188842773,19.54231834411621
2008-01-14,100.62985229492188,53.68345260620117,89.54000091552734,26.975234985351562,19.442739486694336
2008-01-15,98.41471099853516,54.28532028198242,87.98999786376953,26.642309188842773,19.426145553588867
2008-01-16,97.56710052490234,53.89352035522461,86.69999694824219,26.392616271972656,19.66679573059082
2008-01-17,95.03854370117188,54.591896057128906,86.5,26.051368713378906,19.63360023498535
2008-01-18,94.062744140625,54.217193603515625,87.41999816894531,26.151247024536133,19.69169044494629
2008-01-22,93.1082763671875,54.79633712768555,88.16999816894531,26.0596923828125,19.72488021850586
2008-01-23,95.34480285644531,54.671382904052734,87.88999938964844,25.568628311157227,19.66679573059082
2008-01-24,96.14971160888672,53.57552719116211,90.08000183105469,26.20118522644043,19.50082778930664
2008-01-25,94.76077270507812,54.47833251953125,90.30000305175781,26.78380584716797,19.55061912536621
2008-01-28,96.32775115966797,54.27395248413086,91.75,26.908653259277344,19.426145553588867
2008-01-29,96.80496978759766,53.904884338378906,91.1500015258789,27.133373260498047,19.417842864990234
2008-01-30,96.09273529052734,53.55290985107422,92.05999755859375,26.900325775146484,19.301673889160156
2008-01-31,97.84488677978516,53.93331527709961,91.4000015258789,27.033496856689453,19.451038360595703
2008-02-01,99.4190444946289,54.257469177246094,89.3499984741211,26.559078216552734,19.52572250366211
2008-02-04,98.16542053222656,53.699119567871094,89.0999984741211,27.02517318725586,19.49252700805664
2008-02-05,95.5371322631836,54.10933303833008,87.68000030517578,26.800447463989258,19.699981689453125
2008-02-06,94.76788330078125,53.94414520263672,88.94999694824219,26.675600051879883,19.699981689453125
2008-02-07,95.3946304321289,52.781776428222656,89.8499984741211,27.00020408630371,19.890846252441406
2008-02-08,94.78211212158203,53.385772705078125,91.0,27.80754852294922,19.83275604248047
2008-02-11,95.26646423339844,53.607940673828125,91.33000183105469,27.99065589904785,19.79126739501953
2008-02-12,96.14971160888672,53.28887939453125,89.33000183105469,27.424686431884766,19.72488021850586
2008-02-13,97.13261413574219,52.72481155395508,89.44000244140625,27.6494083404541,19.758071899414062
2008-02-14,96.27788543701172,51.94999694824219,89.70999908447266,28.207054138183594,19.69169044494629
2008-02-15,96.25654602050781,52.34878158569336,89.1500015258789,28.073884963989258,19.69169044494629
2008-02-19,96.5271987915039,51.81892013549805,91.58000183105469,28.98943328857422,19.65849494934082
2008-02-20,96.81209564208984,52.17788314819336,93.23999786376953,29.139244079589844,19.66679573059082
2008-02-21,96.0072250366211,52.73052978515625,93.25,28.981103897094727,19.52572250366211
2008-02-22,96.5984115600586,52.42858123779297,93.38999938964844,29.380617141723633,19.301673889160156
2008-02-25,97.81639862060547,51.893001556396484,92.73999786376953,29.663604736328125,19.401248931884766
2008-02-26,98.550048828125,51.91013717651367,93.70999908447266,30.296161651611328,19.268474578857422
2008-02-27,98.45030975341797,51.95567321777344,94.77999877929688,30.25454330444336,19.144004821777344
2008-02-28,97.48875427246094,52.87867736816406,95.98999786376953,30.545852661132812,19.0361270904541
2008-02-29,95.3163070678711,53.687767028808594,96.18000030517578,30.046466827392578,19.0444278717041
2008-03-03,95.08842468261719,53.5493278503418,97.23999786376953,30.487590789794922,19.0029354095459
2008-03-04,94.72514343261719,53.028934478759766,95.18000030517578,30.379390716552734,19.052724838256836
2008-03-05,95.32344055175781,52.39411926269531,97.72000122070312,31.045238494873047,18.96144676208496
2008-03-06,93.35047149658203,52.67435073852539,96.5,31.27829360961914,18.861862182617188
2008-03-07,92.38888549804688,52.74299240112305,96.08999633789062,30.962011337280273,18.919954299926758
2008-03-10,91.17090606689453,53.52075958251953,95.87000274658203,31.54463005065918,18.861862182617188
2008-03-11,94.44733428955078,53.0632438659668,95.98999786376953,32.03569793701172,18.986337661743164
2008-03-12,93.56416320800781,54.08689498901367,97.01000213623047,32.3852653503418,18.654409408569336
2008-03-13,93.77067565917969,53.6637077331543,98.33999633789062,32.41856002807617,18.6046199798584
2008-03-14,92.31765747070312,54.32704544067383,98.70999908447266,32.3769416809082,18.637813568115234
2008-03-17,91.38457489013672,54.7445182800293,99.16999816894531,31.078536987304688,18.480144500732422
2008-03-18,95.1810302734375,54.532901763916016,96.5,31.76935386657715,18.695899963378906
2008-03-19,92.82337951660156,55.436500549316406,93.04000091552734,30.396038055419922,18.712495803833008
2008-03-20,94.54270935058594,55.573734283447266,89.91000366210938,29.172536849975586,18.91165542602539
2008-03-24,96.43244934082031,54.498592376708984,90.0999984741211,29.705217361450195,19.19379234313965
2008-03-25,96.52549743652344,54.72737121582031,92.7300033569336,30.004850387573242,18.770586013793945
2008-03-26,95.34441375732422,54.498592376708984,93.80000305175781,30.903751373291016,18.50503921508789
2008-03-27,95.04375457763672,54.115474700927734,93.45999908447266,31.244997024536133,18.538236618041992
2008-03-28,94.13471221923828,54.64161682128906,91.87999725341797,30.50423812866211,18.554834365844727
2008-03-31,94.46401977539062,54.836021423339844,90.41000366210938,29.771806716918945,18.588022232055664
2008-04-01,97.7853012084961,53.94355392456055,86.86000061035156,29.60533905029297,18.878463745117188
2008-04-02,97.84972381591797,54.05839157104492,89.2699966430664,30.487590789794922,18.695899963378906
2008-04-03,98.09302520751953,54.179080963134766,89.41999816894531,30.6540584564209,18.762287139892578
2008-04-04,97.9857177734375,54.67293167114258,90.25,30.870454788208008,18.579727172851562
2008-04-07,98.03581237792969,54.38578796386719,91.16999816894531,31.20338249206543,18.712495803833008
2008-04-08,97.93560791015625,54.1962776184082,90.3499984741211,31.32822608947754,18.712495803833008
2008-04-09,97.22693634033203,54.75907897949219,92.29000091552734,31.852582931518555,18.588022232055664
2008-04-10,97.36296844482422,54.575294494628906,91.7699966430664,31.711088180541992,18.671005249023438
2008-04-11,95.47325134277344,54.94283676147461,91.30000305175781,31.586244583129883,18.6046199798584
2008-04-14,95.15113067626953,54.62123107910156,91.11000061035156,31.802642822265625,18.6046199798584
2008-04-15,95.37306213378906,53.94355392456055,91.66000366210938,32.18550491333008,18.6295166015625
2008-04-16,97.95708465576172,53.41522216796875,93.2699966430664,32.493465423583984,18.44695472717285
2008-04-17,98.10025024414062,53.3233642578125,92.55999755859375,32.343650817871094,18.546533584594727
2008-04-18,99.12387084960938,53.27733612060547,90.62000274658203,32.360294342041016,18.671005249023438
2008-04-21,99.17396545410156,53.48984909057617,90.25,32.40190887451172,18.529937744140625
2008-04-22,98.73729705810547,53.673641204833984,90.2699966430664,32.601661682128906,18.463550567626953
2008-04-23,98.57982635498047,53.49562454223633,89.22000122070312,32.293704986572266,18.588022232055664
2008-04-24,99.00932312011719,53.041954040527344,87.22000122070312,31.75270652770996,18.795482635498047
2008-04-25,99.92549896240234,52.7318000793457,87.2699966430664,32.335323333740234,18.845266342163086
2008-04-28,99.94701385498047,52.89261245727539,87.69000244140625,32.41022872924805,18.82037353515625
2008-04-29,99.55329895019531,53.093650817871094,85.80999755859375,31.627859115600586,18.89505958557129
2008-04-30,98.96636199951172,53.472660064697266,86.6500015258789,31.56960105895996,18.762287139892578
2008-05-01,101.0135498046875,53.476097106933594,83.98999786376953,30.837167739868164,18.919954299926758
2008-05-02,101.2927017211914,52.801788330078125,84.58000183105469,31.619537353515625,19.019533157348633
2008-05-05,100.80596160888672,52.801788330078125,86.2699966430664,32.27706527709961,18.928247451782227
2008-05-06,101.67922973632812,52.421348571777344,86.62999725341797,32.7015380859375,18.861862182617188
2008-05-07,99.86827850341797,52.646141052246094,85.81999969482422,32.759803771972656,18.986337661743164
2008-05-08,99.61054992675781,53.118751525878906,87.23999786376953,33.292484283447266,18.986337661743164
2008-05-09,99.4244613647461,53.31471633911133,87.41999816894531,33.80852127075195,18.861862182617188
2008-05-12,100.54108428955078,53.23402404785156,86.98999786376953,33.234222412109375,18.836973190307617
2008-05-13,100.55545806884766,52.65190887451172,85.38999938964844,33.417335510253906,18.919954299926758
2008-05-14,100.76300811767578,52.6749267578125,85.19999694824219,32.87632369995117,18.944847106933594
2008-05-15,102.02281951904297,53.15330505371094,87.0,33.2508659362793,18.928247451782227
2008-05-16,102.11587524414062,52.93429946899414,89.0999984741211,33.733604431152344,18.745689392089844
2008-05-19,102.39501190185547,53.003482818603516,89.38999938964844,33.783546447753906,18.845266342163086
2008-05-20,101.56470489501953,53.280155181884766,90.9000015258789,34.2496452331543,18.654409408569336
2008-05-21,99.84680938720703,53.291690826416016,91.95999908447266,35.248416900634766,18.521635055541992
2008-05-22,99.86107635498047,52.663414001464844,90.9800033569336,34.7407112121582,18.637813568115234
2008-05-23,98.52254486083984,52.89397430419922,91.2300033569336,34.807289123535156,18.529937744140625
2008-05-27,99.25264739990234,52.53664016723633,89.36000061035156,34.2496452331543,18.637813568115234
2008-05-28,99.71080017089844,52.06976318359375,89.13999938964844,34.46604537963867,18.720794677734375
2008-05-29,100.21184539794922,51.69512176513672,86.51000213623047,33.52553176879883,18.870162963867188
2008-05-30,100.46237182617188,52.03515625,87.44999694824219,33.7502555847168,18.845266342163086
2008-06-02,99.4244613647461,52.23591232299805,87.95999908447266,34.19970703125,18.82037353515625
2008-06-03,98.84465789794922,52.61187744140625,86.87999725341797,33.392356872558594,18.919954299926758
2008-06-04,98.79460906982422,52.14338684082031,86.6500015258789,32.892974853515625,18.969743728637695
2008-06-05,100.77015686035156,51.8309440612793,86.44999694824219,34.141441345214844,18.878463745117188
2008-06-06,97.55622100830078,52.501983642578125,89.05999755859375,35.0153694152832,18.662708282470703
2008-06-09,97.79244995117188,52.501983642578125,87.98999786376953,35.37326431274414,18.82037353515625
2008-06-10,97.30572509765625,52.16069030761719,85.55000305175781,35.23176956176758,19.019533157348633
2008-06-11,95.87407684326172,52.039222717285156,87.0199966430664,36.53017807006836,18.89505958557129
2008-06-12,96.23917388916016,51.518619537353516,85.5999984741211,36.52185821533203,19.052724838256836
2008-06-13,97.45600891113281,51.40869903564453,85.83000183105469,36.28880310058594,19.077617645263672
2008-06-16,97.5132827758789,51.420249938964844,87.01000213623047,36.255516052246094,18.99463653564453
2008-06-17,97.04088592529297,51.52431106567383,87.25,36.621734619140625,18.953144073486328
2008-06-18,96.09599304199219,51.9582405090332,88.27999877929688,37.121124267578125,18.936548233032227
2008-06-19,96.21769714355469,51.651615142822266,88.41999816894531,36.255516052246094,18.953144073486328
2008-06-20,94.65591430664062,51.952449798583984,88.94999694824219,36.505210876464844,18.828672409057617
2008-06-23,94.56239318847656,52.06233596801758,87.08999633789062,36.76321792602539,18.936548233032227
2008-06-24,94.37537384033203,52.4094123840332,87.47000122070312,36.77155685424805,18.886760711669922
2008-06-25,94.82136535644531,52.432579040527344,87.41999816894531,36.63005828857422,18.795482635498047
2008-06-26,92.2459945678711,52.78541946411133,90.61000061035156,37.84523010253906,18.679306030273438
2008-06-27,91.74242401123047,53.40441131591797,91.47000122070312,37.94510269165039,18.621217727661133
2008-06-30,92.0661849975586,53.41594696044922,91.4000015258789,37.27093505859375,18.662708282470703
2008-07-01,92.35391998291016,53.2894401550293,92.66000366210938,37.928462982177734,18.64611053466797
2008-07-02,90.7712631225586,53.56806182861328,93.16999816894531,38.65257263183594,18.554834365844727
2008-07-03,90.86475372314453,53.45195007324219,92.05999755859375,38.635921478271484,18.73739242553711
2008-07-07,89.936767578125,53.695796966552734,91.2300033569336,38.111576080322266,18.720794677734375
2008-07-08,91.53379821777344,54.044090270996094,90.86000061035156,36.72993850708008,18.80377769470215
2008-07-09,89.77133178710938,54.28217697143555,91.5,36.70496368408203,18.671005249023438
2008-07-10,90.13819885253906,54.2763671875,93.52999877929688,37.703739166259766,18.654409408569336
2008-07-11,89.08789825439453,53.50423812866211,95.16000366210938,38.22808837890625,18.529937744140625
2008-07-14,88.28221130371094,53.97450256347656,95.91000366210938,38.24474334716797,18.49674415588379
2008-07-15,87.03767395019531,53.957027435302734,96.16999816894531,37.02956771850586,18.480144500732422
2008-07-16,89.17427062988281,52.981727600097656,94.44000244140625,36.46359634399414,18.571428298950195
2008-07-17,90.06629943847656,52.70881652832031,94.22000122070312,35.60630798339844,18.6046199798584
2008-07-18,90.62738037109375,52.51144027709961,94.16999816894531,34.99872589111328,18.6046199798584
2008-07-21,90.67774963378906,52.71465301513672,95.12000274658203,35.4232063293457,18.538236618041992
2008-07-22,91.70648193359375,52.45344924926758,93.05999755859375,34.64915466308594,18.671005249023438
2008-07-23,92.20283508300781,52.34891891479492,90.56999969482422,33.86677932739258,18.745689392089844
2008-07-24,90.28926849365234,52.85981369018555,91.33000183105469,33.891746520996094,18.729093551635742
2008-07-25,90.26773071289062,52.331520080566406,91.69000244140625,33.46726989746094,18.753990173339844
2008-07-28,88.94401550292969,52.85981369018555,91.7300033569336,33.63372802734375,18.712495803833008
2008-07-29,90.84320831298828,52.64503479003906,90.58999633789062,33.2508659362793,18.870162963867188
2008-07-30,92.46179962158203,52.697227478027344,89.5199966430664,33.90839767456055,18.853565216064453
2008-07-31,91.23883819580078,53.21977233886719,90.08000183105469,33.62540817260742,18.853565216064453
2008-08-01,90.75687408447266,53.33744812011719,89.56999969482422,33.2508659362793,18.91165542602539
2008-08-04,89.91519927978516,53.21510696411133,88.13999938964844,32.152217864990234,18.919954299926758
2008-08-05,92.33951568603516,52.81887435913086,86.08000183105469,31.927494049072266,19.06102180480957
2008-08-06,92.74955749511719,52.603275299072266,86.63999938964844,31.586244583129883,19.119112014770508
2008-08-07,91.36834716796875,53.459800720214844,86.08999633789062,31.761028289794922,19.218690872192383
2008-08-08,93.06609344482422,53.60551071166992,84.43000030517578,30.870454788208008,19.52572250366211
2008-08-11,94.030029296875,53.092735290527344,81.12999725341797,30.837167739868164,19.63360023498535
2008-08-12,93.05170440673828,53.58802795410156,80.5199966430664,30.570819854736328,19.59210968017578
2008-08-13,92.4906005859375,53.40155792236328,81.55999755859375,31.594568252563477,19.59210968017578
2008-08-14,93.18839263916016,53.745296478271484,79.3499984741211,31.319900512695312,19.708284378051758
2008-08-15,93.64157104492188,54.21147537231445,77.62999725341797,30.895423889160156,19.857650756835938
2008-08-18,92.36111450195312,54.427085876464844,78.80000305175781,31.070209503173828,19.799564361572266
2008-08-19,91.3539810180664,54.21725845336914,80.43000030517578,31.552953720092773,19.708284378051758
2008-08-20,91.7784194946289,54.3687858581543,80.05999755859375,31.802642822265625,19.766372680664062
2008-08-21,91.9366683959961,54.26971435546875,82.30000305175781,33.167633056640625,19.54231834411621
2008-08-22,93.26747131347656,54.234771728515625,81.08000183105469,32.04401397705078,19.741477966308594
2008-08-25,91.37555694580078,54.77662658691406,80.93000030517578,31.86090087890625,19.73318099975586
2008-08-26,91.6417007446289,54.823246002197266,81.2300033569336,31.877553939819336,19.849353790283203
2008-08-27,92.53376007080078,54.916481018066406,81.36000061035156,32.177188873291016,19.79126739501953
2008-08-28,93.65594482421875,54.92233657836914,82.18000030517578,31.54463005065918,19.857650756835938
2008-08-29,92.64886474609375,54.67761993408203,81.70999908447266,31.4281063079834,19.865951538085938
2008-09-02,92.0733413696289,55.186336517333984,79.19999694824219,30.612436294555664,20.056812286376953
2008-09-03,91.99422454833984,55.420249938964844,78.88999938964844,30.437650680541992,20.04020881652832
2008-09-04,89.224609375,55.86471939086914,78.38999938964844,30.004850387573242,20.197879791259766
2008-09-05,89.50516510009766,55.83545684814453,78.9800033569336,29.705217361450195,20.27256202697754
2008-09-08,91.3539810180664,56.06938552856445,78.86000061035156,29.638633728027344,20.38043975830078
2008-09-09,88.64189910888672,56.624942779541016,76.48999786376953,28.556625366210938,20.388736724853516
2008-09-10,89.0015640258789,56.27408981323242,74.22000122070312,28.59823989868164,20.52151107788086
2008-09-11,90.28926849365234,56.2448616027832,73.08000183105469,28.35687255859375,20.57959747314453
2008-09-12,90.70652770996094,55.51970672607422,75.55000305175781,28.548301696777344,20.189579010009766
2008-09-15,86.39025115966797,57.320838928222656,77.55999755859375,27.424686431884766,20.00701904296875
2008-09-16,87.836181640625,57.30912780761719,76.79000091552734,26.867034912109375,20.297456741333008
2008-09-17,83.88681030273438,57.59566879272461,85.45999908447266,27.67437744140625,19.857650756835938
2008-09-18,86.37589263916016,56.75357437133789,82.80000305175781,27.72431755065918,19.94063377380371
2008-09-19,89.80619812011719,54.95245361328125,85.9800033569336,28.639860153198242,19.78296661376953
2008-09-22,87.77302551269531,54.946571350097656,89.18000030517578,29.630308151245117,19.334861755371094
2008-09-23,85.77605438232422,54.7360725402832,88.31999969482422,29.339004516601562,19.459341049194336
2008-09-24,86.05095672607422,54.975791931152344,86.70999908447266,29.09762954711914,19.650197982788086
2008-09-25,87.39675903320312,54.86473846435547,86.44999694824219,29.60533905029297,19.617002487182617
2008-09-26,87.4402084350586,55.26236343383789,86.63999938964844,29.25577163696289,19.617002487182617
2008-09-29,80.58824920654297,56.87053680419922,89.56999969482422,27.44133186340332,19.766372680664062
2008-09-30,83.92377471923828,55.484580993652344,85.06999969482422,28.207054138183594,20.28086280822754
2008-10-01,83.97441101074219,56.182647705078125,85.97000122070312,27.549531936645508,20.36384391784668
2008-10-02,80.92830657958984,56.63429260253906,82.33000183105469,26.026397705078125,20.645984649658203
2008-10-03,79.8357925415039,57.132869720458984,82.58999633789062,25.418813705444336,20.563003540039062
2008-10-06,75.76944732666016,58.17112731933594,84.27999877929688,24.336807250976562,20.811946868896484
2008-10-07,72.37600708007812,57.99517059326172,87.2699966430664,24.636438369750977,20.662580490112305
2008-10-08,70.5527114868164,57.16221618652344,89.41999816894531,24.99433135986328,20.59619140625
2008-10-09,65.62533569335938,56.68122863769531,89.9000015258789,23.829092025756836,20.704071044921875
2008-10-10,64.0335922241211,56.28237533569336,83.22000122070312,22.772062301635742,20.73726463317871
2008-10-13,73.33108520507812,55.56087875366211,81.98999786376953,24.037174224853516,20.72066879272461
2008-10-14,72.24577331542969,55.20301055908203,82.19999694824219,23.596046447753906,20.712366104125977
2008-10-15,65.13335418701172,55.73094940185547,83.30999755859375,22.52236557006836,20.953018188476562
2008-10-16,67.84663391113281,55.44353485107422,79.29000091552734,22.097885131835938,21.060894012451172
2008-10-17,67.44145965576172,55.06226348876953,77.20999908447266,22.347579956054688,21.09408950805664
2008-10-20,71.4933090209961,55.50218963623047,78.5,22.797027587890625,21.260051727294922
2008-10-21,69.35885620117188,55.79549789428711,76.02999877929688,21.981361389160156,21.608577728271484
2008-10-22,65.58197021484375,56.92756652832031,71.70999908447266,20.940969467163086,21.865821838378906
2008-10-23,66.3416748046875,57.34991455078125,70.6500015258789,21.024202346801758,21.741352081298828
2008-10-24,62.97719955444336,56.73988342285156,72.20999908447266,20.183570861816406,22.305627822875977
2008-10-27,60.7414436340332,56.78093719482422,72.18000030517578,20.033750534057617,22.305627822875977
2008-10-28,67.83940124511719,55.95387649536133,73.79000091552734,20.58307647705078,22.048383712768555
2008-10-29,67.34739685058594,55.67228698730469,74.0,21.79825210571289,21.691558837890625
2008-10-30,69.67719268798828,55.16787338256836,72.70999908447266,20.899356842041016,21.66666603088379
2008-10-31,70.0606689453125,54.452186584472656,71.33999633789062,21.132404327392578,21.99029541015625
2008-11-03,70.26325225830078,54.59942626953125,71.0999984741211,20.899356842041016,22.098173141479492
2008-11-04,72.65097045898438,55.624183654785156,75.4800033569336,21.848190307617188,21.633472442626953
2008-11-05,69.59762573242188,56.28379440307617,72.80000305175781,21.2822208404541,21.708154678344727
2008-11-06,65.7411117553711,55.877384185791016,72.22000122070312,20.35003089904785,22.01519012451172
2008-11-07,67.91172790527344,55.51227951049805,72.5,20.375,21.96540069580078
2008-11-10,67.02177429199219,55.783199310302734,73.58000183105469,20.508169174194336,21.981998443603516
2008-11-11,64.95245361328125,55.9481086730957,72.05000305175781,20.11698341369629,22.32222557067871
2008-11-12,62.09446334838867,56.30733871459961,70.0,19.526042938232422,22.372013092041016
2008-11-13,65.9654541015625,54.95869064331055,72.1500015258789,19.892257690429688,22.01519012451172
2008-11-14,62.6733283996582,56.04820251464844,73.30000305175781,19.767412185668945,22.197750091552734
2008-11-17,61.84123611450195,56.295528411865234,72.6500015258789,19.317960739135742,22.181156158447266
2008-11-18,63.00614929199219,57.01991653442383,72.51000213623047,19.026655197143555,22.247541427612305
2008-11-19,58.9687614440918,58.480464935302734,72.26000213623047,18.810253143310547,22.32222557067871
2008-11-20,54.5913200378418,61.501686096191406,73.44999694824219,17.85309600830078,22.47159194946289
2008-11-21,57.53614807128906,60.61238098144531,78.8499984741211,18.161048889160156,22.36371612548828
2008-11-24,61.52289581298828,59.66425323486328,80.91000366210938,19.409515380859375,21.8160343170166
2008-11-25,61.978702545166016,61.41923522949219,80.87000274658203,18.76031494140625,21.55879020690918
2008-11-26,64.37362670898438,61.501686096191406,80.37999725341797,19.359577178955078,21.7994384765625
2008-11-28,65.1839828491211,62.26136016845703,80.30999755859375,18.518943786621094,22.031784057617188
2008-12-01,59.41014099121094,64.64569091796875,75.6500015258789,17.94464683532715,22.156259536743164
2008-12-02,61.69651794433594,64.89389038085938,76.94999694824219,17.952970504760742,22.031784057617188
2008-12-03,63.179744720458984,65.07707977294922,76.18000030517578,17.744895935058594,22.06498146057129
2008-12-04,61.718238830566406,66.35934448242188,75.5,16.81270408630371,22.006893157958984
2008-12-05,63.62113571166992,65.28392028808594,74.5199966430664,16.39655113220215,22.098173141479492
2008-12-08,65.84245300292969,65.14207458496094,76.19999694824219,17.15395164489746,21.724754333496094
2008-12-09,64.75709533691406,66.43028259277344,76.33000183105469,16.7794132232666,21.782840728759766
2008-12-10,65.198486328125,66.2707290649414,79.75,17.287120819091797,21.658369064331055
2008-12-11,63.62839126586914,66.40072631835938,80.6500015258789,17.83644676208496,21.17706871032715
2008-12-12,64.38810729980469,66.40072631835938,80.80999755859375,18.22763442993164,21.127281188964844
2008-12-15,63.49093246459961,67.1571044921875,82.5999984741211,17.711915969848633,20.759702682495117
2008-12-16,66.4791488647461,68.81755828857422,84.45999908447266,17.96554946899414,20.258464813232422
2008-12-17,65.83516693115234,70.68487548828125,85.43000030517578,17.72037124633789,20.016197204589844
2008-12-18,64.60517883300781,72.16799926757812,83.87000274658203,17.449831008911133,20.358713150024414
2008-12-19,64.3272705078125,72.24484252929688,82.62999725341797,17.331470489501953,20.66781234741211
2008-12-22,63.503028869628906,71.68938446044922,83.45999908447266,16.84111785888672,20.659456253051758
2008-12-23,62.84653854370117,71.5948715209961,82.62999725341797,16.90875244140625,20.64274787902832
2008-12-24,63.21124267578125,71.44123077392578,83.45999908447266,16.64666748046875,20.634395599365234
2008-12-26,63.57598876953125,71.6775894165039,85.5999984741211,16.90875244140625,20.525793075561523
2008-12-29,63.39362335205078,71.59158325195312,86.3499984741211,17.094749450683594,20.626039505004883
2008-12-30,64.89620971679688,72.27339172363281,85.9000015258789,17.196199417114258,20.534147262573242
2008-12-31,65.82258605957031,70.76150512695312,86.5199966430664,17.914823532104492,20.626039505004883
2009-01-02,67.80657196044922,68.98291015625,86.2300033569336,18.540447235107422,20.81818199157715
2009-01-05,67.7263412475586,67.20423126220703,84.4800033569336,18.734895706176758,21.04374122619629
2009-01-06,68.17857360839844,66.52831268310547,85.12999725341797,19.225250244140625,21.01032257080078
2009-01-07,66.13623809814453,66.7891616821289,82.75,18.244543075561523,20.87666130065918
2009-01-08,66.40611267089844,66.73585510253906,84.45999908447266,18.312175750732422,20.66781234741211
2009-01-09,64.98372650146484,66.83660125732422,83.91999816894531,18.100818634033203,20.985261917114258
2009-01-12,63.422767639160156,67.53028869628906,80.76000213623047,17.280746459960938,21.085508346557617
2009-01-13,63.53947067260742,67.6014175415039,80.87999725341797,17.568193435668945,21.327777862548828
2009-01-14,61.5409049987793,68.71612548828125,79.79000091552734,17.323017120361328,21.41131591796875
2009-01-15,61.56276321411133,68.82868957519531,80.38999938964844,17.306106567382812,21.402963638305664
2009-01-16,62.0441780090332,67.76744842529297,82.70999908447266,17.38219451904297,21.219175338745117
2009-01-20,58.76911163330078,67.75558471679688,84.5199966430664,16.84111785888672,21.829015731811523
2009-01-21,61.3074951171875,65.61527252197266,84.1500015258789,16.90875244140625,21.636873245239258
2009-01-22,60.35922622680664,64.35232543945312,84.58000183105469,16.688940048217773,21.620166778564453
2009-01-23,60.621822357177734,63.848453521728516,88.52999877929688,17.466739654541016,21.611814498901367
2009-01-26,61.03761291503906,63.291053771972656,88.94999694824219,17.500560760498047,21.327777862548828
2009-01-27,61.6575813293457,64.77928924560547,88.37999725341797,17.02711296081543,21.302715301513672
2009-01-28,63.74372863769531,63.16068649291992,87.41999816894531,17.43292236328125,21.37790298461914
2009-01-29,61.67218780517578,61.70808792114258,89.5,17.22156524658203,21.544981002807617
2009-01-30,60.41759490966797,61.51243209838867,91.30999755859375,17.120113372802734,21.678647994995117
2009-02-02,60.235233306884766,62.65692901611328,88.83999633789062,16.79039192199707,21.661935806274414
2009-02-03,61.081356048583984,61.164649963378906,88.47000122070312,16.59593963623047,21.394609451293945
2009-02-04,60.782310485839844,60.95063018798828,89.18000030517578,16.688940048217773,21.595102310180664
2009-02-05,61.68675994873047,61.004154205322266,90.12000274658203,17.060930252075195,21.661935806274414
2009-02-06,63.44467544555664,60.813846588134766,89.58999633789062,17.187746047973633,21.4781494140625
2009-02-09,63.53219985961914,61.01008224487305,88.31999969482422,17.094749450683594,21.336130142211914
2009-02-10,60.621822357177734,62.335853576660156,90.20999908447266,16.87493324279785,21.58675193786621
2009-02-11,60.979244232177734,63.144378662109375,92.29000091552734,16.773481369018555,21.620166778564453
2009-02-12,61.02299880981445,62.549896240234375,93.16999816894531,16.798845291137695,21.703706741333008
2009-02-13,60.366546630859375,60.88520431518555,92.55000305175781,16.494487762451172,21.636873245239258
2009-02-17,57.78440475463867,62.78174591064453,95.44999694824219,15.572957992553711,22.062929153442383
2009-02-18,57.645809173583984,62.24669647216797,96.91000366210938,15.479961395263672,22.163177490234375
2009-02-19,57.02579879760742,61.18842315673828,95.7699966430664,15.860410690307617,22.03786849975586
2009-02-20,56.471466064453125,61.7829704284668,97.80000305175781,15.682867050170898,21.728769302368164
2009-02-23,54.45096969604492,62.35367202758789,97.7300033569336,15.530691146850586,21.92926597595215
2009-02-24,56.51520538330078,62.28830337524414,94.7300033569336,15.826591491699219,21.81231117248535
2009-02-25,56.070281982421875,61.56892776489258,93.1500015258789,16.012590408325195,22.07963752746582
2009-02-26,55.158504486083984,60.92091751098633,93.05999755859375,16.35076332092285,22.062929153442383
2009-02-27,53.925785064697266,60.570125579833984,92.62999725341797,16.156312942504883,22.12140464782715
2009-03-02,51.496822357177734,61.5728759765625,90.93000030517578,15.34469223022461,22.34696388244629
2009-03-03,51.11023712158203,61.16151428222656,90.04000091552734,15.446146011352539,22.338611602783203
2009-03-04,52.32106018066406,60.881370544433594,88.98999786376953,15.987225532531738,22.213302612304688
2009-03-05,50.183868408203125,62.57451629638672,91.98999786376953,15.85195541381836,22.330259323120117
2009-03-06,50.271400451660156,62.15706253051758,92.29000091552734,16.232402801513672,22.221656799316406
2009-03-09,49.680580139160156,61.793453216552734,90.56999969482422,16.139404296875,22.34696388244629
2009-03-10,52.642005920410156,60.607112884521484,88.13999938964844,16.097131729125977,22.221656799316406
2009-03-11,52.98484420776367,61.262882232666016,89.22000122070312,15.58987045288086,21.979389190673828
2009-03-12,55.07096862792969,61.55500411987305,91.0999984741211,16.316946029663086,21.87078857421875
2009-03-13,55.50132369995117,61.2449951171875,91.30000305175781,16.1732177734375,21.89584732055664
2009-03-16,55.333560943603516,60.279239654541016,90.80000305175781,16.528303146362305,21.829015731811523
2009-03-17,57.02579879760742,59.951332092285156,90.04000091552734,16.883386611938477,21.79560089111328
2009-03-18,58.30229568481445,62.22272872924805,93.08999633789062,17.094749450683594,21.0938663482666
2009-03-19,57.58015441894531,62.30022430419922,94.3499984741211,17.449831008911133,20.843244552612305
2009-03-20,56.354042053222656,61.95445251464844,93.58999633789062,17.686553955078125,21.018678665161133
2009-03-23,60.40192413330078,61.41788864135742,92.08000183105469,18.058547973632812,20.91007423400879
2009-03-24,59.21176528930664,62.002140045166016,90.94999694824219,17.76264190673828,21.14398765563965
2009-03-25,59.836204528808594,61.16744613647461,91.9800033569336,17.492103576660156,20.976909637451172
2009-03-26,61.05572509765625,61.8769416809082,91.93000030517578,17.79646110534668,21.110572814941406
2009-03-27,59.95377731323242,62.33599853515625,90.69000244140625,17.466739654541016,21.36119270324707
2009-03-30,57.88208770751953,62.57451629638672,89.9800033569336,16.832660675048828,21.494857788085938
2009-03-31,58.418365478515625,63.02157211303711,90.27999877929688,16.90875244140625,21.4196720123291
2009-04-01,59.54969787597656,63.59672546386719,91.02999877929688,16.86648178100586,21.436376571655273
2009-04-02,61.29081344604492,62.81949996948242,88.80000305175781,17.517467498779297,21.15234375
2009-04-03,61.900550842285156,61.53404998779297,87.58999633789062,17.788007736206055,21.085508346557617
2009-04-06,61.415706634521484,61.27098846435547,85.2699966430664,17.568193435668945,21.185758590698242
2009-04-07,59.9831428527832,61.42641830444336,86.73999786376953,17.255382537841797,21.344484329223633
2009-04-08,60.629615783691406,61.97049331665039,86.61000061035156,17.38219451904297,21.352840423583984
2009-04-09,63.039241790771484,61.19324493408203,86.30999755859375,17.635828018188477,21.436376571655273
2009-04-13,63.05393981933594,61.7552490234375,87.87999725341797,17.711915969848633,21.15234375
2009-04-14,61.9666748046875,62.078182220458984,87.37000274658203,17.39065170288086,21.20246696472168
2009-04-15,62.627838134765625,61.97049331665039,87.5,17.280746459960938,21.235881805419922
2009-04-16,63.546146392822266,61.480281829833984,85.80999755859375,17.20465660095215,21.311067581176758
2009-04-17,63.97223663330078,60.80467987060547,85.22000122070312,17.077838897705078,21.52827262878418
2009-04-20,61.29081344604492,61.725364685058594,86.94999694824219,16.435306549072266,21.695350646972656
2009-04-21,62.4882698059082,61.115535736083984,86.88999938964844,16.494487762451172,21.645231246948242
2009-04-22,62.106266021728516,60.74485778808594,87.37999725341797,16.519853591918945,21.58675193786621
2009-04-23,62.71599578857422,60.73889923095703,88.80000305175781,16.739665985107422,21.344484329223633
2009-04-24,63.66368103027344,60.12897872924805,89.72000122070312,16.993295669555664,21.17740249633789
2009-04-27,63.06129837036133,60.38609313964844,89.01000213623047,16.570579528808594,21.428024291992188
2009-04-28,62.862911224365234,59.39959716796875,87.75,16.452213287353516,21.294361114501953
2009-04-29,64.1999740600586,58.87349319458008,88.33000183105469,16.832660675048828,21.14398765563965
2009-04-30,64.22203063964844,58.64031982421875,87.2699966430664,16.891841888427734,21.169052124023438
2009-05-01,64.56729888916016,58.2366943359375,86.94999694824219,17.399106979370117,21.118928909301758
2009-05-04,66.76386260986328,58.42859649658203,88.63999938964844,17.737281799316406,20.926782608032227
2009-05-05,66.53609466552734,58.35662078857422,88.25,17.48365020751953,20.993616104125977
2009-05-06,67.68949890136719,58.21868896484375,89.54000091552734,17.948640823364258,20.951847076416016
2009-05-07,66.74915313720703,56.797428131103516,89.44000244140625,17.982458114624023,20.951847076416016
2009-05-08,68.30659484863281,56.93537902832031,89.9800033569336,18.430538177490234,20.575916290283203
2009-05-11,67.0283432006836,57.744930267333984,89.69000244140625,18.278362274169922,20.684518814086914
2009-05-12,66.82997131347656,57.954864501953125,90.69999694824219,18.46435546875,20.575916290283203
2009-05-13,65.14765930175781,58.58452224731445,91.08999633789062,18.253000259399414,20.651100158691406
2009-05-14,65.70596313476562,58.81241226196289,91.02999877929688,18.37135887145996,20.58426856994629
2009-05-15,65.16970825195312,58.79444885253906,91.55000305175781,17.906368255615234,20.726287841796875
2009-05-18,67.02099609375,57.88289260864258,90.36000061035156,18.379812240600586,20.617687225341797
2009-05-19,66.94019317626953,57.57703399658203,90.95999908447266,18.379812240600586,20.509084701538086
2009-05-20,66.4920425415039,58.18275833129883,92.25,18.67572021484375,20.258464813232422
2009-05-21,65.53701782226562,56.719486236572266,93.8499984741211,18.523540496826172,20.124799728393555
2009-05-22,65.39742279052734,56.08977508544922,94.1500015258789,18.794076919555664,19.982784271240234
2009-05-26,67.07240295410156,55.24420166015625,93.76000213623047,18.836349487304688,20.024551391601562
2009-05-27,65.87495422363281,54.26667404174805,93.44999694824219,18.92089080810547,20.09138298034668
2009-05-28,66.79325866699219,55.05230712890625,94.23999786376953,19.26752281188965,20.108091354370117
2009-05-29,67.97604370117188,56.47359085083008,96.19999694824219,19.639514923095703,19.824054718017578
2009-06-01,69.62157440185547,54.80399703979492,95.7300033569336,20.180593490600586,19.77393341064453
2009-06-02,69.68036651611328,55.098819732666016,96.36000061035156,20.265138626098633,19.590147018432617
2009-06-03,68.7988052368164,55.616249084472656,94.41000366210938,19.588788986206055,19.88253402709961
2009-06-04,69.44529724121094,54.46712875366211,96.2300033569336,20.30741310119629,19.84076499938965
2009-06-05,69.45997619628906,54.05198287963867,93.70999908447266,20.1975040435791,20.183279037475586
2009-06-08,69.17344665527344,53.91358947753906,93.55999755859375,20.14677619934082,20.191631317138672
2009-06-09,69.5261001586914,53.90755081176758,93.83000183105469,20.341228485107422,19.932661056518555
2009-06-10,69.34976196289062,53.05924606323242,93.86000061035156,20.265138626098633,20.04961395263672
2009-06-11,69.65830993652344,53.64887237548828,93.69999694824219,20.451135635375977,19.849119186401367
2009-06-12,69.84932708740234,54.13018798828125,92.16999816894531,20.16368865966797,20.041259765625
2009-06-15,68.2478256225586,54.617515563964844,91.0999984741211,19.774784088134766,20.408838272094727
2009-06-16,67.32219696044922,55.56810760498047,91.93000030517578,19.698694229125977,20.141510009765625
2009-06-17,67.2560806274414,55.2552604675293,92.3499984741211,19.75787925720215,20.024551391601562
2009-06-18,67.74832916259766,54.41899490356445,91.61000061035156,19.783241271972656,20.11644744873047
2009-06-19,67.99801635742188,55.165000915527344,91.9000015258789,19.614154815673828,20.024551391601562
2009-06-22,65.95894622802734,55.700443267822266,90.54000091552734,18.9547119140625,20.158214569091797
2009-06-23,66.0106201171875,56.35628128051758,90.91999816894531,19.28443145751953,19.924304962158203
2009-06-24,66.57951354980469,55.79072570800781,91.44999694824219,19.275978088378906,20.041259765625
2009-06-25,68.02754211425781,56.81352233886719,92.30999755859375,19.445064544677734,20.024551391601562
2009-06-26,67.85020446777344,56.90977478027344,92.29000091552734,19.28443145751953,19.907596588134766
2009-06-29,68.48558044433594,56.993995666503906,92.04000091552734,19.470428466796875,19.890888214111328
2009-06-30,67.93147277832031,56.89773178100586,91.18000030517578,19.12380027770996,19.966073989868164
2009-07-01,68.21224212646484,56.784912109375,92.38999938964844,19.047710418701172,19.865825653076172
2009-07-02,66.35050964355469,56.917659759521484,91.25,18.62499237060547,19.974428176879883
2009-07-06,66.34310913085938,56.809051513671875,90.76000213623047,18.067001342773438,20.007843017578125
2009-07-07,65.0575942993164,57.18928146362305,90.70999908447266,17.77955436706543,20.09138298034668
2009-07-08,65.01325988769531,58.24552536010742,89.2699966430664,17.559738159179688,20.06632423400879
2009-07-09,65.13887786865234,57.55143356323242,89.51000213623047,17.669645309448242,19.899242401123047
2009-07-10,64.98373413085938,58.08259963989258,89.58000183105469,17.53437614440918,19.949365615844727
2009-07-13,66.5647201538086,57.75668716430664,90.19000244140625,17.62737464904785,19.91594886779785
2009-07-14,66.9415283203125,56.796966552734375,90.80999755859375,17.62737464904785,19.932661056518555
2009-07-15,68.8993148803711,55.33629608154297,92.23999786376953,18.092363357543945,19.740514755249023
2009-07-16,68.7884750366211,55.9338264465332,91.9800033569336,18.1346378326416,19.72381019592285
2009-07-17,69.54206085205078,55.070701599121094,91.93000030517578,18.40517807006836,19.76557731628418
2009-07-20,70.28085327148438,55.36039733886719,93.27999877929688,18.709535598754883,19.631912231445312
2009-07-21,70.60592651367188,56.46501159667969,93.12999725341797,18.64189910888672,19.64026641845703
2009-07-22,70.59113311767578,55.95799255371094,93.44000244140625,18.743350982666016,19.606853485107422
2009-07-23,72.14997863769531,54.93192672729492,93.26000213623047,19.132251739501953,19.606853485107422
2009-07-24,72.44548034667969,55.197479248046875,93.41000366210938,19.14916229248047,19.581789016723633
2009-07-27,72.65975189208984,54.563758850097656,93.70999908447266,19.225250244140625,19.565080642700195
2009-07-28,72.31991577148438,55.046566009521484,92.11000061035156,19.013891220092773,19.623559951782227
2009-07-29,72.14258575439453,55.34837341308594,91.19999694824219,18.523540496826172,19.76557731628418
2009-07-30,72.89614868164062,56.133018493652344,91.62000274658203,19.098434448242188,19.740514755249023
2009-07-31,72.99955749511719,57.225494384765625,93.3499984741211,19.478879928588867,19.481538772583008
2009-08-03,74.20378875732422,56.3582878112793,93.87000274658203,20.028417587280273,19.322813034057617
2009-08-04,74.3958740234375,55.9101448059082,94.68000030517578,20.0368709564209,19.322813034057617
2009-08-05,74.18161010742188,55.074363708496094,94.77999877929688,20.248231887817383,19.297754287719727
2009-08-06,73.79743957519531,55.262088775634766,94.5999984741211,19.783241271972656,19.389644622802734
2009-08-07,74.76525115966797,54.80184555053711,93.75,19.690244674682617,19.615205764770508
2009-08-10,74.6101303100586,55.48617935180664,92.93000030517578,19.681787490844727,19.682039260864258
2009-08-11,73.67925262451172,56.12810516357422,92.79000091552734,19.385883331298828,19.698745727539062
2009-08-12,74.46979522705078,55.528594970703125,92.94999694824219,19.487337112426758,19.606853485107422
2009-08-13,75.03864288330078,56.31583023071289,93.72000122070312,19.749422073364258,19.51495933532715
2009-08-14,74.46236419677734,56.53388977050781,93.0,19.191434860229492,19.590147018432617
2009-08-17,72.63020324707031,57.369598388671875,91.61000061035156,18.90398597717285,19.70709991455078
2009-08-18,73.20643615722656,57.036521911621094,92.05999755859375,19.275978088378906,19.6569766998291
2009-08-19,73.84922790527344,57.508934020996094,92.52999877929688,19.41124725341797,19.531665802001953
2009-08-20,74.6101303100586,57.98129653930664,92.2699966430664,19.250612258911133,19.473188400268555
2009-08-21,76.07294464111328,56.78824996948242,93.6500015258789,19.394338607788086,19.406354904174805
2009-08-24,76.0655288696289,57.81780242919922,92.33999633789062,19.42815589904785,19.44812774658203
2009-08-25,76.21331787109375,58.144805908203125,92.76000213623047,19.14916229248047,19.44812774658203
2009-08-26,76.22068786621094,58.411285400390625,92.79000091552734,19.098434448242188,19.523313522338867
2009-08-27,76.39059448242188,58.1811637878418,93.19000244140625,19.259069442749023,19.41470718383789
2009-08-28,76.3758316040039,58.44761657714844,93.87000274658203,19.216794967651367,19.44812774658203
2009-08-31,75.6961669921875,58.50212860107422,93.4000015258789,18.692625045776367,19.431419372558594
2009-09-01,74.02651977539062,58.36056900024414,93.9000015258789,18.40517807006836,19.556726455688477
2009-09-02,73.74574279785156,59.21112823486328,96.19000244140625,18.447446823120117,19.481538772583008
2009-09-03,74.35893249511719,58.846595764160156,97.45999908447266,18.354450225830078,19.498249053955078
2009-09-04,75.40062713623047,57.84415817260742,97.52999877929688,18.278362274169922,19.423063278198242
2009-09-08,76.05078125,57.43711853027344,97.43000030517578,18.616535186767578,19.20585823059082
2009-09-09,76.63441467285156,57.37029266357422,97.08000183105469,18.692625045776367,19.139026641845703
2009-09-10,77.41752624511719,58.427398681640625,97.69999694824219,18.794076919555664,19.09725570678711
2009-09-11,77.40274047851562,58.74942398071289,98.77999877929688,18.54890251159668,19.05548667907715
2009-09-14,77.77952575683594,58.166160583496094,97.95999908447266,18.447446823120117,19.038780212402344
2009-09-15,78.10459899902344,57.868446350097656,98.9000015258789,18.878620147705078,18.971946716308594
2009-09-16,79.28666687011719,57.97177505493164,99.91000366210938,19.12380027770996,18.913471221923828
2009-09-17,79.16844177246094,58.70082092285156,99.33999633789062,19.132251739501953,18.94688606262207
2009-09-18,79.21891021728516,58.17831039428711,98.66999816894531,18.963165283203125,19.013721466064453
2009-09-21,79.01851654052734,58.311946868896484,98.36000061035156,18.54890251159668,19.080551147460938
2009-09-22,79.47875213623047,58.43346405029297,99.66999816894531,18.853260040283203,18.880054473876953
2009-09-23,78.81806945800781,58.60963821411133,98.83000183105469,18.430538177490234,18.963592529296875
2009-09-24,77.94959259033203,58.779762268066406,97.55000305175781,18.193815231323242,19.10561180114746
2009-09-25,77.53390502929688,59.527076721191406,97.0,18.050092697143555,19.05548667907715
2009-09-28,78.92198181152344,60.049591064453125,97.05000305175781,18.210725784301758,19.11396598815918
2009-09-29,78.6844711303711,59.994876861572266,97.43000030517578,18.143089294433594,19.147382736206055
2009-09-30,78.38013458251953,59.9401741027832,98.8499984741211,18.650352478027344,19.038780212402344
2009-10-01,76.43526458740234,60.76112365722656,97.88999938964844,18.531991958618164,19.172443389892578
2009-10-02,76.07897186279297,60.34061050415039,98.37000274658203,18.34599494934082,19.130672454833984
2009-10-05,77.21472930908203,60.34669494628906,99.81999969482422,18.937803268432617,19.022069931030273
2009-10-06,78.32069396972656,59.74943161010742,102.27999877929688,18.709535598754883,18.938533782958984
2009-10-07,78.53597259521484,60.4503059387207,102.36000061035156,18.743350982666016,18.955238342285156
2009-10-08,79.13728332519531,59.816490173339844,103.63999938964844,19.11534309387207,18.82992935180664
2009-10-09,79.6197509765625,58.445255279541016,102.83999633789062,19.191434860229492,18.980300903320312
2009-10-12,79.93155670166016,58.536659240722656,103.55999755859375,19.580333709716797,18.896760940551758
2009-10-13,79.76825714111328,58.841331481933594,104.26000213623047,19.80014991760254,18.854991912841797
2009-10-14,81.14151000976562,57.96988296508789,104.18000030517578,19.952327728271484,18.712974548339844
2009-10-15,81.43842315673828,57.701725006103516,102.86000061035156,20.155231475830078,18.72132682800293
2009-10-16,80.82974243164062,58.17094421386719,103.18000030517578,20.205957412719727,18.771451950073242
2009-10-19,81.49779510498047,58.628074645996094,104.2300033569336,20.493408203125,18.679555892944336
2009-10-20,81.06725311279297,58.94498062133789,103.41999816894531,20.366588592529297,18.763097763061523
2009-10-21,80.33981323242188,58.59144592285156,103.75,20.797765731811523,18.64613914489746
2009-10-22,81.15633392333984,58.305049896240234,103.91999816894531,20.96685218811035,18.637786865234375
2009-10-23,80.22846221923828,57.86630630493164,103.48999786376953,20.89076042175293,18.738033294677734
2009-10-26,79.35997772216797,57.11664962768555,101.86000061035156,20.510316848754883,18.863346099853516
2009-10-27,78.99624633789062,57.89678192138672,101.8499984741211,20.366588592529297,18.913471221923828
2009-10-28,77.50421142578125,58.17094421386719,100.7300033569336,19.84242057800293,18.98865509033203
2009-10-29,79.16697692871094,57.537200927734375,102.69000244140625,20.4595890045166,18.854991912841797
2009-10-30,76.87323760986328,58.372074127197266,102.52999877929688,19.94387435913086,18.963592529296875
2009-11-02,77.43738555908203,58.114105224609375,103.94999694824219,20.290502548217773,18.896760940551758
2009-11-03,77.68235778808594,57.53323745727539,106.45999908447266,20.577953338623047,18.94688606262207
2009-11-04,77.88279724121094,57.007450103759766,107.0999984741211,20.56104278564453,18.804866790771484
2009-11-05,79.3154525756836,57.007450103759766,106.9800033569336,20.451135635375977,19.164091110229492
2009-11-06,79.52323913574219,57.06249237060547,107.43000030517578,20.08759880065918,19.072195053100586
2009-11-09,81.33447265625,57.129703521728516,108.19000244140625,20.41731834411621,18.82992935180664
2009-11-10,81.3493423461914,57.0257682800293,108.38999938964844,20.315866470336914,18.746389389038086
2009-11-11,81.7650146484375,57.26424789428711,109.5999984741211,20.451135635375977,18.779804229736328
2009-11-12,80.93363189697266,57.160316467285156,108.20999908447266,20.14677619934082,19.04713249206543
2009-11-13,81.37162780761719,57.42317581176758,109.73999786376953,20.12986946105957,18.64613914489746
2009-11-16,82.5518798828125,58.09575271606445,111.62999725341797,20.71322250366211,18.562599182128906
2009-11-17,82.64840698242188,58.40755844116211,111.97000122070312,20.81467628479004,18.679555892944336
2009-11-18,82.59638214111328,58.065185546875,112.25,20.831581115722656,18.61272621154785
2009-11-19,81.52008056640625,58.169132232666016,112.30000305175781,20.535680770874023,18.67120361328125
2009-11-20,81.23062896728516,58.15690231323242,112.94000244140625,20.510316848754883,18.746389389038086
2009-11-23,82.26238250732422,58.08355712890625,114.29000091552734,20.603313446044922,18.6043701171875
2009-11-24,82.38856506347656,58.450340270996094,114.7300033569336,20.366588592529297,18.62108039855957
2009-11-25,82.67807006835938,58.71940231323242,116.62000274658203,20.856945037841797,18.40387725830078
2009-11-27,81.33447265625,58.93948745727539,115.05999755859375,20.620222091674805,18.596017837524414
2009-11-30,81.60916137695312,59.08015060424805,115.63999938964844,20.848491668701172,18.520832061767578
2009-12-01,82.61869049072266,58.42196273803711,117.37999725341797,21.000669479370117,18.43729019165039
2009-12-02,82.58157348632812,58.471046447753906,119.18000030517578,20.856945037841797,18.49576759338379
2009-12-03,81.93575286865234,57.86383819580078,118.69999694824219,20.840036392211914,18.50412368774414
2009-12-04,82.4034423828125,57.250457763671875,113.75,20.670949935913086,18.779804229736328
2009-12-07,82.27723693847656,57.324058532714844,113.11000061035156,20.48495101928711,18.779804229736328
2009-12-08,81.36420440673828,57.409934997558594,110.94999694824219,20.282047271728516,18.8716983795166
2009-12-09,81.66851806640625,57.146156311035156,110.83999633789062,20.028417587280273,18.796510696411133
2009-12-10,82.1287612915039,56.48992919921875,110.81999969482422,19.918508529663086,18.796510696411133
2009-12-11,82.4776611328125,56.48379135131836,109.31999969482422,20.019962310791016,18.94688606262207
2009-12-14,83.04180145263672,56.55123519897461,110.23999786376953,20.12986946105957,18.905113220214844
2009-12-15,82.65579986572266,56.29982376098633,110.20999908447266,20.0368709564209,19.038780212402344
2009-12-16,82.7820053100586,56.23232650756836,111.58999633789062,20.383499145507812,19.022069931030273
2009-12-17,81.78730010986328,57.158477783203125,107.33999633789062,20.070688247680664,19.22256851196289
2009-12-18,82.24999237060547,56.91313552856445,108.94999694824219,20.155231475830078,19.22256851196289
2009-12-21,83.08586120605469,55.90108108520508,106.94999694824219,19.960783004760742,19.28104591369629
2009-12-22,83.38439178466797,55.58830261230469,106.16999816894531,20.10450553894043,19.347877502441406
2009-12-23,83.54857635498047,55.600582122802734,106.55000305175781,20.4595890045166,19.239274978637695
2009-12-24,83.94412994384766,55.02400207519531,108.36000061035156,20.577953338623047,19.239274978637695
2009-12-28,84.12324523925781,54.87069320678711,108.55000305175781,20.941490173339844,19.189151763916016
2009-12-29,84.00382232666016,55.23258590698242,107.47000122070312,20.899215698242188,19.24763298034668
2009-12-30,83.97396087646484,55.59574890136719,106.93000030517578,20.873855590820312,19.24763298034668
2009-12-31,83.1679916381836,55.33110809326172,107.30999755859375,20.81467628479004,19.28104591369629
2010-01-04,84.5784683227539,55.28184127807617,109.80000305175781,21.33884620666504,19.147382736206055
2010-01-05,84.8023452758789,55.63884735107422,109.69999694824219,21.364208221435547,19.139026641845703
2010-01-06,84.86206817626953,54.8940544128418,111.51000213623047,21.74465560913086,19.088905334472656
2010-01-07,85.22030639648438,54.98635482788086,110.81999969482422,21.4741153717041,19.214214324951172
2010-01-08,85.50390625,54.961753845214844,111.37000274658203,21.457204818725586,19.080551147460938
2010-01-11,85.623291015625,54.660125732421875,112.8499984741211,21.389570236206055,18.980300903320312
2010-01-12,84.82475280761719,55.59574890136719,110.48999786376953,20.933032989501953,18.980300903320312
2010-01-13,85.54122924804688,54.94943618774414,111.54000091552734,20.94994354248047,18.963592529296875
2010-01-14,85.7725601196289,55.71889114379883,112.02999877929688,20.840036392211914,18.913471221923828
2010-01-15,84.80986022949219,56.063602447509766,110.86000061035156,20.603313446044922,19.022069931030273
2010-01-19,85.86957550048828,55.90353775024414,111.5199966430664,20.73858642578125,19.080551147460938
2010-01-20,84.99640655517578,56.469844818115234,108.94000244140625,20.349681854248047,19.314462661743164
2010-01-21,83.36199951171875,56.728370666503906,107.37000274658203,20.096052169799805,19.314462661743164
2010-01-22,81.50370788574219,56.6298713684082,107.16999816894531,19.884693145751953,19.28104591369629
2010-01-25,81.92168426513672,56.371376037597656,107.4800033569336,19.977691650390625,19.2559814453125
2010-01-26,81.5783462524414,56.389854431152344,107.55999755859375,19.75787925720215,19.339523315429688
2010-01-27,81.96643829345703,56.35906219482422,106.52999877929688,19.470428466796875,19.406354904174805
2010-01-28,81.02606964111328,56.32829284667969,106.4800033569336,19.402793884277344,19.43977165222168
2010-01-29,80.14545440673828,56.82069396972656,105.95999908447266,19.182981491088867,19.590147018432617
2010-02-01,81.39173889160156,56.304908752441406,108.3499984741211,19.64797019958496,19.50660514831543
2010-02-02,82.37687683105469,56.46550750732422,109.12999725341797,20.070688247680664,19.43977165222168
2010-02-03,81.96643829345703,55.81076431274414,108.69999694824219,19.825511932373047,19.548372268676758
2010-02-04,79.43647766113281,56.694034576416016,104.37000274658203,19.16607093811035,19.67368507385254
2010-02-05,79.60063171386719,56.8176383972168,104.68000030517578,18.92089080810547,19.757225036621094
2010-02-08,79.02598571777344,56.891746520996094,104.04000091552734,18.92934799194336,19.748868942260742
2010-02-09,80.0185775756836,56.32341766357422,105.41000366210938,19.26752281188965,19.623559951782227
2010-02-10,79.86183166503906,55.786033630371094,105.12000274658203,19.343612670898438,19.682039260864258
2010-02-11,80.69769287109375,55.48333740234375,107.12999725341797,19.57187843322754,19.67368507385254
2010-02-12,80.63054656982422,55.711883544921875,107.04000091552734,19.461973190307617,19.740514755249023
2010-02-16,81.89924621582031,55.81692886352539,109.62000274658203,20.05377960205078,19.573434829711914
2010-02-17,82.28734588623047,55.180625915527344,109.25,19.952327728271484,19.757225036621094
2010-02-18,82.7724380493164,54.958282470703125,109.9800033569336,20.12986946105957,19.757225036621094
2010-02-19,82.944091796875,55.25475311279297,109.47000122070312,20.248231887817383,19.81570053100586
2010-02-22,82.95899200439453,55.02619171142578,109.06999969482422,20.138324737548828,19.782283782958984
2010-02-23,81.95148468017578,55.88488006591797,107.88999938964844,19.808603286743164,19.890888214111328
2010-02-24,82.70527648925781,56.02073287963867,107.36000061035156,19.969236373901367,19.849119186401367
2010-02-25,82.59330749511719,56.33576965332031,108.30999755859375,19.631059646606445,19.80734634399414
2010-02-26,82.64556884765625,56.6260986328125,109.43000030517578,19.977691650390625,19.748868942260742
2010-03-01,83.50376892089844,56.60130310058594,109.43000030517578,19.774784088134766,19.81570053100586
2010-03-02,83.73517608642578,56.5269660949707,111.0199966430664,19.98614501953125,19.757225036621094
2010-03-03,83.80977630615234,56.38440704345703,111.62999725341797,20.180593490600586,19.64026641845703
2010-03-04,84.06353759765625,56.68190383911133,110.83000183105469,20.0030517578125,19.748868942260742
2010-03-05,85.26510620117188,55.93825912475586,110.80999755859375,20.239776611328125,19.740514755249023
2010-03-08,85.27999877929688,55.64700698852539,109.87999725341797,20.214414596557617,19.732160568237305
2010-03-09,85.42179870605469,55.659423828125,109.72000122070312,19.994598388671875,19.76557731628418
2010-03-10,85.80243682861328,55.516910552978516,108.47000122070312,20.05377960205078,19.732160568237305
2010-03-11,86.16065216064453,55.72135925292969,108.5999984741211,20.0030517578125,19.690391540527344
2010-03-12,86.16810607910156,56.068389892578125,107.94999694824219,19.884693145751953,19.565080642700195
2010-03-15,86.19052124023438,55.994022369384766,108.36000061035156,19.64797019958496,19.67368507385254
2010-03-16,86.8770980834961,56.44021224975586,110.4000015258789,19.910057067871094,19.531665802001953
2010-03-17,87.39205932617188,56.68190383911133,109.58999633789062,20.08759880065918,19.540019989013672
2010-03-18,87.34725189208984,56.49598693847656,110.33999633789062,20.045324325561523,19.67368507385254
2010-03-19,86.90510559082031,56.55174255371094,108.27999877929688,19.80014991760254,19.80734634399414
2010-03-22,87.3697280883789,56.61369705200195,107.75,19.80014991760254,19.757225036621094
2010-03-23,87.9842529296875,56.34722137451172,108.31999969482422,19.71560287475586,19.824054718017578
2010-03-24,87.55708312988281,55.318572998046875,106.30000305175781,19.49578857421875,20.09138298034668
2010-03-25,87.41471099853516,54.965354919433594,106.77999877929688,19.385883331298828,20.158214569091797
2010-03-26,87.36223602294922,55.120304107666016,108.58999633789062,19.419702529907227,20.016197204589844
2010-03-29,87.91677856445312,54.90960693359375,108.75,19.859329223632812,19.91594886779785
2010-03-30,87.97674560546875,55.08308029174805,107.97000122070312,19.901599884033203,19.99113655090332
2010-03-31,87.677001953125,55.46111297607422,108.94999694824219,19.884693145751953,19.88253402709961
2010-04-01,88.2764892578125,55.32551956176758,110.26000213623047,20.273591995239258,19.76557731628418
2010-04-05,88.99588012695312,54.40502166748047,110.88999938964844,20.59486198425293,19.865825653076172
2010-04-06,89.20571899414062,54.4920654296875,111.02999877929688,20.577953338623047,19.924304962158203
2010-04-07,88.69613647460938,55.188697814941406,112.48999786376953,20.501863479614258,19.966073989868164
2010-04-08,89.00337219238281,55.21358108520508,112.6500015258789,20.46804428100586,19.949365615844727
2010-04-09,89.58789825439453,55.34417724609375,113.63999938964844,20.510316848754883,19.798995971679688
2010-04-12,89.73028564453125,55.63646697998047,113.01000213623047,20.493408203125,19.715452194213867
2010-04-13,89.79773712158203,55.81693649291992,112.69000244140625,20.569496154785156,19.715452194213867
2010-04-14,90.81685638427734,55.425010681152344,113.02999877929688,20.80621910095215,19.615205764770508
2010-04-15,90.8918228149414,55.487247467041016,113.6500015258789,20.882308959960938,19.690391540527344
2010-04-16,89.44550323486328,55.89151382446289,111.23999786376953,20.501863479614258,19.757225036621094
2010-04-19,89.78276062011719,55.75471878051758,111.1500015258789,20.239776611328125,19.790639877319336
2010-04-20,90.5845947265625,55.95370101928711,111.45999908447266,20.400407791137695,19.824054718017578
2010-04-21,90.41970825195312,56.414005279541016,112.30999755859375,20.501863479614258,19.865825653076172
2010-04-22,90.6894760131836,56.24608612060547,111.83999633789062,20.552587509155273,19.957719802856445
2010-04-23,91.281494140625,56.04702377319336,113.19000244140625,20.6878604888916,19.91594886779785
2010-04-26,90.936767578125,56.109256744384766,112.75,20.586406707763672,19.907596588134766
2010-04-27,88.78608703613281,56.899139404296875,114.62999725341797,20.273591995239258,20.14986228942871
2010-04-28,89.46049499511719,56.414005279541016,114.30999755859375,20.341228485107422,20.141510009765625
2010-04-29,90.5695571899414,56.65033721923828,114.27999877929688,20.501863479614258,20.04961395263672
2010-04-30,89.0333480834961,57.30342102050781,115.36000061035156,20.662498474121094,20.016197204589844
2010-05-03,90.18739318847656,57.228553771972656,115.7300033569336,20.763948440551758,20.141510009765625
2010-05-04,88.06666564941406,58.258392333984375,114.87000274658203,20.205957412719727,20.367067337036133
2010-05-05,87.54212951660156,58.60165786743164,115.08999633789062,19.749422073364258,20.5592098236084
2010-05-06,84.6344985961914,60.41175079345703,118.48999786376953,19.36052131652832,20.726287841796875
2010-05-07,83.3755874633789,59.6564826965332,118.2699966430664,19.259069442749023,20.634395599365234
2010-05-10,87.04754638671875,58.42070770263672,117.56999969482422,19.631059646606445,20.58426856994629
2010-05-11,86.80026245117188,58.27091598510742,120.66000366210938,19.59724235534668,20.676164627075195
2010-05-12,88.01416778564453,57.827754974365234,121.4000015258789,19.75787925720215,20.734643936157227
2010-05-13,86.9200668334961,58.20845031738281,120.55999755859375,19.588788986206055,20.85159683227539
2010-05-14,85.34642791748047,59.21957778930664,120.37000274658203,19.089982986450195,21.04374122619629
2010-05-17,85.3913803100586,59.001155853271484,119.36000061035156,18.54890251159668,21.04374122619629
2010-05-18,84.22982788085938,59.90614700317383,119.48999786376953,18.523540496826172,21.269298553466797
2010-05-19,83.75025939941406,60.10590362548828,116.62999725341797,18.354450225830078,21.068801879882812
2010-05-20,80.587890625,61.372920989990234,115.83999633789062,17.9740047454834,20.960203170776367
2010-05-21,81.7643814086914,61.43532180786133,115.22000122070312,18.159997940063477,20.868309020996094
2010-05-24,80.71530151367188,61.22311782836914,116.83999633789062,18.143089294433594,21.07715606689453
2010-05-25,80.79771423339844,61.522701263427734,117.36000061035156,17.99936866760254,21.13563346862793
2010-05-26,80.31060791015625,61.347923278808594,118.47000122070312,18.193815231323242,21.277652740478516
2010-05-27,83.00086975097656,59.95606994628906,118.69000244140625,18.726444244384766,21.05209732055664
2010-05-28,81.95927429199219,60.23069763183594,118.87999725341797,18.56580924987793,21.169052124023438
2010-06-01,80.58041381835938,60.654048919677734,119.91000366210938,18.219179153442383,21.17740249633789
2010-06-02,82.67865753173828,60.07794189453125,119.77999877929688,18.438995361328125,21.169052124023438
2010-06-03,82.96343231201172,59.63948440551758,117.95999908447266,18.540447235107422,21.277652740478516
2010-06-04,80.0483169555664,61.242774963378906,119.19000244140625,17.96554946899414,21.52827262878418
2010-06-07,79.05169677734375,61.71245193481445,121.48999786376953,17.99936866760254,21.578399658203125
2010-06-08,79.89846801757812,61.40562438964844,121.0,18.143089294433594,21.511564254760742
2010-06-09,79.47132110595703,61.336708068847656,120.55999755859375,18.227632522583008,21.428024291992188
2010-06-10,81.79435729980469,60.240753173828125,118.97000122070312,18.531991958618164,21.20246696472168
2010-06-11,82.1915512084961,61.00478744506836,120.01000213623047,18.557355880737305,21.269298553466797
2010-06-14,82.06415557861328,60.69165802001953,119.5999984741211,18.608081817626953,21.07715606689453
2010-06-15,83.93009185791016,60.44117736816406,120.98999786376953,18.92089080810547,20.901723861694336
2010-06-16,83.9001235961914,60.78561019897461,120.33000183105469,18.963165283203125,20.968557357788086
2010-06-17,84.03504180908203,61.28031921386719,121.9000015258789,18.97161865234375,20.843244552612305
2010-06-18,84.12612915039062,61.18009948730469,122.83000183105469,18.937803268432617,20.834888458251953
2010-06-21,83.88520050048828,61.00478744506836,120.38999938964844,18.861711502075195,20.91007423400879
2010-06-22,82.49974822998047,61.73128890991211,121.44999694824219,18.819442749023438,20.94349479675293
2010-06-23,82.24375915527344,62.1508903503418,120.94999694824219,18.506628036499023,20.85995101928711
2010-06-24,80.88092041015625,61.781349182128906,121.30000305175781,18.54890251159668,20.85995101928711
2010-06-25,81.21979522705078,62.03188705444336,122.76000213623047,18.887075424194336,20.742996215820312
2010-06-28,80.96378326416016,62.61433410644531,121.08999633789062,18.68416976928711,20.85159683227539
2010-06-29,78.46400451660156,63.29695129394531,121.2699966430664,18.168455123901367,20.951847076416016
2010-06-30,77.71859741210938,63.72275924682617,121.68000030517578,18.236087799072266,20.935136795043945
2010-07-01,77.37226867675781,63.82329177856445,117.04000091552734,17.957094192504883,20.550853729248047
2010-07-02,76.95056915283203,63.31446075439453,118.48999786376953,17.92327880859375,20.525793075561523
2010-07-06,77.455078125,63.83586883544922,116.51000213623047,17.9740047454834,20.458961486816406
2010-07-07,79.89458465576172,63.08831024169922,117.7300033569336,18.379812240600586,20.39212989807129
2010-07-08,80.68519592285156,62.686279296875,117.20999908447266,18.54890251159668,20.367067337036133
2010-07-09,81.28752136230469,62.32822799682617,118.36000061035156,18.582719802856445,20.417190551757812
2010-07-12,81.34027099609375,62.303043365478516,117.33999633789062,18.37135887145996,20.47566795349121
2010-07-13,82.56756591796875,61.769107818603516,118.36000061035156,18.667261123657227,20.300233840942383
2010-07-14,82.56000518798828,62.391056060791016,118.30000305175781,18.633447647094727,20.258464813232422
2010-07-15,82.58260345458984,63.01299285888672,118.2300033569336,18.810985565185547,20.024551391601562
2010-07-16,80.3086929321289,63.32077407836914,116.66999816894531,18.574264526367188,20.057968139648438
2010-07-19,80.7830581665039,62.93128204345703,115.7300033569336,18.557355880737305,20.074674606323242
2010-07-20,81.67906188964844,63.02550506591797,116.6500015258789,18.709535598754883,20.108091354370117
2010-07-21,80.61743927001953,64.09339904785156,115.8499984741211,18.658809661865234,20.24175453186035
2010-07-22,82.41697692871094,63.35216522216797,116.86000061035156,19.030799865722656,20.074674606323242
2010-07-23,83.13227081298828,62.68001174926758,116.08999633789062,18.97161865234375,20.041259765625
2010-07-26,83.99810791015625,62.57322692871094,115.5199966430664,18.9547119140625,19.932661056518555
2010-07-27,83.9906234741211,61.970184326171875,113.51000213623047,18.751806259155273,19.966073989868164
2010-07-28,83.44850158691406,62.171142578125,113.77999877929688,18.827896118164062,19.957719802856445
2010-07-29,83.0418930053711,62.15233612060547,114.29000091552734,19.098434448242188,19.824054718017578
2010-07-30,83.02680969238281,63.119754791259766,115.48999786376953,19.35206413269043,19.83241081237793
2010-08-02,84.90164947509766,62.23365783691406,115.54000091552734,19.72406005859375,19.64862060546875
2010-08-03,84.49506378173828,62.59284591674805,115.98999786376953,19.79169464111328,19.565080642700195
2010-08-04,85.05977630615234,62.11387634277344,116.72000122070312,19.960783004760742,19.67368507385254
2010-08-05,84.96943664550781,62.403785705566406,116.9800033569336,19.86778450012207,19.606853485107422
2010-08-06,84.62307739257812,63.08448028564453,117.83999633789062,19.690244674682617,19.50660514831543
2010-08-09,85.07483673095703,62.851287841796875,117.4000015258789,19.75787925720215,19.606853485107422
2010-08-10,84.61553192138672,62.98359298706055,117.7300033569336,19.54651641845703,19.64862060546875
2010-08-11,82.29647827148438,63.82809829711914,117.33999633789062,19.106889724731445,19.99113655090332
2010-08-12,81.79202270507812,63.67054748535156,118.7699966430664,18.963165283203125,20.057968139648438
2010-08-13,81.55107879638672,64.4646224975586,118.73999786376953,18.94625473022461,20.141510009765625
2010-08-16,81.51342010498047,66.07796478271484,119.7300033569336,18.887075424194336,20.016197204589844
2010-08-17,82.51483154296875,65.69982147216797,119.75,19.157617568969727,19.949365615844727
2010-08-18,82.66543579101562,65.87628173828125,120.22000122070312,19.081525802612305,19.974428176879883
2010-08-19,81.227294921875,66.9035415649414,120.38999938964844,18.887075424194336,20.016197204589844
2010-08-20,80.96378326416016,66.82788848876953,119.97000122070312,18.76871681213379,20.158214569091797
2010-08-23,80.65507507324219,66.8404541015625,119.77999877929688,18.64189910888672,20.199987411499023
2010-08-24,79.4578857421875,67.91184997558594,120.36000061035156,18.430538177490234,20.166568756103516
2010-08-25,79.76660919189453,67.69136047363281,121.36000061035156,18.523540496826172,20.199987411499023
2010-08-26,79.23200225830078,68.32780456542969,120.95999908447266,18.734895706176758,20.074674606323242
2010-08-27,80.45928192138672,66.39306640625,121.01000213623047,19.056163787841797,20.108091354370117
2010-08-30,79.292236328125,67.66610717773438,120.91000366210938,19.0223445892334,20.166568756103516
2010-08-31,79.292236328125,68.41606903076172,122.08000183105469,18.76871681213379,20.14986228942871
2010-09-01,81.66401672363281,67.0014419555664,121.69000244140625,19.14070701599121,19.99113655090332
2010-09-02,82.42447662353516,66.29349517822266,122.29000091552734,19.275978088378906,19.974428176879883
2010-09-03,83.49365234375,65.47177124023438,121.86000061035156,19.377431869506836,19.874181747436523
2010-09-07,82.55245971679688,66.81182861328125,122.69999694824219,19.478879928588867,20.083030700683594
2010-09-08,83.13227081298828,66.28089141845703,122.70999908447266,19.521154403686523,20.016197204589844
2010-09-09,83.51622772216797,64.97241973876953,121.55999755859375,19.41124725341797,20.016197204589844
2010-09-10,83.9378890991211,64.67534637451172,121.7300033569336,19.614154815673828,20.03290557861328
2010-09-13,84.8715591430664,64.99138641357422,121.62000274658203,19.75787925720215,19.81570053100586
2010-09-14,84.81885528564453,65.61714935302734,124.0199966430664,19.81705665588379,19.64862060546875
2010-09-15,85.14263153076172,64.64376831054688,123.94000244140625,19.783241271972656,19.732160568237305
2010-09-16,85.1199951171875,64.00534057617188,124.62999725341797,19.681787490844727,19.665328979492188
2010-09-17,85.15181732177734,64.2645263671875,124.54000091552734,19.749422073364258,19.715452194213867
2010-09-20,86.45381164550781,64.63742065429688,124.87000274658203,19.910057067871094,19.690391540527344
2010-09-21,86.27969360351562,65.53496551513672,126.01000213623047,19.698694229125977,19.473188400268555
2010-09-22,85.85578918457031,66.12283325195312,126.19999694824219,19.81705665588379,19.33116912841797
2010-09-23,85.15935516357422,66.3125,126.30000305175781,19.833967208862305,19.389644622802734
2010-09-24,86.91554260253906,65.42121124267578,126.69000244140625,20.138324737548828,19.189151763916016
2010-09-27,86.49922943115234,66.5589828491211,126.72000122070312,20.0030517578125,19.214214324951172
2010-09-28,86.80198669433594,67.01409149169922,127.8499984741211,20.0030517578125,19.11396598815918
2010-09-29,86.65061950683594,66.73595428466797,127.94999694824219,20.265138626098633,19.080551147460938
2010-09-30,86.39321899414062,66.69172668457031,127.91000366210938,20.383499145507812,19.080551147460938
2010-10-01,86.7565689086914,66.36943054199219,128.91000366210938,20.425771713256836,18.921825408935547
2010-10-04,86.1055679321289,66.54071044921875,128.4600067138672,20.358139038085938,19.00536346435547
2010-10-05,87.83901977539062,66.14104461669922,130.99000549316406,20.772403717041016,18.84663963317871
2010-10-06,87.83148956298828,66.97212219238281,131.80999755859375,20.780855178833008,18.754743576049805
2010-10-07,87.72554016113281,66.41386413574219,130.3699951171875,20.569496154785156,18.779804229736328
2010-10-08,88.21754455566406,66.12201690673828,131.66000366210938,21.25429916381836,18.712974548339844
2010-10-11,88.30079650878906,66.13459777832031,132.2899932861328,21.152849197387695,18.788162231445312
2010-10-12,88.57332611083984,65.48114013671875,131.9600067138672,21.25429916381836,18.729679107666016
2010-10-13,89.26216888427734,65.37969207763672,134.07000732421875,21.35575294494629,18.679555892944336
2010-10-14,88.9139404296875,64.4026107788086,134.75,21.321937561035156,18.55424690246582
2010-10-15,89.09562683105469,63.615943908691406,133.67999267578125,21.08521270751953,18.66284942626953
2010-10-18,89.53468322753906,64.12982940673828,134.27999877929688,21.29657554626465,18.64613914489746
2010-10-19,88.36138916015625,64.5168685913086,130.11000061035156,20.670949935913086,18.963592529296875
2010-10-20,89.22434997558594,64.65638732910156,131.32000732421875,21.161300659179688,18.70461654663086
2010-10-21,89.42112731933594,63.88867950439453,129.47000122070312,20.899215698242188,18.771451950073242
2010-10-22,89.58763885498047,64.3201675415039,129.72999572753906,21.07676124572754,18.771451950073242
2010-10-25,89.85259246826172,64.50418090820312,130.85000610351562,21.18666648864746,18.68791389465332
2010-10-26,89.86772155761719,63.50803756713867,130.8800048828125,21.29657554626465,18.813220977783203
2010-10-27,89.61035919189453,62.94976806640625,129.52000427246094,21.228939056396484,18.921825408935547
2010-10-28,89.62551879882812,63.12104034423828,131.24000549316406,21.33884620666504,18.72132682800293
2010-10-29,89.69363403320312,63.711082458496094,132.6199951171875,21.288118362426758,18.68791389465332
2010-11-01,89.72390747070312,63.43674850463867,131.9199981689453,21.423389434814453,18.72132682800293
2010-11-02,90.43549346923828,64.27055358886719,132.49000549316406,21.617839813232422,18.587663650512695
2010-11-03,90.79878997802734,62.95942306518555,131.57000732421875,21.71929168701172,18.49576759338379
2010-11-04,92.54744720458984,63.449462890625,136.02999877929688,22.23500633239746,18.35375213623047
2010-11-05,92.89561462402344,62.36115264892578,136.3800048828125,22.328006744384766,18.529184341430664
2010-11-08,92.72156524658203,62.641151428222656,137.77999877929688,22.387187957763672,18.637786865234375
2010-11-09,92.05541229248047,61.260047912597656,135.58999633789062,22.23500633239746,18.796510696411133
2010-11-10,92.42631530761719,61.34273147583008,137.24000549316406,22.471729278564453,18.779804229736328
2010-11-11,92.07810974121094,61.31095504760742,137.66000366210938,22.28573226928711,18.913471221923828
2010-11-12,90.98804473876953,60.98000717163086,133.69000244140625,21.35575294494629,18.88840675354004
2010-11-15,90.85934448242188,59.70707702636719,132.4199981689453,21.389570236206055,19.038780212402344
2010-11-16,89.44385528564453,61.1900520324707,130.97000122070312,20.755491256713867,19.147382736206055
2010-11-17,89.48926544189453,60.85271453857422,130.3800048828125,20.59486198425293,19.130672454833984
2010-11-18,90.80638885498047,61.10093688964844,132.08999633789062,21.152849197387695,18.997011184692383
2010-11-19,91.0561752319336,61.476463317871094,132.1999969482422,20.848491668701172,18.938533782958984
2010-11-22,90.98047637939453,61.737396240234375,133.47999572753906,20.916126251220703,18.997011184692383
2010-11-23,89.6633529663086,62.042877197265625,134.41000366210938,20.865400314331055,19.24763298034668
2010-11-24,90.98804473876953,60.935489654541016,134.17999267578125,21.25429916381836,19.272689819335938
2010-11-26,89.92830657958984,61.78193664550781,133.11000061035156,21.35575294494629,19.389644622802734
2010-11-29,90.20081329345703,62.31019592285156,133.50999450683594,21.398025512695312,19.50660514831543
2010-11-30,89.69363403320312,62.634822845458984,135.4199981689453,21.19512176513672,19.631912231445312
2010-12-01,91.60120391845703,61.2425537109375,135.3800048828125,21.820743560791016,19.464832305908203
2010-12-02,92.77450561523438,61.08283615112305,135.1999969482422,22.006742477416992,19.347877502441406
2010-12-03,93.02430725097656,60.60383605957031,138.07000732421875,22.28573226928711,19.11396598815918
2010-12-06,92.92591094970703,61.459659576416016,139.11000061035156,22.260372161865234,19.20585823059082
2010-12-07,92.9789047241211,60.14405059814453,136.5,22.108192443847656,19.289398193359375
2010-12-08,93.31953430175781,59.56277847290039,134.7899932861328,22.277280807495117,19.297754287719727
2010-12-09,93.682861328125,59.856597900390625,135.3699951171875,22.21809959411621,19.314462661743164
2010-12-10,94.22791290283203,59.492523193359375,135.41000366210938,22.184280395507812,19.314462661743164
2010-12-13,94.2884750366211,59.71612548828125,136.0500030517578,22.404096603393555,19.10561180114746
2010-12-14,94.3717269897461,58.84746551513672,136.17999267578125,22.34491539001465,19.139026641845703
2010-12-15,93.94025421142578,58.08110427856445,134.6999969482422,22.28573226928711,19.339523315429688
2010-12-16,94.48529815673828,58.483428955078125,133.80999755859375,22.209646224975586,19.289398193359375
2010-12-17,94.58650970458984,59.54999923706055,134.1999969482422,22.378732681274414,19.372941970825195
2010-12-20,94.81475830078125,59.48616409301758,135.11000061035156,22.58163833618164,19.41470718383789
2010-12-21,95.4158935546875,59.901309967041016,135.32000732421875,22.72536277770996,19.456480026245117
2010-12-22,95.7126693725586,59.473384857177734,135.0500030517578,22.84372329711914,19.43977165222168
2010-12-23,95.57573699951172,59.35205078125,134.66000366210938,22.928268432617188,19.381296157836914
2010-12-27,95.61378479003906,59.88212966918945,135.02000427246094,22.88599395751953,19.339523315429688
2010-12-28,95.75074005126953,58.70935821533203,137.22000122070312,23.131175994873047,19.347877502441406
2010-12-29,95.81920623779297,59.702667236328125,137.7100067138672,23.139625549316406,19.214214324951172
2010-12-30,95.66703033447266,59.6578254699707,137.02999877929688,22.860633850097656,19.147382736206055
2010-12-31,95.68986511230469,60.31790542602539,138.72000122070312,23.291805267333984,18.971946716308594
2011-01-03,96.67911529541016,59.86289978027344,138.0,23.393259048461914,19.063840866088867
2011-01-04,96.62583923339844,59.93338394165039,134.75,23.080446243286133,19.11396598815918
2011-01-05,97.12804412841797,58.613216400146484,134.3699951171875,23.32562255859375,19.306106567382812
2011-01-06,96.93783569335938,58.86953353881836,133.8300018310547,23.0128116607666,19.456480026245117
2011-01-07,96.74760437011719,59.18357467651367,133.5800018310547,22.928268432617188,19.51495933532715
2011-01-10,96.62583923339844,59.50399398803711,134.1199951171875,23.198808670043945,19.44812774658203
2011-01-11,96.96824645996094,59.170772552490234,134.91000366210938,23.460893630981445,19.43977165222168
2011-01-12,97.84336853027344,58.70935821533203,135.4600067138672,23.613073348999023,19.24763298034668
2011-01-13,97.68353271484375,59.23481750488281,134.0500030517578,23.579256057739258,19.04713249206543
2011-01-14,98.39125061035156,58.856746673583984,132.69000244140625,23.68916130065918,19.022069931030273
2011-01-18,98.55863952636719,58.581153869628906,133.42999267578125,23.66379737854004,19.00536346435547
2011-01-19,97.5922622680664,59.004127502441406,133.72000122070312,23.6384334564209,18.88840675354004
2011-01-20,97.462890625,58.19025421142578,131.1999969482422,23.40171241760254,18.94688606262207
2011-01-21,97.68353271484375,58.65168380737305,131.02999877929688,23.6384334564209,18.788162231445312
2011-01-24,98.23905944824219,58.677303314208984,130.36000061035156,23.435531616210938,18.746389389038086
2011-01-25,98.29235076904297,59.23481750488281,130.10000610351562,23.139625549316406,18.738033294677734
2011-01-26,98.67281341552734,58.33769989013672,131.16000366210938,23.655345916748047,18.70461654663086
2011-01-27,98.91630554199219,58.60038757324219,127.93000030517578,23.452438354492188,18.67120361328125
2011-01-28,97.18893432617188,58.90803146362305,130.27999877929688,23.748342514038086,18.788162231445312
2011-01-31,97.9194564819336,58.45943832397461,129.8699951171875,24.12033462524414,18.679555892944336
2011-02-01,99.48702239990234,58.17001724243164,130.8000030517578,24.297876358032227,18.49576759338379
2011-02-02,99.29679870605469,58.18291473388672,130.4499969482422,24.53459930419922,18.529184341430664
2011-02-03,99.51746368408203,57.70055389404297,132.1999969482422,24.373966217041016,18.679555892944336
2011-02-04,99.79903411865234,57.11533737182617,131.66000366210938,24.23869514465332,18.738033294677734
2011-02-07,100.42301940917969,57.4111442565918,131.67999267578125,24.17106056213379,18.738033294677734
2011-02-08,100.87956237792969,56.88378143310547,133.13999938964844,24.331693649291992,18.72132682800293
2011-02-09,100.65127563476562,57.378971099853516,133.07000732421875,24.450056076049805,18.637786865234375
2011-02-10,100.6893310546875,56.716583251953125,132.85000610351562,24.30632972717285,18.788162231445312
2011-02-11,101.29049682617188,57.53329086303711,132.32000732421875,24.221786499023438,18.83828353881836
2011-02-14,101.53398132324219,57.5718879699707,132.9499969482422,24.34014892578125,18.863346099853516
2011-02-15,101.21438598632812,57.829185485839844,133.97000122070312,24.02733612060547,18.880054473876953
2011-02-16,101.85358428955078,57.642635345458984,134.10000610351562,24.204875946044922,18.771451950073242
2011-02-17,102.15796661376953,57.73271560668945,135.0399932861328,24.280967712402344,18.72132682800293
2011-02-18,102.37104797363281,57.552608489990234,135.41000366210938,24.255605697631836,18.629432678222656
2011-02-22,100.31646728515625,58.41441345214844,136.2899932861328,24.221786499023438,18.679555892944336
2011-02-23,99.7000732421875,58.62665557861328,137.50999450683594,24.762868881225586,18.570953369140625
2011-02-24,99.63157653808594,58.999656677246094,136.47999572753906,24.543054580688477,18.50412368774414
2011-02-25,100.69692993164062,59.34690475463867,137.3800048828125,25.08413314819336,18.537540435791016
2011-02-28,101.32091522216797,59.42412185668945,137.66000366210938,25.126401901245117,18.45400047302246
2011-03-01,99.63157653808594,59.59636688232422,140.02999877929688,25.506851196289062,18.479061126708984
2011-03-02,99.84465789794922,58.6801643371582,139.9199981689453,25.608304977416992,18.37881088256836
2011-03-03,101.56439971923828,58.10597610473633,138.08999633789062,25.599851608276367,18.35375213623047
2011-03-04,100.80349731445312,58.589874267578125,139.35000610351562,25.726665496826172,18.328691482543945
2011-03-07,100.01205444335938,58.21565628051758,139.72000122070312,25.608304977416992,18.345394134521484
2011-03-08,100.88717651367188,57.860774993896484,139.36000061035156,25.388490676879883,18.428936004638672
2011-03-09,100.74258422851562,58.42210388183594,139.41000366210938,25.48994255065918,18.39552116394043
2011-03-10,98.87828063964844,59.402801513671875,137.77000427246094,25.0756778717041,18.537540435791016
2011-03-11,99.56311798095703,59.06727981567383,138.22000122070312,24.931955337524414,18.40387725830078
2011-03-14,98.96195983886719,59.041507720947266,138.86000061035156,24.999589920043945,18.311979293823242
2011-03-15,97.8281478881836,59.925392150878906,136.27000427246094,24.086519241333008,18.328691482543945
2011-03-16,96.01707458496094,60.60283279418945,136.24000549316406,24.230241775512695,18.387168884277344
2011-03-17,97.2878646850586,60.13834762573242,136.97000122070312,24.98267936706543,18.22844123840332
2011-03-18,97.64170837402344,60.29962158203125,138.3699951171875,25.126401901245117,18.1448974609375
2011-03-21,99.15497589111328,59.944786071777344,139.13999938964844,25.244768142700195,18.0864200592041
2011-03-22,98.81102752685547,60.14476776123047,139.0500030517578,25.430763244628906,18.094778060913086
2011-03-23,99.09382629394531,60.06736373901367,140.33999633789062,25.481489181518555,18.195024490356445
2011-03-24,100.0414810180664,59.61574172973633,139.22000122070312,25.5660343170166,18.153255462646484
2011-03-25,100.34718322753906,59.46734619140625,139.25999450683594,25.6336669921875,18.278562545776367
2011-03-28,100.10262298583984,59.551239013671875,138.5399932861328,25.287038803100586,18.261859893798828
2011-03-29,100.77517700195312,59.09312057495117,138.2100067138672,25.430763244628906,18.25350570678711
2011-03-30,101.47067260742188,59.56409454345703,138.6699981689453,25.396947860717773,18.236797332763672
2011-03-31,101.33307647705078,59.44152069091797,139.86000061035156,25.79430389404297,18.203378677368164
2011-04-01,101.76103973388672,59.73048400878906,139.1999969482422,25.971843719482422,18.18667221069336
2011-04-04,101.84513854980469,59.7952766418457,139.83999633789062,26.20856475830078,18.18667221069336
2011-04-05,101.829833984375,59.55552673339844,142.0500030517578,26.233930587768555,18.195024490356445
2011-04-06,102.15086364746094,58.66142654418945,142.3800048828125,26.31001853942871,18.094778060913086
2011-04-07,101.89102172851562,58.54484939575195,142.50999450683594,26.360742568969727,18.103132247924805
2011-04-08,101.53944396972656,58.23382568359375,143.66000366210938,26.986370086669922,17.96111488342285
2011-04-11,101.2337417602539,58.285614013671875,142.63999938964844,26.487558364868164,17.986175537109375
2011-04-12,100.47714233398438,58.91411590576172,141.61000061035156,25.946481704711914,17.94440269470215
2011-04-13,100.46949005126953,59.283416748046875,141.89999389648438,26.149385452270508,17.96111488342285
2011-04-14,100.5458984375,59.23802947998047,143.80999755859375,26.217018127441406,17.894283294677734
2011-04-15,100.91275787353516,60.04148864746094,145.0500030517578,26.352291107177734,17.927698135375977
2011-04-18,99.78166961669922,60.17753601074219,145.92999267578125,26.1916561126709,18.094778060913086
2011-04-19,100.35482788085938,60.43669509887695,145.92999267578125,26.200111389160156,17.986175537109375
2011-04-20,101.72285461425781,60.04791259765625,146.5,26.614376068115234,17.810741424560547
2011-04-21,102.2425537109375,59.99614334106445,146.74000549316406,26.808826446533203,17.743907928466797
2011-04-25,102.13558959960938,60.222904205322266,146.8699951171875,26.732738494873047,17.71884536743164
2011-04-26,103.01445770263672,60.8060302734375,146.3800048828125,26.724285125732422,17.67707633972168
2011-04-27,103.68702697753906,60.18402099609375,149.1999969482422,26.884916305541992,17.56011962890625
2011-04-28,104.02330780029297,60.64399337768555,149.82000732421875,26.690465927124023,17.50999641418457
2011-04-29,104.267822265625,60.83193588256836,152.3699951171875,26.969459533691406,17.501644134521484
2011-05-02,104.10736846923828,60.92953872680664,150.41000366210938,26.69892120361328,17.518348693847656
2011-05-03,103.73287963867188,61.27437210083008,149.8800048828125,26.419925689697266,17.518348693847656
2011-05-04,103.04501342773438,61.54765701293945,147.72999572753906,25.99720573425293,17.50999641418457
2011-05-05,102.11262512207031,62.133296966552734,143.47000122070312,24.255605697631836,17.768972396850586
2011-05-06,102.56353759765625,61.860008239746094,145.3000030517578,24.179515838623047,17.90263557434082
2011-05-09,102.9609603881836,61.794898986816406,147.3800048828125,25.06722640991211,17.87757110595703
2011-05-10,103.83985900878906,61.352439880371094,147.89999389648438,25.295494079589844,17.860864639282227
2011-05-11,102.74698638916016,61.70383834838867,146.5399932861328,24.483871459960938,18.02794647216797
2011-05-12,103.236083984375,61.313446044921875,146.58999633789062,24.50923728942871,17.994529724121094
2011-05-13,102.44123840332031,61.8664436340332,145.6300048828125,24.551509857177734,18.119836807250977
2011-05-16,101.7916259765625,62.21131896972656,145.3699951171875,24.230241775512695,18.06136131286621
2011-05-17,101.7763442993164,62.84904479980469,144.74000549316406,24.28942108154297,18.04465103149414
2011-05-18,102.68584442138672,62.01614761352539,145.60000610351562,24.77977752685547,18.036298751831055
2011-05-19,102.93038177490234,61.990142822265625,145.64999389648438,24.5853271484375,17.96111488342285
2011-05-20,102.11262512207031,62.022640228271484,147.49000549316406,24.813594818115234,18.0864200592041
2011-05-23,100.92804718017578,62.321964263916016,147.8300018310547,24.41623878479004,18.203378677368164
2011-05-24,100.843994140625,62.55623245239258,148.58999633789062,24.745960235595703,18.153255462646484
2011-05-25,101.18022918701172,62.26339340209961,148.5800018310547,25.194040298461914,18.136545181274414
2011-05-26,101.64642333984375,62.79700469970703,148.22000122070312,25.287038803100586,18.06136131286621
2011-05-27,102.03622436523438,62.77089309692383,149.6999969482422,25.430763244628906,17.91098976135254
2011-05-31,103.09849548339844,62.91408920288086,149.63999938964844,25.574487686157227,17.827449798583984
2011-06-01,100.7828140258789,63.76434326171875,149.91000366210938,25.25322151184082,17.869218826293945
2011-06-02,100.67584228515625,62.54967498779297,149.5,25.473033905029297,17.752262115478516
2011-06-03,99.6746597290039,62.90884017944336,150.22000122070312,25.574487686157227,17.61859893798828
2011-06-06,98.61996459960938,62.43214416503906,150.47999572753906,25.278581619262695,17.66872215270996
2011-06-07,98.55885314941406,62.71946334838867,150.4199981689453,25.515308380126953,17.568477630615234
2011-06-08,98.1461410522461,63.20928955078125,149.80999755859375,25.726665496826172,17.652013778686523
2011-06-09,98.89508056640625,62.954593658447266,150.55999755859375,25.870391845703125,17.710493087768555
2011-06-10,97.5194320678711,63.437843322753906,149.24000549316406,25.599851608276367,17.87757110595703
2011-06-13,97.59588623046875,63.11783218383789,147.77000427246094,25.430763244628906,17.785676956176758
2011-06-14,98.833984375,62.16437911987305,148.6699981689453,25.608304977416992,17.760616302490234
2011-06-15,97.0761489868164,63.2942008972168,149.1199951171875,24.923500061035156,18.04465103149414
2011-06-16,97.29014587402344,63.58152770996094,148.97000122070312,24.82204818725586,18.036298751831055
2011-06-17,97.58049011230469,63.28111267089844,149.94000244140625,24.712141036987305,17.919342041015625
2011-06-20,98.07971954345703,63.35945129394531,150.02999877929688,24.57686996459961,17.919342041015625
2011-06-21,99.42378234863281,63.07866287231445,150.75999450683594,24.593780517578125,17.802387237548828
2011-06-22,98.82472229003906,63.11783218383789,150.99000549316406,24.703685760498047,17.869218826293945
2011-06-23,98.54054260253906,63.601104736328125,148.33999633789062,24.179515838623047,17.96111488342285
2011-06-24,97.3961410522461,63.33334732055664,146.25999450683594,23.892066955566406,18.069713592529297
2011-06-27,98.2640380859375,62.46479797363281,145.72999572753906,23.88361358642578,17.986175537109375
2011-06-28,99.54667663574219,61.96192932128906,146.24000549316406,24.30632972717285,17.919342041015625
2011-06-29,100.39923095703125,61.55052185058594,147.17999267578125,24.745960235595703,17.810741424560547
2011-06-30,101.35929870605469,61.45255661010742,146.0,24.483871459960938,17.72719955444336
2011-07-01,102.85697174072266,61.35426712036133,144.92999267578125,24.517690658569336,17.710493087768555
2011-07-05,102.77249908447266,61.491844177246094,147.6300048828125,24.847410202026367,17.777326583862305
2011-07-06,102.89537811279297,61.806365966796875,148.91000366210938,24.838956832885742,17.88592529296875
2011-07-07,103.96294403076172,61.62290954589844,149.14999389648438,25.36312484741211,17.852510452270508
2011-07-08,103.22562408447266,62.494476318359375,150.25,25.337764739990234,17.894283294677734
2011-07-11,101.35929870605469,63.43155288696289,151.58999633789062,25.143314361572266,18.136545181274414
2011-07-12,100.9215087890625,63.64777755737305,152.77000427246094,25.36312484741211,18.128192901611328
2011-07-13,101.25942993164062,63.82468032836914,154.13999938964844,25.70975685119629,17.936050415039062
2011-07-14,100.56050872802734,62.91383743286133,154.5399932861328,25.5660343170166,17.936050415039062
2011-07-15,101.14423370361328,63.018638610839844,155.1999969482422,25.79430389404297,17.90263557434082
2011-07-18,100.3147201538086,62.40926742553711,156.57000732421875,25.650577545166016,17.94440269470215
2011-07-19,101.94300079345703,63.70668411254883,154.66000366210938,25.82811737060547,17.90263557434082
2011-07-20,101.88152313232422,62.95315170288086,156.02000427246094,25.912660598754883,17.819093704223633
2011-07-21,103.29474639892578,62.46828079223633,154.8300018310547,25.785846710205078,17.652013778686523
2011-07-22,103.36390686035156,62.94002151489258,156.1199951171875,25.99720573425293,17.652013778686523
2011-07-25,102.78784942626953,62.252044677734375,157.33999633789062,25.870391845703125,17.63530731201172
2011-07-26,102.40380859375,62.67792510986328,157.77000427246094,26.07329559326172,17.484933853149414
2011-07-27,100.30706024169922,62.68449020385742,157.19000244140625,25.895753860473633,17.61859893798828
2011-07-28,100.01516723632812,62.920413970947266,157.32000732421875,25.81121063232422,17.652013778686523
2011-07-29,99.33160400390625,64.16537475585938,158.2899932861328,25.599851608276367,17.568477630615234
2011-08-01,98.9092025756836,64.81300354003906,157.72000122070312,25.599851608276367,17.660367965698242
2011-08-02,96.3823471069336,66.75910949707031,161.52000427246094,25.599851608276367,17.685428619384766
2011-08-03,96.90458679199219,66.89058685302734,161.49000549316406,25.219404220581055,17.601890563964844
2011-08-04,92.36543273925781,69.27068328857422,160.63999938964844,24.26405906677246,17.87757110595703
2011-08-05,92.22718048095703,67.27194213867188,161.75,24.36551284790039,17.72719955444336
2011-08-08,86.2210464477539,69.39555358886719,167.1199951171875,23.460893630981445,17.752262115478516
2011-08-09,90.23027038574219,69.60594177246094,168.61000061035156,23.68916130065918,17.601890563964844
2011-08-10,86.24408721923828,71.67694854736328,174.5800018310547,23.790613174438477,17.752262115478516
2011-08-11,90.11505889892578,68.0608901977539,170.75,24.30632972717285,17.72719955444336
2011-08-12,90.72180938720703,69.40873718261719,169.97000122070312,24.272512435913086,17.72719955444336
2011-08-15,92.64192962646484,68.70521545410156,171.8000030517578,24.56841468811035,17.543413162231445
2011-08-16,91.85087585449219,69.84263610839844,173.9199981689453,24.56841468811035,17.55176544189453
2011-08-17,91.91230010986328,71.06556701660156,174.4199981689453,24.77977752685547,17.50999641418457
2011-08-18,87.94914245605469,72.5251235961914,177.72000122070312,24.17106056213379,17.61024284362793
2011-08-19,86.51290893554688,73.11029052734375,179.9499969482422,24.60223388671875,17.568477630615234
2011-08-22,86.58202362060547,72.92617797851562,184.58999633789062,24.644506454467773,17.601890563964844
2011-08-23,89.4314956665039,71.92024230957031,177.6699981689453,24.89813804626465,17.526702880859375
2011-08-24,90.69108581542969,69.87554931640625,171.64999389648438,24.644506454467773,17.56011962890625
2011-08-25,89.30859375,70.63160705566406,172.36000061035156,24.754411697387695,17.61024284362793
2011-08-26,90.60660552978516,71.3285140991211,177.47000122070312,25.03340721130371,17.50999641418457
2011-08-29,93.21028900146484,70.34230041503906,173.88999938964844,25.117952346801758,17.484933853149414
2011-08-30,93.45603942871094,71.4731674194336,179.10000610351562,25.456127166748047,17.55176544189453
2011-08-31,93.87081146240234,70.36860656738281,177.72000122070312,25.498397827148438,17.601890563964844
2011-09-01,92.88774108886719,71.86032104492188,177.8699951171875,25.320858001708984,17.67707633972168
2011-09-02,90.51445007324219,74.19476318359375,183.24000549316406,25.18558692932129,17.72719955444336
2011-09-06,89.85389709472656,74.96629333496094,182.89999389648438,25.101043701171875,18.002883911132812
2011-09-07,92.38845825195312,73.53532409667969,177.0800018310547,25.329309463500977,17.90263557434082
2011-09-08,91.42842102050781,74.19476318359375,181.80999755859375,25.16022491455078,18.0864200592041
2011-09-09,89.03209686279297,74.9861068725586,180.6999969482422,24.762868881225586,18.303627014160156
2011-09-12,89.60816192626953,75.06521606445312,176.6699981689453,24.703685760498047,18.311979293823242
2011-09-13,90.4299545288086,73.99688720703125,178.5399932861328,24.627595901489258,18.25350570678711
2011-09-14,91.68184661865234,74.62337493896484,177.2100067138672,24.50923728942871,18.203378677368164
2011-09-15,93.26404571533203,73.48257446289062,174.39999389648438,24.610689163208008,18.094778060913086
2011-09-16,93.81604766845703,74.01667022705078,176.02999877929688,24.500782012939453,18.161609649658203
2011-09-19,92.88188171386719,75.42794799804688,173.30999755859375,24.086519241333008,18.261859893798828
2011-09-20,92.77381896972656,75.74449920654297,175.77999877929688,24.04424476623535,18.261859893798828
2011-09-21,90.04084777832031,78.2503662109375,173.58999633789062,23.68916130065918,18.40387725830078
2011-09-22,87.13037109375,81.1915054321289,169.0500030517578,22.8521785736084,18.596017837524414
2011-09-23,87.6552963256836,79.68135070800781,159.8000030517578,22.446367263793945,18.5458927154541
2011-09-26,89.73976135253906,78.40201568603516,157.5800018310547,22.522457122802734,18.529184341430664
2011-09-27,90.743408203125,77.20185089111328,160.6300048828125,22.902904510498047,18.420583724975586
2011-09-28,88.89054870605469,77.17547607421875,156.22000122070312,22.28573226928711,18.487417221069336
2011-09-29,89.59308624267578,77.70958709716797,157.6999969482422,22.547822952270508,18.44564437866211
2011-09-30,87.3542251586914,79.66162109375,158.05999755859375,21.770017623901367,18.637786865234375
2011-10-03,84.86832427978516,81.85391235351562,160.9600067138672,21.660112380981445,18.804866790771484
2011-10-04,86.72886657714844,80.81591796875,157.63999938964844,21.617839813232422,18.729679107666016
2011-10-05,88.33470153808594,80.23409271240234,159.4600067138672,21.922197341918945,18.67120361328125
2011-10-06,89.9327621459961,78.75322723388672,160.49000549316406,22.378732681274414,18.55424690246582
2011-10-07,89.33061218261719,78.17144012451172,159.17999267578125,22.277280807495117,18.6043701171875
2011-10-10,92.3183364868164,77.0673828125,163.27000427246094,22.776090621948242,18.311979293823242
2011-10-11,92.41097259521484,76.80951690673828,162.10000610351562,22.945175170898438,18.295270919799805
2011-10-12,93.22158813476562,75.69219207763672,163.25999450683594,22.987449645996094,18.17831802368164
2011-10-13,93.03630065917969,76.44583892822266,162.3000030517578,23.03817367553711,18.169963836669922
2011-10-14,94.62667846679688,75.33516693115234,163.39999389648438,23.562347412109375,18.0864200592041
2011-10-17,92.82015228271484,76.63758850097656,162.6199951171875,23.22416877746582,18.203378677368164
2011-10-18,94.63439178466797,76.16161346435547,161.83999633789062,23.350988388061523,18.17831802368164
2011-10-19,93.51495361328125,76.13514709472656,159.8699951171875,22.89444923400879,18.195024490356445
2011-10-20,93.92411804199219,75.5930404663086,157.77000427246094,22.860633850097656,18.161609649658203
2011-10-21,95.70748138427734,74.79307556152344,159.52000427246094,22.978994369506836,17.994529724121094
2011-10-24,96.88096618652344,74.91868591308594,161.02000427246094,23.342533111572266,17.952756881713867
2011-10-25,94.99723815917969,76.82271575927734,165.58999633789062,23.418622970581055,17.969465255737305
2011-10-26,95.9622573852539,75.48064422607422,167.39999389648438,23.283353805541992,17.969465255737305
2011-10-27,99.30510711669922,72.9220962524414,169.5500030517578,23.900522232055664,17.66872215270996
2011-10-28,99.2819595336914,73.68897247314453,169.6199951171875,23.799068450927734,17.67707633972168
2011-10-31,96.88868713378906,76.6111831665039,167.33999633789062,23.435531616210938,18.019588470458984
2011-11-01,94.18658447265625,79.17572021484375,167.3800048828125,23.156536102294922,18.21173095703125
2011-11-02,95.72293853759766,78.18804931640625,169.05999755859375,23.300260543823242,18.169963836669922
2011-11-03,97.46772003173828,77.11425018310547,171.72000122070312,23.58770751953125,18.0864200592041
2011-11-04,96.8732681274414,77.20707702636719,170.85000610351562,23.66379737854004,18.136545181274414
2011-11-07,97.47543334960938,77.69755554199219,174.97999572753906,24.010427474975586,18.119836807250977
2011-11-08,98.72608947753906,76.70330047607422,173.52999877929688,24.1287899017334,18.036298751831055
2011-11-09,95.08214569091797,78.29405975341797,172.07000732421875,23.596162796020508,18.35375213623047
2011-11-10,95.9777603149414,77.12751007080078,171.13999938964844,23.570798873901367,18.303627014160156
2011-11-11,97.78422546386719,76.65689086914062,173.9600067138672,23.799068450927734,18.119836807250977
2011-11-14,96.8578109741211,77.88981628417969,173.1999969482422,23.545438766479492,18.245147705078125
2011-11-15,97.33647155761719,77.78369140625,173.36000061035156,23.714523315429688,18.35375213623047
2011-11-16,95.79243469238281,78.49295043945312,171.50999450683594,23.655345916748047,18.412229537963867
2011-11-17,94.27154541015625,79.12265014648438,167.10000610351562,23.105810165405273,18.43729019165039
2011-11-18,94.17113494873047,79.10277557373047,167.6199951171875,23.071990966796875,18.387168884277344
2011-11-21,92.38009643554688,79.57331848144531,163.5,22.902904510498047,18.420583724975586
2011-11-22,92.0172348022461,80.4615707397461,165.30999755859375,23.055084228515625,18.412229537963867
2011-11-23,89.98681640625,81.2503662109375,164.8300018310547,22.708454132080078,18.62108039855957
2011-11-25,89.81697082519531,80.07056427001953,163.39999389648438,22.522457122802734,18.729679107666016
2011-11-28,92.4186782836914,80.03071594238281,166.6300048828125,22.80145263671875,18.654495239257812
2011-11-29,92.6811752319336,79.37447357177734,166.8800048828125,23.09735679626465,18.587663650512695
2011-11-30,96.4949722290039,78.13504791259766,170.1300048828125,23.367895126342773,18.428936004638672
2011-12-01,96.47953033447266,77.74299621582031,169.6300048828125,23.283353805541992,18.420583724975586
2011-12-02,96.39459228515625,78.83271789550781,169.82000732421875,23.486257553100586,18.479061126708984
2011-12-05,97.44453430175781,78.6732406616211,167.32000732421875,23.359439849853516,18.479061126708984
2011-12-06,97.47543334960938,77.92240905761719,168.17999267578125,23.486257553100586,18.46235466003418
2011-12-07,97.83830261230469,78.20150756835938,169.39999389648438,23.283353805541992,18.43729019165039
2011-12-08,95.6920394897461,79.17823791503906,165.97999572753906,22.987449645996094,18.537540435791016
2011-12-09,97.31330108642578,77.5502700805664,166.39999389648438,23.071990966796875,18.479061126708984
2011-12-12,95.89279174804688,78.41412353515625,161.99000549316406,22.776090621948242,18.67120361328125
2011-12-13,94.99723815917969,79.1450424194336,158.4499969482422,22.86908531188965,18.854991912841797
2011-12-14,93.98589324951172,80.64009857177734,152.88999938964844,22.057466506958008,18.896760940551758
2011-12-15,94.32557678222656,80.34103393554688,152.3300018310547,21.947561264038086,18.84663963317871
2011-12-16,94.46541595458984,81.2779769897461,155.22999572753906,22.125102996826172,18.788162231445312
2011-12-19,93.45543670654297,82.30789947509766,154.8699951171875,22.023649215698242,18.854991912841797
2011-12-20,96.28340148925781,80.25465393066406,156.97999572753906,22.530914306640625,18.696264266967773
2011-12-21,96.46985626220703,79.1383285522461,157.16000366210938,22.691545486450195,18.696264266967773
2011-12-22,97.3244857788086,79.47061920166016,156.0399932861328,22.71691131591797,18.696264266967773
2011-12-23,98.19461059570312,78.58688354492188,156.30999755859375,22.82681655883789,18.70461654663086
2011-12-27,98.27230834960938,78.96015930175781,154.91000366210938,22.928268432617188,18.66284942626953
2011-12-28,96.98263549804688,80.4200668334961,151.02999877929688,22.657726287841797,18.83828353881836
2011-12-29,97.98484802246094,80.56668853759766,150.33999633789062,22.72536277770996,18.804866790771484
2011-12-30,97.503173828125,80.82665252685547,151.99000549316406,22.691545486450195,18.771451950073242
2012-01-03,99.05703735351562,79.61344909667969,155.9199981689453,23.367895126342773,18.61272621154785
2012-01-04,99.21240234375,78.66686248779297,156.7100067138672,23.545438766479492,18.712974548339844
2012-01-05,99.47652435302734,78.52686309814453,157.77999877929688,23.22416877746582,18.913471221923828
2012-01-06,99.22013854980469,79.14679718017578,157.1999969482422,23.32562255859375,18.980300903320312
2012-01-09,99.46099853515625,79.0068359375,156.5,23.350988388061523,18.913471221923828
2012-01-10,100.32341766357422,78.87354278564453,158.63999938964844,23.52007293701172,18.896760940551758
2012-01-11,100.37777709960938,79.9001235961914,159.6699981689453,23.452438354492188,18.980300903320312
2012-01-12,100.61860656738281,79.78675842285156,160.3800048828125,23.122716903686523,18.854991912841797
2012-01-13,100.09807586669922,80.580078125,159.25999450683594,23.071990966796875,19.00536346435547
2012-01-17,100.48654174804688,80.95331573486328,160.5,23.23262596130371,18.938533782958984
2012-01-18,101.59754180908203,79.97339630126953,161.60000610351562,23.24108123779297,18.771451950073242
2012-01-19,102.13360595703125,78.87354278564453,161.22000122070312,23.342533111572266,18.67120361328125
2012-01-20,102.51432037353516,77.98021697998047,162.07000732421875,23.173442840576172,18.68791389465332
2012-01-23,102.25013732910156,77.48693084716797,163.16000366210938,23.44398307800293,18.579309463500977
2012-01-24,102.13360595703125,77.62693786621094,162.00999450683594,23.486257553100586,18.6043701171875
2012-01-25,102.98822784423828,77.44032287597656,166.4199981689453,23.680707931518555,18.520832061767578
2012-01-26,102.4599380493164,78.4668960571289,167.27000427246094,23.748342514038086,18.50412368774414
2012-01-27,102.41329193115234,78.71353149414062,168.97000122070312,23.832887649536133,18.370458602905273
2012-01-30,102.06365203857422,79.64009857177734,168.02999877929688,23.58770751953125,18.43729019165039
2012-01-31,102.02485656738281,80.56005859375,169.30999755859375,23.52853012084961,18.479061126708984
2012-02-01,102.91828918457031,79.63723754882812,169.55999755859375,23.604618072509766,18.39552116394043
2012-02-02,103.08145904541016,79.60384368896484,171.0500030517578,23.66379737854004,18.40387725830078
2012-02-03,104.52650451660156,77.89321899414062,167.63999938964844,23.942792892456055,18.40387725830078
2012-02-06,104.45658111572266,78.66836547851562,167.17999267578125,24.061153411865234,18.412229537963867
2012-02-07,104.72074127197266,77.6927719116211,169.6999969482422,24.04424476623535,18.286916732788086
2012-02-08,105.031494140625,77.75286102294922,168.5,24.154150009155273,18.303627014160156
2012-02-09,105.16357421875,77.1715316772461,168.02000427246094,24.280967712402344,18.311979293823242
2012-02-10,104.38668823242188,78.1738510131836,167.13999938964844,24.05270004272461,18.428936004638672
2012-02-13,105.16357421875,78.27408599853516,167.50999450683594,24.111881256103516,18.40387725830078
2012-02-14,105.031494140625,78.68840789794922,167.1199951171875,24.103425979614258,18.49576759338379
2012-02-15,104.54206085205078,78.54811096191406,168.11000061035156,24.187969207763672,18.55424690246582
2012-02-16,105.69963073730469,77.919921875,168.0,24.297876358032227,18.487417221069336
2012-02-17,105.97932434082031,77.8998794555664,167.35000610351562,24.255605697631836,18.487417221069336
2012-02-21,106.02596282958984,77.03787994384766,171.02000427246094,24.63605499267578,18.412229537963867
2012-02-22,105.68411254882812,78.00682067871094,172.94000244140625,24.86431884765625,18.43729019165039
2012-02-23,106.1502914428711,78.00682067871094,173.02000427246094,24.94040870666504,18.295270919799805
2012-02-24,106.38333129882812,78.51460266113281,172.22999572753906,25.092586517333984,18.220083236694336
2012-02-27,106.56204223632812,79.20956420898438,171.6999969482422,24.889684677124023,18.278562545776367
2012-02-28,106.87281036376953,78.9489517211914,173.49000549316406,24.881229400634766,18.195024490356445
2012-02-29,106.45327758789062,78.46785736083984,164.2899932861328,24.788230895996094,18.345394134521484
2012-03-01,107.00489044189453,77.72916412353516,166.61000061035156,25.17713165283203,18.345394134521484
2012-03-02,106.6785659790039,78.4591293334961,166.33999633789062,24.923500061035156,18.470705032348633
2012-03-05,106.24351501464844,77.83629608154297,165.64999389648438,24.805137634277344,18.45400047302246
2012-03-06,104.68965911865234,78.78062438964844,162.6999969482422,24.399330139160156,18.570953369140625
2012-03-07,105.41998291015625,78.29846954345703,163.6300048828125,24.50923728942871,18.5458927154541
2012-03-08,106.46874237060547,77.51484680175781,165.27999877929688,24.712141036987305,18.420583724975586
2012-03-09,106.8805923461914,77.66889953613281,166.3800048828125,24.77977752685547,18.596017837524414
2012-03-12,106.88835906982422,77.65545654296875,165.07000732421875,24.745960235595703,18.570953369140625
2012-03-13,108.81507873535156,76.28921508789062,162.3000030517578,24.855863571166992,18.629432678222656
2012-03-14,108.69860076904297,74.36714172363281,159.57000732421875,24.68678092956543,18.729679107666016
2012-03-15,109.32788848876953,74.48094177246094,161.0800018310547,24.703685760498047,18.654495239257812
2012-03-16,109.4792251586914,74.6282730102539,161.3000030517578,25.00804328918457,18.529184341430664
2012-03-19,109.90843963623047,73.73756408691406,161.58999633789062,24.965774536132812,18.428936004638672
2012-03-20,109.5884780883789,74.03218078613281,160.1300048828125,24.661415100097656,18.46235466003418
2012-03-21,109.40901947021484,74.86940002441406,160.2100067138672,24.60223388671875,18.470705032348633
2012-03-22,108.6208724975586,75.11048889160156,159.57000732421875,24.40778350830078,18.49576759338379
2012-03-23,108.97203063964844,75.82041931152344,161.52999877929688,24.644506454467773,18.39552116394043
2012-03-26,110.50147247314453,75.43196868896484,164.39999389648438,24.754411697387695,18.278562545776367
2012-03-27,110.1581039428711,75.97445678710938,163.24000549316406,24.65296173095703,18.345394134521484
2012-03-28,109.61190032958984,75.86727905273438,161.50999450683594,24.41623878479004,18.33704376220703
2012-03-29,109.42463684082031,76.43656158447266,161.27999877929688,24.078060150146484,18.328691482543945
2012-03-30,109.87724304199219,75.1440200805664,162.1199951171875,24.348600387573242,18.303627014160156
2012-04-02,110.68095397949219,75.56031799316406,162.94000244140625,24.661415100097656,18.261859893798828
2012-04-03,110.22834777832031,74.2509536743164,159.88999938964844,24.551509857177734,18.39552116394043
2012-04-04,109.13591766357422,75.27157592773438,157.2100067138672,24.17106056213379,18.487417221069336
2012-04-05,109.08126068115234,75.81547546386719,158.30999755859375,24.26405906677246,18.5458927154541
2012-04-09,107.85617065429688,77.58815002441406,159.3699951171875,24.154150009155273,18.487417221069336
2012-04-10,106.04582214355469,78.46775817871094,161.10000610351562,23.832887649536133,18.51247787475586
2012-04-11,106.90413665771484,77.5276870727539,161.07000732421875,23.892066955566406,18.487417221069336
2012-04-12,108.30097961425781,77.20536804199219,162.6999969482422,24.204875946044922,18.362104415893555
2012-04-13,107.01338958740234,78.45429992675781,160.85000610351562,23.959701538085938,18.51247787475586
2012-04-16,106.9432144165039,78.34015655517578,160.4600067138672,23.722978591918945,18.43729019165039
2012-04-17,108.52726745605469,78.293212890625,160.25,23.832887649536133,18.428936004638672
2012-04-18,108.16047668457031,78.52149200439453,159.30999755859375,23.604618072509766,18.428936004638672
2012-04-19,107.46601867675781,78.59532928466797,159.42999267578125,23.613073348999023,18.420583724975586
2012-04-20,107.6455307006836,78.60875701904297,159.5399932861328,23.706071853637695,18.320335388183594
2012-04-23,106.74031829833984,79.17948150634766,159.07000732421875,23.66379737854004,18.37881088256836
2012-04-24,107.14608001708984,78.62215423583984,159.3000030517578,23.66379737854004,18.328691482543945
2012-04-25,108.61306762695312,78.21929168701172,159.6199951171875,23.799068450927734,18.286916732788086
2012-04-26,109.3699951171875,78.68930053710938,161.02999877929688,23.849794387817383,18.261859893798828
2012-04-27,109.54949188232422,78.75650787353516,161.3800048828125,23.92588233947754,18.22844123840332
2012-04-30,109.1436996459961,78.77661895751953,161.8800048828125,24.018882751464844,18.220083236694336
2012-05-01,109.82260131835938,78.36809539794922,161.32000732421875,24.018882751464844,18.236797332763672
2012-05-02,109.4948501586914,78.92001342773438,160.58999633789062,23.706071853637695,18.295270919799805
2012-05-03,108.65987396240234,78.89982604980469,158.97000122070312,23.44398307800293,18.311979293823242
2012-05-04,106.90413665771484,79.51904296875,159.47000122070312,23.02971839904785,18.387168884277344
2012-05-07,106.98223114013672,79.53255462646484,159.0800018310547,22.978994369506836,18.412229537963867
2012-05-08,106.55299377441406,79.95655822753906,156.0,22.89444923400879,18.45400047302246
2012-05-09,105.92098999023438,80.01045989990234,154.47000122070312,22.71691131591797,18.529184341430664
2012-05-10,106.13946533203125,79.77481079101562,154.77000427246094,22.72536277770996,18.5458927154541
2012-05-11,105.81951904296875,80.4344253540039,153.55999755859375,22.5562744140625,18.579309463500977
2012-05-14,104.6490478515625,81.55851745605469,151.3300018310547,22.260372161865234,18.66284942626953
2012-05-15,104.04821014404297,81.88836669921875,149.74000549316406,22.302642822265625,18.813220977783203
2012-05-16,103.65020751953125,82.1239242553711,149.4600067138672,22.277280807495117,18.854991912841797
2012-05-17,102.11302185058594,83.57781982421875,152.8000030517578,22.2265567779541,18.83828353881836
2012-05-18,101.23906707763672,83.5980224609375,154.5500030517578,22.209646224975586,18.763097763061523
2012-05-21,102.97918701171875,83.42302703857422,154.64999389648438,22.50554847717285,18.70461654663086
2012-05-22,103.15862274169922,82.49407196044922,152.0800018310547,22.184280395507812,18.896760940551758
2012-05-23,103.21324157714844,83.0663070678711,151.6199951171875,21.939104080200195,18.963592529296875
2012-05-24,103.41610717773438,82.74988555908203,151.41000366210938,21.947561264038086,19.038780212402344
2012-05-25,103.08059692382812,83.05956268310547,152.67999267578125,22.023649215698242,19.063840866088867
2012-05-29,104.32910919189453,82.80374908447266,151.02000427246094,21.930652618408203,19.04713249206543
2012-05-30,102.8153076171875,84.90380096435547,151.91000366210938,21.52484130859375,19.197505950927734
2012-05-31,102.58902740478516,85.88650512695312,151.6199951171875,21.33884620666504,19.20585823059082
2012-06-01,100.00614929199219,87.92546844482422,157.5,20.899215698242188,19.147382736206055
2012-06-04,99.95931243896484,87.230712890625,157.32000732421875,21.017578125,19.063840866088867
2012-06-05,100.71626281738281,86.06389617919922,157.13999938964844,20.941490173339844,19.130672454833984
2012-06-06,102.97918701171875,84.3439712524414,157.2100067138672,21.33039093017578,18.971946716308594
2012-06-07,103.04159545898438,84.47208404541016,154.5,21.18666648864746,18.997011184692383
2012-06-08,103.86090850830078,84.45185089111328,154.72999572753906,21.25429916381836,19.05548667907715
2012-06-11,102.54219055175781,84.83631896972656,155.36000061035156,20.865400314331055,19.080551147460938
2012-06-12,103.72046661376953,84.0606689453125,156.4600067138672,20.96685218811035,19.013721466064453
2012-06-13,103.05718994140625,84.89033508300781,157.1199951171875,20.80621910095215,18.955238342285156
2012-06-14,104.14964294433594,84.78237915039062,157.75,21.0513973236084,18.880054473876953
2012-06-15,105.21476745605469,85.25450134277344,157.83999633789062,21.017578125,18.796510696411133
2012-06-18,105.41873931884766,85.71316528320312,157.92999267578125,21.03448486328125,18.880054473876953
2012-06-19,106.43840026855469,84.59352111816406,157.16000366210938,21.2120304107666,18.738033294677734
2012-06-20,106.26583862304688,85.01165771484375,155.97000122070312,20.865400314331055,18.763097763061523
2012-06-21,103.88138580322266,85.46356964111328,152.02000427246094,20.41731834411621,18.963592529296875
2012-06-22,104.68143463134766,84.32376098632812,152.63999938964844,20.620222091674805,18.921825408935547
2012-06-25,103.0029296875,85.55126190185547,153.75999450683594,20.831581115722656,18.980300903320312
2012-06-26,103.52061462402344,85.21405792236328,152.6199951171875,20.975305557250977,18.94688606262207
2012-06-27,104.45398712158203,85.34892272949219,152.8300018310547,21.093669891357422,19.00536346435547
2012-06-28,104.1559066772461,85.55799102783203,151.0500030517578,20.865400314331055,19.030424118041992
2012-06-29,106.75218963623047,84.44512176513672,155.19000244140625,21.770017623901367,18.771451950073242
2012-07-02,107.07374572753906,85.31639099121094,155.08999633789062,21.727746963500977,18.813220977783203
2012-07-03,107.77967834472656,84.66075897216797,157.4600067138672,22.336462020874023,18.796510696411133
2012-07-05,107.29336547851562,85.09333801269531,155.67999267578125,22.421005249023438,19.04713249206543
2012-07-06,106.27372741699219,85.88420867919922,153.7100067138672,21.905284881591797,19.172443389892578
2012-07-09,106.140380859375,86.6412124633789,154.0399932861328,22.294189453125,19.11396598815918
2012-07-10,105.21476745605469,86.81697845458984,152.14999389648438,22.006742477416992,19.180795669555664
2012-07-11,105.23052215576172,86.92510986328125,152.99000549316406,22.251916885375977,19.197505950927734
2012-07-12,104.7206802368164,87.54024505615234,152.58999633789062,22.302642822265625,19.239274978637695
2012-07-13,106.47764587402344,87.3104248046875,154.13999938964844,22.573184967041016,19.15573501586914
2012-07-16,106.22664642333984,87.71600341796875,154.2100067138672,22.8521785736084,19.09725570678711
2012-07-17,106.95609283447266,87.02652740478516,153.47000122070312,22.87754249572754,19.080551147460938
2012-07-18,107.74830627441406,87.07386779785156,153.0500030517578,23.080446243286133,19.063840866088867
2012-07-19,108.03070831298828,86.85081481933594,153.3800048828125,23.359439849853516,19.05548667907715
2012-07-20,107.04237365722656,87.91200256347656,153.6699981689453,23.359439849853516,19.197505950927734
2012-07-23,105.95994567871094,88.40538787841797,153.02999877929688,22.86908531188965,19.22256851196289
2012-07-24,105.05007934570312,89.10163116455078,153.52000427246094,22.73381805419922,19.297754287719727
2012-07-25,105.0736312866211,89.3314437866211,155.6699981689453,22.902904510498047,19.197505950927734
2012-07-26,106.8070297241211,88.51358795166016,156.77000427246094,22.945175170898438,19.00536346435547
2012-07-27,108.77582550048828,86.843994140625,157.5399932861328,23.181900024414062,18.997011184692383
2012-07-30,108.77582550048828,87.49293518066406,157.42999267578125,23.317169189453125,19.022069931030273
2012-07-31,108.01502990722656,87.66868591308594,156.49000549316406,23.03817367553711,18.971946716308594
2012-08-01,107.92088317871094,87.2304458618164,155.13999938964844,23.071990966796875,19.10561180114746
2012-08-02,107.17573547363281,87.724853515625,154.1300048828125,22.87754249572754,19.139026641845703
2012-08-03,109.30133819580078,86.30919647216797,155.5500030517578,23.266443252563477,18.905113220214844
2012-08-06,109.5131607055664,86.34304809570312,156.3000030517578,23.40171241760254,18.880054473876953
2012-08-07,110.06219482421875,85.23218536376953,156.27999877929688,23.579256057739258,18.880054473876953
2012-08-08,110.19551849365234,84.77841186523438,156.47999572753906,23.646888732910156,18.913471221923828
2012-08-09,110.28968048095703,84.71735382080078,156.99000549316406,23.841341018676758,18.980300903320312
2012-08-10,110.47006225585938,85.14410400390625,157.17999267578125,23.714523315429688,18.94688606262207
2012-08-13,110.41516876220703,85.00187683105469,155.99000549316406,23.52853012084961,18.921825408935547
2012-08-14,110.43087005615234,83.85042572021484,155.1300048828125,23.553890228271484,18.93017578125
2012-08-15,110.55634307861328,82.67180633544922,155.6300048828125,23.756797790527344,18.980300903320312
2012-08-16,111.3720932006836,81.96736907958984,156.55999755859375,23.849794387817383,18.913471221923828
2012-08-17,111.52108764648438,82.3669662475586,156.72000122070312,23.88361358642578,18.94688606262207
2012-08-20,111.52899169921875,82.53629302978516,157.25999450683594,23.993518829345703,18.921825408935547
2012-08-21,111.19170379638672,82.90208435058594,158.8300018310547,24.213333129882812,18.796510696411133
2012-08-22,111.2387924194336,84.27033996582031,160.5399932861328,24.34014892578125,18.70461654663086
2012-08-23,110.3288803100586,84.62258911132812,161.88999938964844,24.221786499023438,18.67120361328125
2012-08-24,110.99560546875,84.541259765625,161.97000122070312,24.111881256103516,18.729679107666016
2012-08-27,111.01911926269531,85.03575897216797,161.36000061035156,24.00197410583496,18.746389389038086
2012-08-28,110.90929412841797,85.23895263671875,161.63999938964844,24.018882751464844,18.67120361328125
2012-08-29,110.99560546875,84.86642456054688,160.58999633789062,24.061153411865234,18.70461654663086
2012-08-30,110.19551849365234,85.30671691894531,160.52000427246094,24.086519241333008,18.746389389038086
2012-08-31,110.72108459472656,86.51242065429688,164.22000122070312,24.34014892578125,18.629432678222656
2012-09-04,110.6191177368164,86.42550659179688,164.47999572753906,24.348600387573242,18.654495239257812
2012-09-05,110.52500915527344,86.0182113647461,164.30999755859375,24.230241775512695,18.637786865234375
2012-09-06,112.76826477050781,84.58596801757812,164.88999938964844,24.221786499023438,18.587663650512695
2012-09-07,113.20755004882812,84.19226837158203,168.44000244140625,24.492326736450195,18.387168884277344
2012-09-10,112.56429290771484,84.39588928222656,167.2899932861328,24.52614402770996,18.44564437866211
2012-09-11,112.8780746459961,83.86643981933594,167.89999389648438,24.57686996459961,18.303627014160156
2012-09-12,113.25456237792969,82.82109832763672,167.9199981689453,24.703685760498047,18.286916732788086
2012-09-13,114.98019409179688,82.49519348144531,171.30999755859375,24.872772216796875,18.169963836669922
2012-09-14,115.4900131225586,80.30271911621094,171.8000030517578,25.134859085083008,18.07806968688965
2012-09-17,115.0978012084961,81.26654052734375,170.39999389648438,24.441600799560547,18.103132247924805
2012-09-18,115.00370788574219,81.67388153076172,171.72000122070312,24.26405906677246,18.161609649658203
2012-09-19,115.06643676757812,82.21012115478516,171.74000549316406,23.90897560119629,18.103132247924805
2012-09-20,115.07430267333984,82.41373443603516,171.47000122070312,24.04424476623535,18.18667221069336
2012-09-21,115.02620697021484,82.50882720947266,171.9600067138672,24.204875946044922,18.169963836669922
2012-09-24,114.85271453857422,83.1536636352539,171.0500030517578,23.951248168945312,18.21173095703125
2012-09-25,113.63045501708984,83.97503662109375,170.77000427246094,23.97661018371582,18.245147705078125
2012-09-26,112.99169158935547,84.87783813476562,169.80999755859375,23.807523727416992,18.278562545776367
2012-09-27,114.0562744140625,84.27374267578125,172.33999633789062,24.103425979614258,18.22844123840332
2012-09-28,113.52792358398438,84.32123565673828,171.88999938964844,24.247150421142578,18.311979293823242
2012-10-01,113.82756805419922,84.63417053222656,172.2899932861328,24.280967712402344,18.27021026611328
2012-10-02,113.94589233398438,84.51849365234375,172.10000610351562,24.154150009155273,18.25350570678711
2012-10-03,114.4111328125,84.54570770263672,172.41000366210938,23.739885330200195,18.303627014160156
2012-10-04,115.23125457763672,83.49132537841797,173.61000061035156,24.255605697631836,18.17831802368164
2012-10-05,115.23908233642578,82.40978240966797,172.6199951171875,24.1287899017334,18.17831802368164
2012-10-08,114.84487915039062,83.10362243652344,172.0500030517578,24.061153411865234,18.220083236694336
2012-10-09,113.70933532714844,82.9539566040039,170.99000549316406,24.23869514465332,18.33704376220703
2012-10-10,112.98383331298828,83.53895568847656,170.83999633789062,24.19642448425293,18.295270919799805
2012-10-11,113.04695129394531,84.1171646118164,171.32000732421875,24.475418090820312,18.261859893798828
2012-10-12,112.67633056640625,84.3280029296875,170.05999755859375,24.137245178222656,18.236797332763672
2012-10-15,113.61469268798828,84.1375732421875,168.35000610351562,24.018882751464844,18.245147705078125
2012-10-16,114.76595306396484,82.974365234375,169.4199981689453,24.035795211791992,18.169963836669922
2012-10-17,115.28643035888672,82.20570373535156,169.5399932861328,24.04424476623535,18.07806968688965
2012-10-18,114.9867935180664,81.70234680175781,168.7899932861328,24.035795211791992,18.153255462646484
2012-10-19,113.070556640625,82.81111145019531,166.97000122070312,23.672252655029297,18.220083236694336
2012-10-22,113.08633422851562,82.28053283691406,167.5800018310547,23.562347412109375,18.220083236694336
2012-10-23,111.51712799072266,83.45735931396484,165.42999267578125,23.2748966217041,18.303627014160156
2012-10-24,111.20173645019531,82.63426208496094,164.86000061035156,23.207263946533203,18.303627014160156
2012-10-25,111.52503967285156,82.21248626708984,166.02000427246094,23.266443252563477,18.320335388183594
2012-10-26,111.46192169189453,83.42330169677734,165.92999267578125,23.317169189453125,18.320335388183594
2012-10-31,111.46192169189453,83.91307830810547,166.8300018310547,23.300260543823242,18.286916732788086
2012-11-01,112.62899780273438,83.22604370117188,166.07000732421875,23.342533111572266,18.311979293823242
2012-11-02,111.62751007080078,83.16480255126953,162.60000610351562,22.945175170898438,18.43729019165039
2012-11-05,111.85621643066406,83.63420104980469,163.22999572753906,23.139625549316406,18.479061126708984
2012-11-06,112.73150634765625,82.84516906738281,166.3000030517578,23.553890228271484,18.45400047302246
2012-11-07,110.1766357421875,84.34842681884766,166.49000549316406,23.11426544189453,18.487417221069336
2012-11-08,108.85179901123047,85.6000747680664,167.99000549316406,23.148080825805664,18.487417221069336
2012-11-09,108.94646453857422,85.69532012939453,167.82000732421875,23.334077835083008,18.529184341430664
2012-11-12,109.0332260131836,85.83815002441406,167.4499969482422,23.22416877746582,18.537540435791016
2012-11-13,108.65469360351562,86.12384033203125,167.10000610351562,23.181900024414062,18.55424690246582
2012-11-14,107.18798065185547,86.20549774169922,167.13999938964844,23.249534606933594,18.5458927154541
2012-11-15,107.00660705566406,86.03538513183594,166.08999633789062,23.156536102294922,18.5458927154541
2012-11-16,107.53495025634766,85.96062469482422,165.8800048828125,23.25798797607422,18.579309463500977
2012-11-19,109.71138000488281,85.4776611328125,167.8699951171875,23.697616577148438,18.49576759338379
2012-11-20,109.75863647460938,84.62049865722656,167.38999938964844,23.5369815826416,18.487417221069336
2012-11-21,109.96367645263672,84.57286071777344,167.55999755859375,23.6384334564209,18.49576759338379
2012-11-23,111.46192169189453,84.49126434326172,169.61000061035156,23.722978591918945,18.320335388183594
2012-11-26,111.22537231445312,84.89261627197266,169.42999267578125,23.68916130065918,18.328691482543945
2012-11-27,110.65760803222656,85.22590637207031,168.7100067138672,23.655345916748047,18.387168884277344
2012-11-28,111.54864501953125,85.10347747802734,166.5500030517578,23.579256057739258,18.35375213623047
2012-11-29,112.069091796875,85.11711883544922,167.17999267578125,23.739885330200195,18.328691482543945
2012-11-30,112.09272766113281,84.88581848144531,166.0500030517578,23.756797790527344,18.311979293823242
2012-12-03,111.54078674316406,84.96417999267578,166.1300048828125,23.815977096557617,18.25350570678711
2012-12-04,111.383056640625,85.4549331665039,164.4199981689453,23.604618072509766,18.195024490356445
2012-12-05,111.58023071289062,85.41405487060547,164.1199951171875,23.579256057739258,18.236797332763672
2012-12-06,111.95873260498047,85.59807586669922,164.5,23.367895126342773,18.33704376220703
2012-12-07,112.2978515625,84.80743408203125,165.16000366210938,23.342533111572266,18.370458602905273
2012-12-10,112.3451156616211,85.18224334716797,165.8000030517578,23.291805267333984,18.345394134521484
2012-12-11,113.1099624633789,84.53485107421875,165.64999389648438,23.249534606933594,18.278562545776367
2012-12-12,113.16519165039062,83.55332946777344,165.77000427246094,23.359439849853516,18.245147705078125
2012-12-13,112.4712905883789,83.61467742919922,164.3699951171875,23.148080825805664,18.261859893798828
2012-12-14,112.05335235595703,84.2417221069336,164.1300048828125,23.291805267333984,18.169963836669922
2012-12-17,113.37020111083984,82.98082733154297,164.44000244140625,23.2748966217041,18.169963836669922
2012-12-18,114.63191986083984,82.13570404052734,162.0800018310547,23.334077835083008,18.11148452758789
2012-12-19,113.78025817871094,82.40837097167969,161.69000244140625,23.418622970581055,18.103132247924805
2012-12-20,114.43477630615234,82.4219741821289,159.72999572753906,23.308713912963867,18.0864200592041
2012-12-21,113.39606475830078,83.32162475585938,160.3300018310547,23.266443252563477,18.17831802368164
2012-12-24,113.04659271240234,83.17163848876953,160.6199951171875,23.190351486206055,18.17831802368164
2012-12-26,112.57014465332031,83.47087860107422,160.77999877929688,23.427074432373047,18.17831802368164
2012-12-27,112.41923522949219,83.75090789794922,161.16000366210938,23.427074432373047,18.17831802368164
2012-12-28,111.20417785644531,84.2290267944336,160.5399932861328,23.359439849853516,18.195024490356445
2012-12-31,113.09430694580078,82.77411651611328,162.02000427246094,23.486257553100586,18.220083236694336
2013-01-02,115.9928970336914,81.66755676269531,163.1699981689453,23.570798873901367,18.22844123840332
2013-01-03,115.73081970214844,80.56098937988281,161.1999969482422,23.3763484954834,18.370458602905273
2013-01-04,116.23910522460938,80.8752212524414,160.44000244140625,23.2748966217041,18.370458602905273
2013-01-07,115.92147064208984,80.9094009399414,159.42999267578125,23.317169189453125,18.311979293823242
2013-01-08,115.58787536621094,81.44214630126953,160.55999755859375,23.3763484954834,18.33704376220703
2013-01-09,115.88172912597656,81.36703491210938,160.49000549316406,23.342533111572266,18.39552116394043
2013-01-10,116.80290222167969,81.1416244506836,161.97999572753906,23.427074432373047,18.21173095703125
2013-01-11,116.79501342773438,81.86566162109375,161.05999755859375,23.32562255859375,18.161609649658203
2013-01-14,116.71553039550781,81.64022064208984,161.5399932861328,23.477802276611328,18.136545181274414
2013-01-15,116.79501342773438,82.01594543457031,162.55999755859375,23.3763484954834,18.18667221069336
2013-01-16,116.77909088134766,82.18670654296875,162.64999389648438,23.40171241760254,18.203378677368164
2013-01-17,117.5335693359375,81.36703491210938,163.35000610351562,23.503164291381836,18.169963836669922
2013-01-18,117.79564666748047,81.9954833984375,163.08999633789062,23.655345916748047,18.25350570678711
2013-01-22,118.430908203125,82.15252685546875,163.6699981689453,23.722978591918945,18.236797332763672
2013-01-23,118.62149810791016,82.0295639038086,163.2100067138672,23.748342514038086,18.236797332763672
2013-01-24,118.65325927734375,81.74266052246094,161.4199981689453,23.731435775756836,18.236797332763672
2013-01-25,119.32035827636719,80.62248229980469,160.64999389648438,23.680707931518555,18.195024490356445
2013-01-28,119.17740631103516,80.32878875732422,160.2899932861328,23.672252655029297,18.203378677368164
2013-01-29,119.64598083496094,79.88473510742188,160.99000549316406,23.807523727416992,18.153255462646484
2013-01-30,119.17740631103516,79.7481689453125,162.19000244140625,24.078060150146484,18.07806968688965
2013-01-31,118.883544921875,80.13748168945312,161.1999969482422,24.069608688354492,18.06136131286621
2013-02-01,120.1065902709961,79.09696197509766,161.4499969482422,24.162607192993164,18.04465103149414
2013-02-04,118.75647735595703,80.11012268066406,162.0,24.078060150146484,18.136545181274414
2013-02-05,119.95562744140625,79.39813995361328,161.9600067138672,24.17106056213379,18.128192901611328
2013-02-06,120.04296112060547,80.04851531982422,162.38999938964844,24.137245178222656,18.18667221069336
2013-02-07,119.88423919677734,79.8705062866211,161.83999633789062,24.04424476623535,18.286916732788086
2013-02-08,120.55123901367188,80.17855072021484,161.57000732421875,24.137245178222656,18.295270919799805
2013-02-11,120.5274887084961,80.11697387695312,159.6999969482422,24.05270004272461,18.311979293823242
2013-02-12,120.72594451904297,79.91841125488281,159.88999938964844,24.094972610473633,18.27021026611328
2013-02-13,120.82923889160156,79.26805877685547,159.0500030517578,24.103425979614258,18.278562545776367
2013-02-14,120.94041442871094,79.98690032958984,158.35000610351562,24.069608688354492,18.328691482543945
2013-02-15,120.7974624633789,79.75411224365234,155.75999450683594,23.968154907226562,18.345394134521484
2013-02-19,121.7027816772461,79.35707092285156,155.3300018310547,23.875158309936523,18.35375213623047
2013-02-20,120.18597412109375,79.5966796875,151.44000244140625,23.604618072509766,18.487417221069336
2013-02-21,119.45537567138672,80.06212615966797,152.6199951171875,23.334077835083008,18.562599182128906
2013-02-22,120.62274169921875,80.11697387695312,152.97000122070312,23.334077835083008,18.570953369140625
2013-02-25,118.32766723632812,81.69145965576172,154.33999633789062,23.22416877746582,18.64613914489746
2013-02-26,119.13768768310547,81.21916198730469,156.22000122070312,23.181900024414062,18.66284942626953
2013-02-27,120.63861846923828,80.97953796386719,154.57000732421875,23.03817367553711,18.587663650512695
2013-02-28,120.40038299560547,81.13014221191406,153.0,22.93671989440918,18.68791389465332
2013-03-01,120.7974624633789,81.57196807861328,152.44000244140625,22.776090621948242,18.746389389038086
2013-03-04,121.44070434570312,81.13968658447266,152.3000030517578,22.691545486450195,18.738033294677734
2013-03-05,122.52870178222656,80.90648651123047,152.3800048828125,22.902904510498047,18.712974548339844
2013-03-06,122.69548797607422,80.17239379882812,153.22999572753906,22.776090621948242,18.788162231445312
2013-03-07,122.9178237915039,79.5549545288086,152.69000244140625,22.928268432617188,18.70461654663086
2013-03-08,123.44194793701172,78.72481536865234,152.7100067138672,22.99590301513672,18.84663963317871
2013-03-11,123.91051483154297,78.80030822753906,152.99000549316406,23.0128116607666,18.804866790771484
2013-03-12,123.63258361816406,79.36972045898438,154.19000244140625,23.06353759765625,18.796510696411133
2013-03-13,123.80728912353516,79.28739929199219,153.66000366210938,22.945175170898438,18.8716983795166
2013-03-14,124.46648406982422,79.04725646972656,153.67999267578125,23.11426544189453,18.796510696411133
2013-03-15,124.3021011352539,79.417724609375,154.0,23.164989471435547,18.712974548339844
2013-03-18,123.61607360839844,80.02151489257812,155.3800048828125,23.02971839904785,18.82992935180664
2013-03-19,123.32891845703125,80.5634536743164,156.0800018310547,22.860633850097656,18.88840675354004
2013-03-20,124.1904296875,79.66471862792969,155.3699951171875,23.02126693725586,18.84663963317871
2013-03-21,123.12953186035156,80.43311309814453,156.25,22.919811248779297,18.84663963317871
2013-03-22,124.1186294555664,80.4948501586914,155.5500030517578,22.962085723876953,18.729679107666016
2013-03-25,123.60009002685547,80.41938018798828,155.24000549316406,22.978994369506836,18.863346099853516
2013-03-26,124.58929443359375,80.51544952392578,154.72000122070312,23.190351486206055,18.854991912841797
2013-03-27,124.58929443359375,81.20150756835938,155.36000061035156,23.308713912963867,18.93017578125
2013-03-28,124.97216796875,80.7898178100586,154.4499969482422,23.088899612426758,18.880054473876953
2013-04-01,124.4775619506836,81.39830780029297,154.6699981689453,23.088899612426758,18.813220977783203
2013-04-02,125.09178161621094,81.06831359863281,152.42999267578125,22.978994369506836,18.854991912841797
2013-04-03,123.82347869873047,81.79712677001953,150.72999572753906,22.590091705322266,18.813220977783203
2013-04-04,124.32604217529297,82.77339935302734,150.2899932861328,22.564729690551758,18.788162231445312
2013-04-05,123.7676773071289,84.44416809082031,152.80999755859375,22.547822952270508,18.754743576049805
2013-04-08,124.60521697998047,83.7978286743164,152.16000366210938,22.615453720092773,18.804866790771484
2013-04-09,125.03590393066406,83.59161376953125,153.33999633789062,22.759180068969727,18.72132682800293
2013-04-10,126.5674819946289,82.44339752197266,150.75,22.708454132080078,18.738033294677734
2013-04-11,126.98229217529297,82.60153198242188,151.0500030517578,22.615453720092773,18.68791389465332
2013-04-12,126.67121124267578,83.83223724365234,143.9499969482422,22.336462020874023,18.66284942626953
2013-04-15,123.73572540283203,84.56106567382812,131.30999755859375,21.66856575012207,18.72132682800293
2013-04-16,125.56241607666016,83.86660766601562,132.8000030517578,21.89683723449707,18.570953369140625
2013-04-17,123.72777557373047,84.42354583740234,132.8699951171875,21.5755672454834,18.771451950073242
2013-04-18,122.95406341552734,84.62984466552734,134.3000030517578,21.803836822509766,18.763097763061523
2013-04-19,124.02293395996094,84.45105743408203,135.47000122070312,21.753108978271484,18.796510696411133
2013-04-22,124.57335662841797,84.51290893554688,137.89999389648438,21.820743560791016,18.788162231445312
2013-04-23,125.8575668334961,84.2172622680664,136.8800048828125,21.68547248840332,18.854991912841797
2013-04-24,125.93734741210938,84.43041229248047,138.3699951171875,21.922197341918945,18.84663963317871
2013-04-25,126.44786834716797,84.06602478027344,141.6300048828125,22.209646224975586,18.804866790771484
2013-04-26,126.22454071044922,84.83607482910156,140.91000366210938,22.08283233642578,18.72132682800293
2013-04-29,127.070068359375,84.52667236328125,142.3000030517578,22.378732681274414,18.637786865234375
2013-04-30,127.37313079833984,84.57479858398438,142.77000427246094,22.209646224975586,18.5458927154541
2013-05-01,126.25640106201172,85.44364166259766,141.11000061035156,21.812288284301758,18.529184341430664
2013-05-02,127.42900848388672,85.33335876464844,141.9199981689453,22.09128189086914,18.654495239257812
2013-05-03,128.7212371826172,83.32150268554688,142.08999633789062,22.336462020874023,18.64613914489746
2013-05-06,129.0482940673828,83.11479187011719,142.14999389648438,22.361825942993164,18.68791389465332
2013-05-07,129.70242309570312,82.79097747802734,140.3800048828125,22.28573226928711,18.68791389465332
2013-05-08,130.29266357421875,82.9218978881836,142.4600067138672,22.387187957763672,18.6043701171875
2013-05-09,129.92575073242188,82.70832824707031,140.80999755859375,22.378732681274414,18.779804229736328
2013-05-10,130.34849548339844,81.81948852539062,139.60000610351562,22.277280807495117,18.880054473876953
2013-05-13,130.4521942138672,81.19246673583984,138.42999267578125,22.17582893371582,18.913471221923828
2013-05-14,131.80026245117188,80.31053161621094,137.80999755859375,22.09973907470703,18.98865509033203
2013-05-15,132.51022338867188,80.84798431396484,134.6300048828125,22.049013137817383,19.038780212402344
2013-05-16,131.88803100585938,81.68852233886719,134.08999633789062,22.023649215698242,19.030424118041992
2013-05-17,133.1642608642578,80.65498352050781,131.07000732421875,22.133556365966797,19.147382736206055
2013-05-20,133.1563262939453,80.55860900878906,135.1199951171875,22.277280807495117,19.030424118041992
2013-05-21,133.3478240966797,81.19246673583984,132.8800048828125,22.15046501159668,19.038780212402344
2013-05-22,132.35861206054688,79.98668670654297,131.94000244140625,22.049013137817383,19.122318267822266
2013-05-23,131.9757080078125,80.36569213867188,134.61000061035156,22.15046501159668,18.997011184692383
2013-05-24,131.86412048339844,80.47589111328125,133.75999450683594,22.065919876098633,18.971946716308594
2013-05-28,132.65374755859375,78.43646240234375,133.49000549316406,22.26882553100586,19.10561180114746
2013-05-29,131.7922821044922,79.3183364868164,134.8300018310547,22.125102996826172,18.963592529296875
2013-05-30,132.2788848876953,79.12541961669922,136.6999969482422,22.125102996826172,18.83828353881836
2013-05-31,130.38037109375,78.85673522949219,133.9199981689453,21.863018035888672,18.88840675354004
2013-06-03,131.09832763671875,79.27455139160156,136.50999450683594,22.133556365966797,18.754743576049805
2013-06-04,130.46810913085938,78.54251861572266,135.22999572753906,22.21809959411621,18.763097763061523
2013-06-05,128.64146423339844,79.62679290771484,135.52000427246094,22.116647720336914,18.729679107666016
2013-06-06,129.80609130859375,79.57847595214844,136.52999877929688,22.20119285583496,18.487417221069336
2013-06-07,131.45729064941406,78.15572357177734,133.27999877929688,22.251916885375977,18.51247787475586
2013-06-10,131.45729064941406,77.78274536132812,133.94000244140625,22.16737174987793,18.520832061767578
2013-06-11,130.10121154785156,78.7082290649414,133.25,21.972925186157227,18.362104415893555
2013-06-12,129.02435302734375,77.58245849609375,134.25,21.998287200927734,18.35375213623047
2013-06-13,130.98666381835938,78.79801940917969,133.74000549316406,22.142009735107422,18.295270919799805
2013-06-14,130.16505432128906,78.6115951538086,134.42999267578125,22.23500633239746,18.278562545776367
2013-06-17,131.17007446289062,78.19712829589844,133.77000427246094,22.28573226928711,18.245147705078125
2013-06-18,132.2070770263672,78.23858642578125,132.1300048828125,22.328006744384766,18.261859893798828
2013-06-19,130.38037109375,77.43054962158203,130.58999633789062,22.361825942993164,18.428936004638672
2013-06-20,127.14983367919922,76.15969848632812,123.5999984741211,21.634746551513672,18.537540435791016
2013-06-21,127.55796813964844,74.86814880371094,125.05000305175781,21.49947738647461,18.66284942626953
2013-06-24,125.94619750976562,75.17896270751953,123.93000030517578,21.40648078918457,18.679555892944336
2013-06-25,127.15702819824219,74.50895690917969,123.47000122070312,21.423389434814453,18.712974548339844
2013-06-26,128.41600036621094,74.99242401123047,118.27999877929688,21.364208221435547,18.813220977783203
2013-06-27,129.16981506347656,75.7591323852539,115.94000244140625,21.35575294494629,18.804866790771484
2013-06-28,128.64051818847656,76.2770767211914,119.11000061035156,21.245847702026367,18.84663963317871
2013-07-01,129.3943328857422,76.4308090209961,121.12999725341797,21.38111686706543,18.804866790771484
2013-07-02,129.27401733398438,76.3823471069336,120.05000305175781,21.465660095214844,18.93017578125
2013-07-03,129.3302001953125,76.15384674072266,120.73999786376953,21.660112380981445,18.854991912841797
2013-07-05,130.72544860839844,73.55797576904297,118.08999633789062,21.609384536743164,19.130672454833984
2013-07-08,131.47122192382812,74.27098846435547,119.51000213623047,21.71929168701172,19.080551147460938
2013-07-09,132.41744995117188,74.34711456298828,120.62000274658203,21.854562759399414,19.15573501586914
2013-07-10,132.46556091308594,73.765625,120.94999694824219,21.922197341918945,19.030424118041992
2013-07-11,134.26983642578125,74.63093566894531,124.23999786376953,22.0321044921875,18.729679107666016
2013-07-12,134.3259735107422,74.56865692138672,124.12999725341797,22.116647720336914,18.771451950073242
2013-07-15,134.8392333984375,74.9632339477539,124.18000030517578,22.057466506958008,18.788162231445312
2013-07-16,134.3340301513672,75.21936798095703,124.88999938964844,22.08283233642578,18.654495239257812
2013-07-17,134.67884826660156,75.3578109741211,123.31999969482422,22.065919876098633,18.696264266967773
2013-07-18,135.41651916503906,74.41633605957031,124.01000213623047,22.158918380737305,18.729679107666016
2013-07-19,135.6571807861328,75.5931396484375,125.11000061035156,22.17582893371582,18.679555892944336
2013-07-22,135.92176818847656,75.70389556884766,128.83999633789062,22.158918380737305,18.596017837524414
2013-07-23,135.6331329345703,75.385498046875,129.7100067138672,22.19273567199707,18.537540435791016
2013-07-24,135.1358642578125,74.43016052246094,127.4800033569336,22.015193939208984,18.6043701171875
2013-07-25,135.4647979736328,74.40251159667969,128.6699981689453,21.989831924438477,18.479061126708984
2013-07-26,135.60903930664062,74.85939025878906,128.77999877929688,21.854562759399414,18.46235466003418
2013-07-29,135.19207763671875,74.31249237060547,128.47000122070312,21.846111297607422,18.46235466003418
2013-07-30,135.19207763671875,74.28482818603516,128.1199951171875,21.770017623901367,18.50412368774414
2013-07-31,135.2882537841797,74.55480194091797,127.95999908447266,21.922197341918945,18.45400047302246
2013-08-01,136.85198974609375,73.11823272705078,126.61000061035156,21.972925186157227,18.61272621154785
2013-08-02,137.08450317382812,73.92324829101562,126.36000061035156,21.888378143310547,18.51247787475586
2013-08-05,136.884033203125,73.35417175292969,125.69999694824219,21.778472900390625,18.487417221069336
2013-08-06,136.106201171875,73.56937408447266,123.97000122070312,21.600929260253906,18.43729019165039
2013-08-07,135.66514587402344,74.11759948730469,124.1500015258789,21.457204818725586,18.362104415893555
2013-08-08,136.16233825683594,74.3188705444336,126.86000061035156,21.567113876342773,18.303627014160156
2013-08-09,135.76942443847656,74.43680572509766,126.86000061035156,21.71929168701172,18.320335388183594
2013-08-12,135.60903930664062,73.93016815185547,129.1300048828125,21.98137855529785,18.370458602905273
2013-08-13,136.00999450683594,72.86145782470703,127.73999786376953,21.972925186157227,18.46235466003418
2013-08-14,135.31239318847656,72.97248077392578,129.0,22.15046501159668,18.45400047302246
2013-08-15,133.41990661621094,71.987060546875,131.69000244140625,22.361825942993164,18.328691482543945
2013-08-16,132.9788360595703,71.73722076416016,132.5800018310547,22.370277404785156,18.362104415893555
2013-08-19,132.12881469726562,71.11264038085938,132.00999450683594,22.34491539001465,18.35375213623047
2013-08-20,132.77833557128906,71.6608657836914,132.4499969482422,22.302642822265625,18.27021026611328
2013-08-21,131.9603729248047,70.87661743164062,132.07000732421875,22.277280807495117,18.362104415893555
2013-08-22,133.16329956054688,71.59838104248047,132.80999755859375,22.28573226928711,18.40387725830078
2013-08-23,133.6122589111328,72.37568664550781,134.89999389648438,22.46327781677246,18.370458602905273
2013-08-26,133.1151580810547,72.73651885986328,135.4499969482422,22.590091705322266,18.370458602905273
2013-08-27,130.97406005859375,73.652587890625,136.75,22.809904098510742,18.311979293823242
2013-08-28,131.43917846679688,73.05575561523438,136.7100067138672,22.84372329711914,18.387168884277344
2013-08-29,131.6476593017578,73.63874053955078,135.8699951171875,22.60700225830078,18.51247787475586
2013-08-30,131.23069763183594,73.55545043945312,134.6199951171875,22.539363861083984,18.537540435791016
2013-09-03,131.8240203857422,72.51800537109375,136.4199981689453,22.657726287841797,18.596017837524414
2013-09-04,132.9146270751953,72.35791015625,134.66000366210938,22.46327781677246,18.529184341430664
2013-09-05,133.08306884765625,71.34901428222656,132.1999969482422,22.412551879882812,18.654495239257812
2013-09-06,133.14718627929688,71.70387268066406,134.14999389648438,22.539363861083984,18.5458927154541
2013-09-09,134.42225646972656,71.73867797851562,133.91000366210938,22.395639419555664,18.45400047302246
2013-09-10,135.41651916503906,71.23766326904297,131.74000549316406,22.19273567199707,18.45400047302246
2013-09-11,135.84156799316406,71.87088012695312,131.6999969482422,22.2265567779541,18.387168884277344
2013-09-12,135.48072814941406,71.77344512939453,127.66999816894531,22.336462020874023,18.387168884277344
2013-09-13,135.78546142578125,72.05181121826172,127.81999969482422,22.26882553100586,18.370458602905273
2013-09-16,136.57127380371094,71.57168579101562,126.44999694824219,21.989831924438477,18.328691482543945
2013-09-17,137.1807403564453,72.16313171386719,126.5,21.761564254760742,18.295270919799805
2013-09-18,138.7685546875,73.05377197265625,132.00999450683594,22.23500633239746,18.0864200592041
2013-09-19,138.5359649658203,72.62232971191406,131.75,22.15046501159668,18.11148452758789
2013-09-20,137.56735229492188,73.00506591796875,127.95999908447266,21.947561264038086,18.119836807250977
2013-09-23,136.93080139160156,73.54083251953125,127.55000305175781,21.786928176879883,18.128192901611328
2013-09-24,136.60850524902344,74.33411407470703,127.66000366210938,21.778472900390625,18.161609649658203
2013-09-25,136.21365356445312,74.48714447021484,128.7899932861328,21.812288284301758,18.103132247924805
2013-09-26,136.7373809814453,73.96528625488281,127.79000091552734,21.98137855529785,18.1448974609375
2013-09-27,136.10891723632812,74.14618682861328,128.97000122070312,21.871471405029297,18.07806968688965
2013-09-30,135.3836669921875,74.03486633300781,128.17999267578125,21.778472900390625,18.069713592529297
2013-10-01,136.45538330078125,73.81022644042969,124.58999633789062,21.634746551513672,18.05300521850586
2013-10-02,136.32643127441406,73.92186737060547,127.05999755859375,21.846111297607422,17.986175537109375
2013-10-03,135.0693817138672,73.80325317382812,127.18000030517578,21.812288284301758,17.969465255737305
2013-10-04,136.0927734375,73.74742889404297,126.52999877929688,21.879924774169922,18.05300521850586
2013-10-07,134.91627502441406,74.04740142822266,127.63999938964844,22.0321044921875,18.002883911132812
2013-10-08,133.34495544433594,74.068359375,127.4000015258789,22.108192443847656,18.0112361907959
2013-10-09,133.441650390625,73.4753189086914,126.11000061035156,21.947561264038086,18.094778060913086
2013-10-10,136.31837463378906,73.59394836425781,124.2699966430664,22.2265567779541,18.128192901611328
2013-10-11,137.1967010498047,73.57302856445312,122.5999984741211,22.108192443847656,18.094778060913086
2013-10-14,137.74462890625,72.98003387451172,122.83000183105469,22.09973907470703,18.06136131286621
2013-10-15,136.7454833984375,72.93122863769531,123.7300033569336,22.023649215698242,18.128192901611328
2013-10-16,138.6552734375,73.8450927734375,123.54000091552734,22.19273567199707,18.119836807250977
2013-10-17,139.5819549560547,74.51483917236328,127.41999816894531,22.074377059936523,17.919342041015625
2013-10-18,140.52471923828125,74.6752700805664,126.8499984741211,22.20119285583496,17.919342041015625
2013-10-21,140.53274536132812,74.4381103515625,126.9800033569336,22.15046501159668,17.936050415039062
2013-10-22,141.3466339111328,75.268310546875,129.33999633789062,22.125102996826172,17.835803985595703
2013-10-23,140.6697998046875,75.56131744384766,128.69000244140625,21.786928176879883,17.84415626525879
2013-10-24,141.1371307373047,75.268310546875,129.89999389648438,21.795381546020508,17.819093704223633
2013-10-25,141.78173828125,75.54731750488281,130.4600067138672,21.863018035888672,17.827449798583984
2013-10-28,142.00732421875,75.28923797607422,130.55999755859375,21.947561264038086,17.860864639282227
2013-10-29,142.7648468017578,75.38685607910156,129.77000427246094,21.888378143310547,17.91098976135254
2013-10-30,142.05580139160156,74.93340301513672,129.60000610351562,21.95601463317871,17.94440269470215
2013-10-31,141.6528778076172,75.0938491821289,127.73999786376953,21.770017623901367,18.069713592529297
2013-11-01,141.9912567138672,74.28103637695312,126.94999694824219,21.49947738647461,18.169963836669922
2013-11-04,142.4908447265625,74.35102844238281,126.80999755859375,21.40648078918457,18.119836807250977
2013-11-05,142.03961181640625,73.46260070800781,126.55999755859375,21.347299575805664,18.161609649658203
2013-11-06,142.7648468017578,73.49755859375,127.19999694824219,21.364208221435547,18.103132247924805
2013-11-07,140.95986938476562,74.12015533447266,126.16000366210938,21.2120304107666,18.18667221069336
2013-11-08,142.86151123046875,72.3364028930664,124.27999877929688,21.33039093017578,18.295270919799805
2013-11-11,142.88568115234375,72.0635986328125,123.87000274658203,21.423389434814453,18.245147705078125
2013-11-12,142.59567260742188,72.39934539794922,122.44999694824219,21.279664993286133,18.25350570678711
2013-11-13,143.73989868164062,72.66513061523438,122.8499984741211,21.372665405273438,18.21173095703125
2013-11-14,144.45706176757812,73.11287689208984,124.2699966430664,21.465660095214844,18.21173095703125
2013-11-15,145.0856170654297,73.2597885131836,124.31999969482422,21.43184471130371,18.17831802368164
2013-11-18,144.5779266357422,73.700439453125,122.9000015258789,21.288118362426758,18.153255462646484
2013-11-19,144.26364135742188,73.14083862304688,122.94999694824219,21.25429916381836,18.1448974609375
2013-11-20,143.8123779296875,71.89568328857422,120.12000274658203,21.271207809448242,18.22844123840332
2013-11-21,144.9727783203125,72.01461029052734,119.94000244140625,21.541749954223633,18.22844123840332
2013-11-22,145.69796752929688,72.68612670898438,119.91999816894531,21.609384536743164,18.153255462646484
2013-11-25,145.5529327392578,72.89598846435547,120.45999908447266,21.584020614624023,18.17831802368164
2013-11-26,145.59323120117188,73.16877746582031,119.81999969482422,21.5755672454834,18.119836807250977
2013-11-27,145.9477996826172,73.04290771484375,119.45999908447266,21.5755672454834,18.1448974609375
2013-11-29,145.85110473632812,73.0638656616211,120.69999694824219,21.567113876342773,18.128192901611328
2013-12-02,145.47235107421875,72.49560546875,117.58000183105469,21.541749954223633,18.18667221069336
2013-12-03,144.84384155273438,72.76217651367188,117.95999908447266,21.66856575012207,18.128192901611328
2013-12-04,144.82769775390625,72.06764221191406,119.95999908447266,21.710838317871094,18.119836807250977
2013-12-05,144.19114685058594,71.86418151855469,118.30000305175781,21.68547248840332,18.02794647216797
2013-12-06,145.80271911621094,72.2079849243164,118.55000305175781,21.761564254760742,18.02794647216797
2013-12-09,146.17343139648438,72.37635803222656,119.72000122070312,21.68547248840332,18.0112361907959
2013-12-10,145.64962768554688,72.89553833007812,121.81999969482422,21.753108978271484,17.96111488342285
2013-12-11,144.0138397216797,72.33424377441406,120.86000061035156,21.753108978271484,17.952756881713867
2013-12-12,143.53843688964844,72.06060028076172,118.29000091552734,21.550203323364258,18.019588470458984
2013-12-13,143.52230834960938,72.41142272949219,119.37999725341797,21.465660095214844,18.02794647216797
2013-12-16,144.41673278808594,72.14480590820312,119.69000244140625,21.533292770385742,17.994529724121094
2013-12-17,143.95748901367188,72.4675521850586,118.6500015258789,21.43184471130371,17.994529724121094
2013-12-18,146.4152069091797,72.10273742675781,117.61000061035156,21.4741153717041,18.069713592529297
2013-12-19,146.24595642089844,72.0325698852539,114.81999969482422,21.52484130859375,18.11148452758789
2013-12-20,147.09658813476562,73.14107513427734,115.94000244140625,21.69392967224121,18.094778060913086
2013-12-23,147.88246154785156,72.72712707519531,115.56999969482422,21.69392967224121,18.06136131286621
2013-12-24,148.2064666748047,72.14480590820312,116.0999984741211,21.761564254760742,18.07806968688965
2013-12-26,148.96005249023438,71.86678314208984,116.73999786376953,21.795381546020508,18.069713592529297
2013-12-27,148.95188903808594,71.66259002685547,117.12000274658203,21.854562759399414,18.036298751831055
2013-12-30,148.92764282226562,72.15540313720703,115.38999938964844,21.727746963500977,17.952756881713867
2013-12-31,149.63250732421875,71.69786071777344,116.12000274658203,21.69392967224121,17.977821350097656
2014-01-02,148.19850158691406,71.91606903076172,118.0,21.38111686706543,18.0864200592041
2014-01-03,148.1741485595703,71.91606903076172,119.29000091552734,21.245847702026367,18.161609649658203
2014-01-06,147.7447509765625,72.21875,119.5,21.271207809448242,18.11148452758789
2014-01-07,148.65219116210938,72.4017333984375,118.81999969482422,21.25429916381836,18.161609649658203
2014-01-08,148.68460083007812,72.20467376708984,118.12000274658203,21.0513973236084,18.195024490356445
2014-01-09,148.78176879882812,72.62701416015625,118.45999908447266,20.882308959960938,18.17831802368164
2014-01-10,149.18687438964844,73.49275970458984,120.26000213623047,21.017578125,18.103132247924805
2014-01-13,147.20196533203125,73.8587875366211,121.0199966430664,21.009124755859375,18.06136131286621
2014-01-14,148.8061065673828,73.52093505859375,119.88999938964844,21.009124755859375,18.094778060913086
2014-01-15,149.60813903808594,73.44349670410156,119.66000366210938,21.06830596923828,18.17831802368164
2014-01-16,149.4137725830078,73.93622589111328,119.79000091552734,21.03448486328125,18.161609649658203
2014-01-17,148.78176879882812,74.24591827392578,120.93000030517578,21.059850692749023,18.22844123840332
2014-01-21,149.2193145751953,74.3022232055664,119.69999694824219,21.11057472229004,18.195024490356445
2014-01-22,149.31654357910156,74.11921691894531,119.19000244140625,21.2120304107666,18.220083236694336
2014-01-23,148.09312438964844,75.16799926757812,121.79000091552734,21.19512176513672,18.036298751831055
2014-01-24,144.93344116210938,75.65370178222656,122.29000091552734,21.20357322692871,18.06136131286621
2014-01-27,144.2205047607422,75.12577819824219,120.95999908447266,21.059850692749023,18.06136131286621
2014-01-28,145.0792694091797,75.30879211425781,120.94999694824219,21.161300659179688,18.069713592529297
2014-01-29,143.68572998046875,75.92823028564453,122.47000122070312,21.14439582824707,18.069713592529297
2014-01-30,145.2089080810547,75.70995330810547,119.7699966430664,21.059850692749023,18.18667221069336
2014-01-31,144.3582000732422,76.21678924560547,120.08999633789062,21.03448486328125,18.236797332763672
2014-02-03,141.1093292236328,77.1454849243164,121.31999969482422,21.03448486328125,18.17831802368164
2014-02-04,142.09783935546875,76.326904296875,120.98999786376953,21.19512176513672,18.195024490356445
2014-02-05,141.91957092285156,75.62120056152344,121.29000091552734,21.23739242553711,18.169963836669922
2014-02-06,143.7910919189453,75.29658508300781,121.23999786376953,21.321937561035156,18.1448974609375
2014-02-07,145.57351684570312,75.36003112792969,122.16999816894531,21.567113876342773,18.0864200592041
2014-02-10,145.8408660888672,75.57179260253906,122.91999816894531,21.448753356933594,18.069713592529297
2014-02-11,147.43690490722656,75.13426971435547,124.36000061035156,21.558658599853516,18.069713592529297
2014-02-12,147.5098114013672,74.74617004394531,124.43000030517578,21.600929260253906,18.0864200592041
2014-02-13,148.27139282226562,75.16954803466797,125.48999786376953,21.71929168701172,17.986175537109375
2014-02-14,149.0896759033203,75.21190643310547,127.1500015258789,21.795381546020508,17.952756881713867
2014-02-18,149.26795959472656,75.38127136230469,127.4000015258789,22.108192443847656,17.919342041015625
2014-02-19,148.2794647216797,75.06370544433594,126.2699966430664,22.16737174987793,17.969465255737305
2014-02-20,149.1544952392578,74.8802490234375,127.5999984741211,22.209646224975586,17.994529724121094
2014-02-21,148.98434448242188,75.27542114257812,127.58000183105469,22.15046501159668,17.977821350097656
2014-02-24,149.81072998046875,75.08487701416016,128.99000549316406,22.24346160888672,17.969465255737305
2014-02-25,149.75404357910156,75.75527954101562,129.2100067138672,22.142009735107422,17.94440269470215
2014-02-26,149.76210021972656,76.15750885009766,128.11000061035156,22.08283233642578,18.0112361907959
2014-02-27,150.54800415039062,76.57388305664062,128.1999969482422,22.015193939208984,17.977821350097656
2014-02-28,150.92880249023438,76.61622619628906,127.62000274658203,22.09128189086914,17.860864639282227
2014-03-03,149.86741638183594,77.12763977050781,130.2899932861328,22.395639419555664,17.927698135375977
2014-03-04,151.97390747070312,75.96754455566406,128.67999267578125,22.311100006103516,17.94440269470215
2014-03-05,152.1116485595703,76.13023376464844,128.88999938964844,22.125102996826172,17.936050415039062
2014-03-06,152.45997619628906,75.38038635253906,130.1699981689453,22.328006744384766,17.835803985595703
2014-03-07,152.5248260498047,74.90644836425781,129.08999633789062,22.2265567779541,17.852510452270508
2014-03-10,152.44381713867188,75.01253509521484,129.1300048828125,22.040557861328125,17.860864639282227
2014-03-11,151.6903839111328,75.21064758300781,129.86000061035156,22.049013137817383,17.860864639282227
2014-03-12,151.73080444335938,75.73409271240234,131.75999450683594,21.989831924438477,17.810741424560547
2014-03-13,150.02951049804688,76.75273132324219,132.2100067138672,21.888378143310547,17.819093704223633
2014-03-14,149.60813903808594,76.76686096191406,133.10000610351562,22.006742477416992,17.777326583862305
2014-03-17,150.961181640625,76.19390869140625,131.63999938964844,21.761564254760742,17.760616302490234
2014-03-18,152.03875732421875,76.46979522705078,130.6199951171875,21.871471405029297,17.768972396850586
2014-03-19,151.2285614013672,75.87557220458984,128.08999633789062,21.863018035888672,17.90263557434082
2014-03-20,152.1116485595703,75.74116516113281,127.86000061035156,21.761564254760742,17.96111488342285
2014-03-21,151.52169799804688,76.5617446899414,128.47000122070312,21.778472900390625,17.936050415039062
2014-03-24,150.89508056640625,77.1064453125,126.18000030517578,21.770017623901367,17.88592529296875
2014-03-25,151.6112060546875,76.81639862060547,126.41000366210938,21.913742065429688,17.894283294677734
2014-03-26,150.5207061767578,77.41771697998047,125.41000366210938,21.89683723449707,17.894283294677734
2014-03-27,150.2034149169922,77.80674743652344,124.58999633789062,22.09128189086914,17.94440269470215
2014-03-28,150.9438934326172,77.36820983886719,124.55999755859375,22.09973907470703,17.94440269470215
2014-03-31,152.1808319091797,77.17720031738281,123.61000061035156,22.08283233642578,17.927698135375977
2014-04-01,153.18984985351562,76.517578125,123.38999938964844,21.812288284301758,17.927698135375977
2014-04-02,153.70254516601562,76.07789611816406,124.31999969482422,21.761564254760742,17.96111488342285
2014-04-03,153.49913024902344,76.4112548828125,123.91999816894531,21.939104080200195,18.0112361907959
2014-04-04,151.68438720703125,76.9218521118164,125.56999969482422,22.040557861328125,17.994529724121094
2014-04-07,150.0081024169922,77.38286590576172,124.91000366210938,21.989831924438477,17.952756881713867
2014-04-08,150.62661743164062,77.5672836303711,126.08999633789062,22.24346160888672,17.835803985595703
2014-04-09,152.24594116210938,77.18426513671875,126.31999969482422,22.302642822265625,17.768972396850586
2014-04-10,149.0478515625,77.90058898925781,127.01000213623047,22.311100006103516,17.760616302490234
2014-04-11,147.7051544189453,78.53177642822266,126.93000030517578,22.209646224975586,17.768972396850586
2014-04-14,148.86880493164062,78.32611083984375,127.8499984741211,22.412551879882812,17.819093704223633
2014-04-15,149.89414978027344,78.81549835205078,125.48999786376953,22.429458618164062,17.835803985595703
2014-04-16,151.46475219726562,78.91477966308594,125.54000091552734,22.471729278564453,17.852510452270508
2014-04-17,151.67630004882812,78.0495376586914,124.75,22.522457122802734,17.852510452270508
2014-04-21,152.20523071289062,77.98568725585938,124.23999786376953,22.446367263793945,17.869218826293945
2014-04-22,152.89694213867188,78.24813842773438,123.77999877929688,22.43791389465332,17.852510452270508
2014-04-23,152.5388946533203,78.69491577148438,123.76000213623047,22.421005249023438,17.852510452270508
2014-04-24,152.84808349609375,78.84386444091797,124.55999755859375,22.5562744140625,17.827449798583984
2014-04-25,151.59490966796875,78.95735931396484,125.43000030517578,22.46327781677246,17.827449798583984
2014-04-28,152.0750274658203,78.57433319091797,124.87999725341797,22.387187957763672,17.810741424560547
2014-04-29,152.78297424316406,78.46794128417969,124.86000061035156,22.446367263793945,17.827449798583984
2014-04-30,153.2386932373047,78.79418182373047,124.22000122070312,22.328006744384766,17.777326583862305
2014-05-01,153.25498962402344,79.6395263671875,123.80000305175781,22.158918380737305,17.768972396850586
2014-05-02,153.03529357910156,80.13005065917969,125.05999755859375,22.21809959411621,17.768972396850586
2014-05-05,153.3282470703125,79.64661407470703,126.22000122070312,22.16737174987793,17.760616302490234
2014-05-06,151.99368286132812,79.9665298461914,125.9800033569336,22.184280395507812,17.67707633972168
2014-05-07,152.8887939453125,79.6821517944336,124.16999816894531,22.24346160888672,17.685428619384766
2014-05-08,152.72601318359375,79.34089660644531,124.16999816894531,22.17582893371582,17.72719955444336
2014-05-09,152.95387268066406,79.08496856689453,124.0999984741211,22.065919876098633,17.835803985595703
2014-05-12,154.44308471679688,78.76506042480469,124.94000244140625,22.116647720336914,17.852510452270508
2014-05-13,154.58140563964844,79.4475326538086,124.5999984741211,22.21809959411621,17.894283294677734
2014-05-14,153.8490447998047,80.30779266357422,125.80999755859375,22.319549560546875,17.88592529296875
2014-05-15,152.49819946289062,80.94763946533203,124.7699966430664,22.184280395507812,17.869218826293945
2014-05-16,153.0271453857422,80.72010040283203,124.5,22.209646224975586,17.869218826293945
2014-05-19,153.588623046875,80.12295532226562,124.58000183105469,22.19273567199707,17.869218826293945
2014-05-20,152.62025451660156,80.30068969726562,124.69000244140625,22.23500633239746,17.87757110595703
2014-05-21,153.90603637695312,79.81014251708984,124.38999938964844,22.277280807495117,17.87757110595703
2014-05-22,154.28030395507812,79.69636535644531,124.66999816894531,22.294189453125,17.91098976135254
2014-05-23,154.8987579345703,80.12295532226562,124.51000213623047,22.34491539001465,17.94440269470215
2014-05-27,155.8508758544922,80.5921859741211,121.8499984741211,22.158918380737305,17.936050415039062
2014-05-28,155.73696899414062,81.58748626708984,121.19999694824219,22.16737174987793,17.986175537109375
2014-05-29,156.54251098632812,81.15379333496094,120.94000244140625,22.17582893371582,17.977821350097656
2014-05-30,156.7947998046875,81.11823272705078,120.43000030517578,22.006742477416992,17.936050415039062
2014-06-02,156.973876953125,80.5152359008789,119.69999694824219,21.98137855529785,18.002883911132812
2014-06-03,156.89248657226562,79.52449798583984,120.01000213623047,21.964468002319336,17.986175537109375
2014-06-04,157.2098388671875,79.50310516357422,119.76000213623047,21.905284881591797,18.002883911132812
2014-06-05,158.23521423339844,79.53870391845703,120.66000366210938,21.930652618408203,17.927698135375977
2014-06-06,158.9919891357422,79.53870391845703,120.61000061035156,22.023649215698242,17.936050415039062
2014-06-09,159.15472412109375,79.4246826171875,120.6500015258789,22.116647720336914,18.002883911132812
2014-06-10,159.1709747314453,79.13247680664062,121.38999938964844,22.057466506958008,18.036298751831055
2014-06-11,158.61764526367188,79.2750244140625,121.41000366210938,21.998287200927734,18.036298751831055
2014-06-12,157.49459838867188,79.98064422607422,122.63999938964844,22.311100006103516,17.994529724121094
2014-06-13,157.97474670410156,79.93788146972656,122.95999908447266,22.311100006103516,17.994529724121094
2014-06-16,158.10496520996094,80.13749694824219,122.41999816894531,22.378732681274414,17.94440269470215
2014-06-17,158.54441833496094,79.50310516357422,122.27999877929688,22.404096603393555,17.994529724121094
2014-06-18,159.7080841064453,80.1161117553711,122.66999816894531,22.49709701538086,17.936050415039062
2014-06-19,159.88706970214844,79.0896987915039,126.94000244140625,22.71691131591797,17.90263557434082
2014-06-20,160.2117156982422,79.68843841552734,126.5,22.759180068969727,17.91098976135254
2014-06-23,160.1626434326172,79.43897247314453,126.8499984741211,22.674636840820312,17.87757110595703
2014-06-24,159.1977996826172,80.24437713623047,126.9800033569336,22.708454132080078,17.894283294677734
2014-06-25,159.91734313964844,80.45111846923828,126.98999786376953,22.742271423339844,17.87757110595703
2014-06-26,159.8029022216797,80.83600616455078,126.7300033569336,22.649274826049805,17.88592529296875
2014-06-27,160.1136016845703,80.71483612060547,126.66000366210938,22.60700225830078,17.827449798583984
2014-06-30,160.0317840576172,80.91442108154297,128.0399932861328,22.471729278564453,17.760616302490234
2014-07-01,161.1029052734375,80.23693084716797,127.69999694824219,22.404096603393555,17.768972396850586
2014-07-02,161.26651000976562,79.37937927246094,127.69999694824219,22.361825942993164,17.802387237548828
2014-07-03,162.05960083007812,79.09357452392578,127.16000366210938,22.319549560546875,17.869218826293945
2014-07-07,161.4954376220703,79.67237854003906,127.0199966430664,22.142009735107422,17.87757110595703
2014-07-08,160.45697021484375,80.5656967163086,127.06999969482422,22.08283233642578,17.869218826293945
2014-07-09,161.1765594482422,80.63001251220703,127.83999633789062,21.930652618408203,17.827449798583984
2014-07-10,160.5387420654297,80.65145874023438,128.5399932861328,21.964468002319336,17.852510452270508
2014-07-11,160.75955200195312,81.16593933105469,128.77999877929688,21.770017623901367,17.860864639282227
2014-07-14,161.5690460205078,80.8157958984375,125.72000122070312,21.854562759399414,17.852510452270508
2014-07-15,161.26651000976562,80.65145874023438,124.52999877929688,21.651657104492188,17.91098976135254
2014-07-16,161.86338806152344,81.08023071289062,124.97000122070312,21.68547248840332,17.952756881713867
2014-07-17,160.0236358642578,82.10204315185547,127.08999633789062,21.7362003326416,17.94440269470215
2014-07-18,161.658935546875,81.83769226074219,126.12999725341797,21.592479705810547,17.94440269470215
2014-07-21,161.35638427734375,82.24502563476562,126.33999633789062,21.69392967224121,17.936050415039062
2014-07-22,162.05960083007812,82.41653442382812,125.73999786376953,21.600929260253906,17.994529724121094
2014-07-23,162.41941833496094,82.309326171875,125.62000274658203,21.660112380981445,18.002883911132812
2014-07-24,162.4275360107422,81.69477081298828,124.3499984741211,21.634746551513672,18.02794647216797
2014-07-25,161.66714477539062,82.65951538085938,125.79000091552734,21.71929168701172,18.06136131286621
2014-07-28,161.73255920410156,82.54517364501953,125.58000183105469,21.677021026611328,18.06136131286621
2014-07-29,161.0375213623047,82.84527587890625,125.19999694824219,21.609384536743164,18.094778060913086
2014-07-30,161.06207275390625,81.69477081298828,124.83000183105469,21.516387939453125,18.136545181274414
2014-07-31,157.88136291503906,81.45181274414062,123.38999938964844,21.40648078918457,18.161609649658203
2014-08-01,157.3989715576172,82.08232116699219,124.37999725341797,21.23739242553711,18.136545181274414
2014-08-04,158.53550720214844,81.86738586425781,123.98999786376953,21.398025512695312,18.128192901611328
2014-08-05,156.9983673095703,82.13248443603516,123.87000274658203,21.29657554626465,18.169963836669922
2014-08-06,157.0474090576172,82.18262481689453,125.66999816894531,21.43184471130371,18.1448974609375
2014-08-07,156.197021484375,82.94929504394531,126.18000030517578,21.4741153717041,18.169963836669922
2014-08-08,158.00396728515625,82.7701644897461,126.19000244140625,21.372665405273438,18.128192901611328
2014-08-11,158.4619140625,82.76300048828125,125.95999908447266,21.40648078918457,18.136545181274414
2014-08-12,158.24119567871094,82.22563934326172,125.98999786376953,21.271207809448242,18.153255462646484
2014-08-13,159.3123016357422,82.76300048828125,126.19999694824219,21.25429916381836,18.169963836669922
2014-08-14,160.0645294189453,83.42932891845703,126.30999755859375,21.000669479370117,18.161609649658203
2014-08-15,160.0317840576172,84.33929443359375,125.4800033569336,21.08521270751953,18.128192901611328
2014-08-18,161.372802734375,83.5009536743164,124.95999908447266,20.907670974731445,18.161609649658203
2014-08-19,162.21495056152344,83.24307250976562,124.68000030517578,20.94994354248047,18.22844123840332
2014-08-20,162.64833068847656,83.10688781738281,124.22000122070312,21.009124755859375,18.311979293823242
2014-08-21,163.12254333496094,83.57262420654297,122.87999725341797,21.059850692749023,18.286916732788086
2014-08-22,162.8690948486328,84.03836822509766,123.19000244140625,21.026033401489258,18.328691482543945
2014-08-25,163.69496154785156,84.35363006591797,122.73999786376953,21.059850692749023,18.37881088256836
2014-08-26,163.8012237548828,84.08130645751953,123.3499984741211,21.06830596923828,18.39552116394043
2014-08-27,163.7357635498047,84.79784393310547,123.31999969482422,21.102123260498047,18.35375213623047
2014-08-28,163.64585876464844,85.24209594726562,124.0,21.119029998779297,18.35375213623047
2014-08-29,164.1119384765625,85.2994155883789,123.86000061035156,21.161300659179688,18.39552116394043
2014-09-02,164.03018188476562,83.82791900634766,121.6500015258789,20.856945037841797,18.45400047302246
2014-09-03,163.94024658203125,84.29473876953125,122.1500015258789,20.941490173339844,18.43729019165039
2014-09-04,163.70309448242188,83.26781463623047,121.4800033569336,20.856945037841797,18.629432678222656
2014-09-05,164.4390106201172,83.1098403930664,122.05999755859375,20.82312774658203,18.629432678222656
2014-09-08,164.01380920410156,83.145751953125,120.7300033569336,20.721675872802734,18.738033294677734
2014-09-09,162.9754180908203,83.08109283447266,120.87000274658203,20.552587509155273,18.70461654663086
2014-09-10,163.58865356445312,82.55686950683594,120.26000213623047,20.408863067626953,18.738033294677734
2014-09-11,163.77670288085938,82.2839584350586,119.47000122070312,20.30741310119629,18.754743576049805
2014-09-12,162.820068359375,81.42219543457031,118.37999725341797,20.14677619934082,18.738033294677734
2014-09-15,162.69740295410156,81.54428100585938,118.63999938964844,20.172143936157227,18.738033294677734
2014-09-16,163.92388916015625,81.21394348144531,118.83000183105469,20.358139038085938,18.70461654663086
2014-09-17,164.14463806152344,81.00568389892578,117.54000091552734,20.273591995239258,18.821575164794922
2014-09-18,165.01953125,81.26423645019531,117.77999877929688,20.079143524169922,18.738033294677734
2014-09-19,164.8708038330078,82.29833221435547,117.08999633789062,20.019962310791016,18.83828353881836
2014-09-22,163.59759521484375,82.39883422851562,116.8499984741211,19.850873947143555,18.821575164794922
2014-09-23,162.66104125976562,82.90874481201172,117.5999984741211,19.850873947143555,18.821575164794922
2014-09-24,163.9343719482422,82.44912719726562,117.05000305175781,19.9354190826416,18.905113220214844
2014-09-25,161.2891845703125,83.42581939697266,117.38999938964844,19.89314842224121,18.938533782958984
2014-09-26,162.57064819335938,83.30370330810547,117.05999755859375,19.859329223632812,19.04713249206543
2014-09-29,162.27499389648438,83.97159576416016,117.02999877929688,19.977691650390625,19.030424118041992
2014-09-30,161.84783935546875,83.49759674072266,116.20999908447266,19.631059646606445,19.10561180114746
2014-10-01,159.65444946289062,85.11668395996094,116.7699966430664,19.563426971435547,19.088905334472656
2014-10-02,159.67909240722656,84.37519073486328,116.73999786376953,19.487337112426758,19.030424118041992
2014-10-03,161.43710327148438,84.73519134521484,114.61000061035156,19.30133819580078,19.28104591369629
2014-10-06,161.2481689453125,84.7855453491211,116.02999877929688,19.54651641845703,19.063840866088867
2014-10-07,158.75901794433594,85.93022155761719,116.36000061035156,19.470428466796875,19.030424118041992
2014-10-08,161.53567504882812,85.95183563232422,117.47000122070312,19.394338607788086,18.94688606262207
2014-10-09,158.3318634033203,85.5775146484375,117.63999938964844,19.16607093811035,19.00536346435547
2014-10-10,156.52459716796875,86.42701721191406,117.58999633789062,19.098434448242188,19.09725570678711
2014-10-13,153.953369140625,86.95250701904297,118.5199966430664,19.098434448242188,18.98865509033203
2014-10-14,154.1916046142578,87.52128601074219,118.58999633789062,18.810985565185547,19.072195053100586
2014-10-15,153.1483612060547,88.21240997314453,118.98999786376953,18.574264526367188,18.8716983795166
2014-10-16,153.016845703125,87.65080261230469,119.22000122070312,18.76026153564453,18.8716983795166
2014-10-17,154.82415771484375,87.16128540039062,118.98999786376953,18.827896118164062,18.93017578125
2014-10-20,156.327392578125,87.47803497314453,119.80000305175781,18.692625045776367,18.863346099853516
2014-10-21,159.42442321777344,86.77978515625,120.0199966430664,18.844802856445312,18.963592529296875
2014-10-22,158.290771484375,86.87339782714844,119.33999633789062,18.633447647094727,19.04713249206543
2014-10-23,160.1309356689453,86.10301208496094,118.5199966430664,18.853260040283203,19.063840866088867
2014-10-24,161.36317443847656,86.18944549560547,118.3499984741211,18.734895706176758,19.030424118041992
2014-10-27,161.14137268066406,86.3477783203125,118.05999755859375,18.68416976928711,18.980300903320312
2014-10-28,162.9896240234375,85.8078384399414,118.0999984741211,18.836349487304688,18.94688606262207
2014-10-29,162.7432403564453,86.00221252441406,116.41000366210938,19.056163787841797,19.088905334472656
2014-10-30,163.7864990234375,86.0741958618164,115.19000244140625,18.895530700683594,19.139026641845703
2014-10-31,165.65948486328125,85.85099792480469,112.66000366210938,18.870166778564453,19.289398193359375
2014-11-03,165.74981689453125,85.85103607177734,112.1500015258789,18.701080322265625,19.381296157836914
2014-11-04,165.1748504638672,86.11807250976562,112.22000122070312,18.430538177490234,19.33116912841797
2014-11-05,166.21807861328125,85.99537658691406,109.79000091552734,18.481266021728516,19.423063278198242
2014-11-06,166.88343811035156,85.43965911865234,109.87999725341797,18.498172760009766,19.556726455688477
2014-11-07,167.0395965576172,86.42112731933594,112.97000122070312,18.582719802856445,19.43977165222168
2014-11-10,167.56529235839844,85.62731170654297,110.45999908447266,18.40517807006836,19.498249053955078
2014-11-11,167.72958374023438,85.68504333496094,112.04000091552734,18.498172760009766,19.423063278198242
2014-11-12,167.54891967773438,85.61288452148438,111.5,18.438995361328125,19.48989486694336
2014-11-13,167.73777770996094,85.81495666503906,111.66999816894531,18.100818634033203,19.473188400268555
2014-11-14,167.77886962890625,86.23352813720703,114.47000122070312,18.295269012451172,19.423063278198242
2014-11-17,167.88568115234375,86.01702880859375,114.05000305175781,18.219179153442383,19.523313522338867
2014-11-18,168.8550567626953,86.25521087646484,115.05000305175781,18.12618064880371,19.431419372558594
2014-11-19,168.58395385742188,85.70671844482422,113.68000030517578,18.033184051513672,19.464832305908203
2014-11-20,168.87966918945312,86.15418243408203,114.86000061035156,18.18536376953125,19.43977165222168
2014-11-21,169.78326416015625,86.67375183105469,115.38999938964844,18.379812240600586,19.59849739074707
2014-11-24,170.2597198486328,86.74592590332031,115.11000061035156,18.219179153442383,19.548372268676758
2014-11-25,170.1365509033203,87.46760559082031,115.37999725341797,18.1346378326416,19.50660514831543
2014-11-26,170.57191467285156,87.70577239990234,115.16000366210938,18.092363357543945,19.44812774658203
2014-11-28,170.21046447753906,88.3985824584961,112.11000061035156,17.263835906982422,19.606853485107422
2014-12-01,169.02752685546875,87.88282775878906,116.58000183105469,17.618921279907227,19.51495933532715
2014-12-02,170.1200714111328,87.02932739257812,115.13999938964844,17.24692726135254,19.67368507385254
2014-12-03,170.77731323242188,87.36927032470703,116.33000183105469,17.14547348022461,19.732160568237305
2014-12-04,170.58834838867188,88.09986877441406,115.87999725341797,17.094749450683594,19.6569766998291
2014-12-05,170.86766052246094,87.58626556396484,114.43000030517578,17.052474975585938,19.80734634399414
2014-12-08,169.7257843017578,88.65679168701172,115.77999877929688,16.756572723388672,19.76557731628418
2014-12-09,169.61077880859375,89.11248779296875,118.19000244140625,16.87493324279785,19.67368507385254
2014-12-10,166.89169311523438,89.76346588134766,117.95999908447266,16.612850189208984,19.565080642700195
2014-12-11,167.73777770996094,90.13233184814453,117.69000244140625,16.460668563842773,19.64026641845703
2014-12-12,165.02688598632812,91.3547592163086,117.41000366210938,16.325397491455078,19.573434829711914
2014-12-15,163.89329528808594,91.1666488647461,114.38999938964844,16.06331443786621,19.615205764770508
2014-12-16,162.57888793945312,92.29508209228516,114.94999694824219,15.970316886901855,19.473188400268555
2014-12-17,165.76625061035156,91.46328735351562,114.2699966430664,16.06331443786621,19.715452194213867
2014-12-18,169.86546325683594,89.83578491210938,115.1500015258789,16.012590408325195,19.77393341064453
2014-12-19,170.58822631835938,91.0437240600586,114.7699966430664,16.249311447143555,19.857473373413086
2014-12-22,171.3729248046875,91.1666488647461,112.55000305175781,15.953407287597656,19.874181747436523
2014-12-23,171.60418701171875,89.35843658447266,112.73999786376953,16.114042282104492,19.974428176879883
2014-12-24,171.62074279785156,89.84478759765625,112.7699966430664,15.902681350708008,19.949365615844727
2014-12-26,172.1741485595703,90.1781997680664,114.83000183105469,15.885775566101074,19.957719802856445
2014-12-29,172.4053955078125,90.8523178100586,113.66999816894531,15.733593940734863,20.007843017578125
2014-12-30,171.48025512695312,91.09877014160156,115.19999694824219,15.716686248779297,19.957719802856445
2014-12-31,169.77870178222656,91.27272033691406,113.58000183105469,15.5983247756958,20.024551391601562
2015-01-02,169.6877899169922,92.28754425048828,114.08000183105469,15.412327766418457,20.21669578552246
2015-01-05,166.6233367919922,93.73722839355469,115.80000305175781,15.192513465881348,20.258464813232422
2015-01-06,165.0538787841797,95.42607879638672,117.12000274658203,15.048788070678711,20.300233840942383
2015-01-07,167.1106719970703,95.23764038085938,116.43000030517578,14.955792427062988,20.37541961669922
2015-01-08,170.07611083984375,93.97634887695312,115.94000244140625,15.014972686767578,20.458961486816406
2015-01-09,168.71316528320312,95.0057144165039,117.26000213623047,14.989608764648438,20.367067337036133
2015-01-12,167.39151000976562,95.54935455322266,118.55999755859375,14.65988826751709,20.367067337036133
2015-01-13,166.92068481445312,95.54935455322266,118.16000366210938,14.600707054138184,20.42554473876953
2015-01-14,165.91297912597656,96.27420806884766,117.97000122070312,14.761340141296387,20.383773803710938
2015-01-15,164.39308166503906,97.7890853881836,120.94000244140625,14.558433532714844,20.450605392456055
2015-01-16,166.54901123046875,96.54238891601562,122.5199966430664,14.837430000305176,20.54250144958496
2015-01-20,166.9042205810547,97.82533264160156,124.19999694824219,14.634523391723633,20.626039505004883
2015-01-21,167.7467041015625,96.6945571899414,124.2300033569336,14.727523803710938,20.567564010620117
2015-01-22,170.24130249023438,96.34667205810547,125.2300033569336,14.710614204406738,20.87666130065918
2015-01-23,169.30787658691406,97.68763732910156,124.2300033569336,14.617616653442383,21.060447692871094
2015-01-26,169.70437622070312,97.39039611816406,122.98999786376953,14.566888809204102,21.027034759521484
2015-01-27,167.46588134765625,97.54264068603516,124.4000015258789,14.642977714538574,20.8265380859375
2015-01-28,165.31825256347656,99.13732147216797,123.41999816894531,14.431619644165039,20.951847076416016
2015-01-29,166.8463897705078,98.48493194580078,120.76000213623047,14.363986015319824,20.968557357788086
2015-01-30,164.74830627441406,100.23185729980469,123.44999694824219,14.710614204406738,20.993616104125977
2015-02-02,166.78851318359375,99.85346221923828,122.41999816894531,14.913517951965332,20.951847076416016
2015-02-03,169.20053100585938,97.73986053466797,121.05000305175781,15.327783584594727,20.70958137512207
2015-02-04,168.55624389648438,97.90690612792969,121.58000183105469,14.989608764648438,20.834888458251953
2015-02-05,170.2578125,96.83193969726562,121.79000091552734,15.192513465881348,20.684518814086914
2015-02-06,169.78697204589844,95.11788940429688,118.63999938964844,15.234786033630371,20.935136795043945
2015-02-09,169.02706909179688,94.96536254882812,119.16999816894531,15.386964797973633,20.918432235717773
2015-02-10,170.8277587890625,94.21002197265625,118.47000122070312,15.192513465881348,20.94349479675293
2015-02-11,170.92691040039062,94.38427734375,117.06999969482422,15.074153900146484,21.018678665161133
2015-02-12,172.5706329345703,94.07198333740234,117.33999633789062,15.302421569824219,20.81818199157715
2015-02-13,173.2809600830078,93.10597229003906,117.9800033569336,15.47150707244873,20.80982780456543
2015-02-17,173.5535888671875,91.70421600341797,116.01000213623047,15.479961395263672,20.784765243530273
2015-02-18,173.57009887695312,92.24894714355469,116.33999633789062,15.293964385986328,20.793119430541992
2015-02-19,173.4462127685547,91.6388168334961,115.94000244140625,15.243239402770996,20.868309020996094
2015-02-20,174.48704528808594,91.90755462646484,115.27999877929688,15.18405818939209,20.85159683227539
2015-02-23,174.46221923828125,92.96073913574219,115.43000030517578,15.082605361938477,20.91007423400879
2015-02-24,174.95785522460938,94.1809310913086,115.26000213623047,15.09106159210205,20.868309020996094
2015-02-25,174.80911254882812,94.587646484375,115.69999694824219,15.319328308105469,20.8265380859375
2015-02-26,174.6026611328125,93.29483032226562,116.06999969482422,15.192513465881348,21.04374122619629
2015-02-27,174.0078887939453,94.07923126220703,116.16000366210938,15.361601829528809,21.05209732055664
2015-03-02,175.10647583007812,92.32686614990234,115.68000030517578,15.1417875289917,21.0938663482666
2015-03-03,174.3878631591797,91.99211120605469,115.47000122070312,15.234786033630371,21.085508346557617
2015-03-04,173.65269470214844,92.02124786376953,115.11000061035156,15.099515914916992,21.194114685058594
2015-03-05,173.84271240234375,91.90478515625,115.0,15.040336608886719,21.294361114501953
2015-03-06,171.39768981933594,89.87444305419922,111.86000061035156,14.854338645935059,21.55333709716797
2015-03-09,172.10809326171875,90.70402526855469,111.97000122070312,14.812067985534668,21.55333709716797
2015-03-10,169.31613159179688,91.89749145507812,111.41999816894531,14.617616653442383,21.778894424438477
2015-03-11,168.91961669921875,92.5670394897461,110.75,14.693704605102539,22.021160125732422
2015-03-12,171.06729125976562,92.50152587890625,110.72000122070312,14.626070976257324,21.904203414916992
2015-03-13,170.0182342529297,92.21771240234375,110.87999725341797,14.330169677734375,22.1297607421875
2015-03-16,172.28977966308594,93.10554504394531,110.80999755859375,14.313258171081543,21.96268081665039
2015-03-17,171.7776336669922,93.87690734863281,110.20999908447266,14.211806297302246,21.971036911010742
2015-03-18,173.84271240234375,95.6889877319336,112.37000274658203,14.600707054138184,21.5366268157959
2015-03-19,173.0496826171875,95.201416015625,112.29000091552734,14.355531692504883,21.8624324798584
2015-03-20,174.57716369628906,95.70358276367188,113.56999969482422,14.549981117248535,21.57004165649414
2015-03-23,174.23703002929688,95.58710479736328,114.29000091552734,14.719066619873047,21.336130142211914
2015-03-24,173.2579345703125,96.51133728027344,114.56999969482422,14.600707054138184,21.402963638305664
2015-03-25,170.7191162109375,95.6962661743164,114.7300033569336,14.642977714538574,21.344484329223633
2015-03-26,170.31251525878906,94.20442199707031,115.4800033569336,14.820523262023926,21.4196720123291
2015-03-27,170.7024688720703,95.37602233886719,115.05999755859375,14.524616241455078,21.436376571655273
2015-03-30,172.7850341796875,94.90303802490234,113.75,14.600707054138184,21.603458404541016
2015-03-31,171.27500915527344,95.10679626464844,113.66000366210938,14.431619644165039,21.636873245239258
2015-04-01,170.66932678222656,96.35600280761719,115.5999984741211,14.693704605102539,21.645231246948242
2015-04-02,171.28326416015625,95.33503723144531,115.27999877929688,14.617616653442383,21.4781494140625
2015-04-06,172.4365997314453,94.80271911621094,116.69000244140625,14.80361270904541,21.311067581176758
2015-04-07,171.9802703857422,95.59757232666016,116.11000061035156,14.879700660705566,21.55333709716797
2015-04-08,172.56101989746094,95.62676239013672,115.47000122070312,14.592252731323242,21.58675193786621
2015-04-09,173.32435607910156,94.38704681396484,114.66999816894531,14.592252731323242,21.81231117248535
2015-04-10,174.2701873779297,94.52554321289062,115.97000122070312,14.74443244934082,21.8624324798584
2015-04-13,173.48199462890625,94.6568374633789,115.13999938964844,14.676797866821289,21.89584732055664
2015-04-14,173.8139190673828,95.3277359008789,114.44000244140625,14.74443244934082,21.728769302368164
2015-04-15,174.59381103515625,95.24756622314453,115.43000030517578,15.040336608886719,21.628522872924805
2015-04-16,174.54405212402344,94.7735366821289,115.02999877929688,15.200967788696289,21.461441040039062
2015-04-17,172.53611755371094,95.860107421875,115.5999984741211,15.167149543762207,21.41131591796875
2015-04-20,174.112548828125,95.01423645019531,114.72000122070312,15.099515914916992,21.5366268157959
2015-04-21,173.9051513671875,94.58393859863281,115.37999725341797,14.989608764648438,21.561689376831055
2015-04-22,174.7597198486328,93.13999938964844,113.83000183105469,15.040336608886719,21.561689376831055
2015-04-23,175.199462890625,93.5411148071289,114.66000366210938,15.22633171081543,21.402963638305664
2015-04-24,175.60601806640625,94.12452697753906,113.05000305175781,15.217877388000488,21.31942367553711
2015-04-27,174.8759002685547,94.12452697753906,115.33000183105469,15.217877388000488,21.252592086791992
2015-04-28,175.43179321289062,92.82647705078125,116.33000183105469,15.243239402770996,21.118928909301758
2015-04-29,174.70993041992188,91.68880462646484,115.51000213623047,15.34469223022461,20.935136795043945
2015-04-30,172.95932006835938,91.8492202758789,113.47000122070312,15.463053703308105,20.80982780456543
2015-05-01,174.83445739746094,90.6128158569336,113.08000183105469,15.446146011352539,20.91007423400879
2015-05-04,175.33226013183594,89.7578125,114.0999984741211,15.437690734863281,20.968557357788086
2015-05-05,173.32435607910156,89.63365173339844,114.41999816894531,15.564507484436035,20.91007423400879
2015-05-06,172.6107940673828,88.09903717041016,114.36000061035156,15.564507484436035,20.676164627075195
2015-05-07,173.29953002929688,89.2828598022461,113.41999816894531,15.319328308105469,20.784765243530273
2015-05-08,175.5811004638672,89.52400207519531,113.97000122070312,15.4038724899292,20.80982780456543
2015-05-11,174.74313354492188,87.34634399414062,113.52999877929688,15.336238861083984,20.87666130065918
2015-05-12,174.22042846679688,87.57286834716797,114.5,15.496870040893555,20.759702682495117
2015-05-13,174.25357055664062,86.87138366699219,116.55000305175781,15.513779640197754,20.575916290283203
2015-05-14,176.07069396972656,87.10521697998047,117.18000030517578,15.606778144836426,20.509084701538086
2015-05-15,176.26150512695312,88.8516616821289,117.52999877929688,15.5983247756958,20.47566795349121
2015-05-18,176.80905151367188,87.3609848022461,117.5199966430664,15.556052207946777,20.676164627075195
2015-05-19,176.75103759765625,86.58638763427734,115.88999938964844,15.22633171081543,20.918432235717773
2015-05-20,176.62655639648438,86.73253631591797,116.08000183105469,15.192513465881348,20.960203170776367
2015-05-21,177.14100646972656,87.94561004638672,115.69000244140625,15.378511428833008,20.926782608032227
2015-05-22,176.7178955078125,87.98214721679688,115.5999984741211,15.209420204162598,21.118928909301758
2015-05-26,174.81776428222656,89.48744201660156,113.91000366210938,14.913517951965332,21.352840423583984
2015-05-27,176.4772491455078,89.69203186035156,113.88999938964844,14.710614204406738,21.36119270324707
2015-05-28,176.27810668945312,89.4728012084961,114.0199966430664,14.786702156066895,21.302715301513672
2015-05-29,175.182861328125,89.67015075683594,114.0999984741211,14.972698211669922,21.269298553466797
2015-06-01,175.53965759277344,88.70638275146484,114.0,14.938881874084473,21.394609451293945
2015-06-02,175.36546325683594,87.46878051757812,114.45999908447266,15.116423606872559,21.068801879882812
2015-06-03,175.83004760742188,86.06269836425781,113.63999938964844,14.921974182128906,20.926782608032227
2015-06-04,174.3448944091797,87.18313598632812,112.83999633789062,14.786702156066895,20.951847076416016
2015-06-05,174.04617309570312,86.12130737304688,112.23999786376953,14.854338645935059,21.13563346862793
2015-06-08,172.9758758544922,86.026123046875,112.56999969482422,14.862792015075684,20.893369674682617
2015-06-09,172.95101928710938,85.34504699707031,112.81999969482422,15.099515914916992,20.868309020996094
2015-06-10,175.02525329589844,84.59808349609375,113.77999877929688,15.15869426727295,20.75135040283203
2015-06-11,175.58941650390625,86.37760925292969,113.26000213623047,15.023426055908203,20.80982780456543
2015-06-12,174.24533081054688,86.37760925292969,113.2300033569336,14.871248245239258,20.793119430541992
2015-06-15,173.49856567382812,86.51676940917969,113.7300033569336,14.80361270904541,20.776412963867188
2015-06-16,174.44442749023438,87.19779968261719,113.31999969482422,14.845885276794434,20.81818199157715
2015-06-17,174.72654724121094,86.52407836914062,113.8499984741211,14.888157844543457,20.634395599365234
2015-06-18,176.54360961914062,86.09929656982422,115.31999969482422,14.888157844543457,20.567564010620117
2015-06-19,175.75990295410156,87.20511627197266,115.12000274658203,14.752885818481445,20.617687225341797
2015-06-22,176.66033935546875,85.42561340332031,113.63999938964844,14.80361270904541,20.659456253051758
2015-06-23,176.78533935546875,84.91294860839844,112.88999938964844,14.981154441833496,20.901723861694336
2015-06-24,175.50146484375,85.64527893066406,112.58999633789062,14.879700660705566,20.85995101928711
2015-06-25,174.96783447265625,85.34504699707031,112.44000244140625,14.896610260009766,20.8265380859375
2015-06-26,174.9344940185547,84.38568878173828,112.55999755859375,14.96424674987793,20.8850154876709
2015-06-29,171.2659912109375,86.61930084228516,113.06999969482422,14.896610260009766,20.76805877685547
2015-06-30,171.62452697753906,86.0187759399414,112.37000274658203,15.217877388000488,20.91007423400879
2015-07-01,173.0001983642578,84.85769653320312,111.9800033569336,15.031882286071777,21.07715606689453
2015-07-02,172.84181213378906,85.13661193847656,111.76000213623047,15.006518363952637,21.027034759521484
2015-07-06,172.3498992919922,86.71455383300781,112.05999755859375,14.516164779663086,21.068801879882812
2015-07-07,173.4337615966797,87.52918243408203,110.76000213623047,14.431619644165039,21.13563346862793
2015-07-08,170.52403259277344,88.28517150878906,111.08999633789062,14.363986015319824,21.05209732055664
2015-07-09,170.83250427246094,86.54573059082031,111.36000061035156,14.533072471618652,21.118928909301758
2015-07-10,172.98355102539062,85.17327880859375,111.48999786376953,14.600707054138184,20.968557357788086
2015-07-13,174.89279174804688,84.90907287597656,110.98999786376953,14.609162330627441,21.17740249633789
2015-07-14,175.65147399902344,85.18793487548828,110.73999786376953,14.558433532714844,21.14398765563965
2015-07-15,175.5931396484375,86.0907211303711,110.16000366210938,14.389348983764648,21.235881805419922
2015-07-16,177.00213623046875,86.68517303466797,109.76000213623047,14.321714401245117,21.352840423583984
2015-07-17,177.15223693847656,87.13294219970703,108.6500015258789,14.245624542236328,21.402963638305664
2015-07-20,177.24392700195312,86.76594543457031,105.69999694824219,14.017355918884277,21.41131591796875
2015-07-21,176.54360961914062,87.23567199707031,105.37000274658203,14.07653522491455,21.26094627380371
2015-07-22,176.2267608642578,87.77872467041016,104.80000305175781,13.87363052368164,21.311067581176758
2015-07-23,175.234619140625,88.87232208251953,104.33000183105469,13.755270004272461,21.227529525756836
2015-07-24,173.41712951660156,89.092529296875,105.3499984741211,13.645362854003906,21.26094627380371
2015-07-27,172.40823364257812,89.56961822509766,104.86000061035156,13.38327693939209,21.0938663482666
2015-07-28,174.52593994140625,88.91636657714844,105.0199966430664,13.493185043334961,21.110572814941406
2015-07-29,175.72654724121094,88.58605194091797,105.16999816894531,13.535456657409668,21.227529525756836
2015-07-30,175.76820373535156,89.26862335205078,104.2699966430664,13.484729766845703,21.311067581176758
2015-07-31,175.50146484375,89.92921447753906,104.93000030517578,13.29873275756836,21.244237899780273
2015-08-03,174.90948486328125,90.87580108642578,104.0999984741211,13.078919410705566,21.294361114501953
2015-08-04,174.56765747070312,90.15501403808594,104.30999755859375,13.155009269714355,21.402963638305664
2015-08-05,175.14292907714844,89.47830200195312,103.93000030517578,13.10428237915039,21.394609451293945
2015-08-06,173.7089080810547,90.27271270751953,104.38999938964844,13.09582805633545,21.352840423583984
2015-08-07,173.37538146972656,91.45686340332031,104.6500015258789,13.045103073120117,21.31942367553711
2015-08-10,175.5597686767578,90.32415771484375,105.72000122070312,13.3240966796875,21.219175338745117
2015-08-11,173.97572326660156,91.75847625732422,106.26000213623047,13.146553039550781,21.219175338745117
2015-08-12,174.18409729003906,91.25831604003906,107.75,13.10428237915039,20.993616104125977
2015-08-13,173.96731567382812,90.96408081054688,106.86000061035156,13.045103073120117,21.027034759521484
2015-08-14,174.6009979248047,91.17740631103516,106.8499984741211,12.960558891296387,21.085508346557617
2015-08-17,175.57644653320312,91.58930206298828,107.12999725341797,12.909832954406738,21.118928909301758
2015-08-18,175.06785583496094,90.86849212646484,107.11000061035156,12.84219741821289,21.169052124023438
2015-08-19,173.68389892578125,91.76583099365234,108.55000305175781,12.698473930358887,21.035388946533203
2015-08-20,170.05714416503906,92.69259643554688,110.44000244140625,12.732290267944336,20.918432235717773
2015-08-21,164.93798828125,92.97215270996094,111.12999725341797,12.520931243896484,20.717931747436523
2015-08-24,157.99293518066406,92.94265747070312,110.52999877929688,12.20811939239502,20.37541961669922
2015-08-25,156.13369750976562,91.44956970214844,109.16000366210938,12.258845329284668,20.517438888549805
2015-08-26,162.1283416748047,89.68429565429688,107.66999816894531,12.182756423950195,20.76805877685547
2015-08-27,166.13861083984375,89.73575592041016,107.7300033569336,12.622384071350098,20.901723861694336
2015-08-28,166.1468963623047,90.00051879882812,108.69999694824219,12.952105522155762,20.968557357788086
2015-08-31,164.80458068847656,89.30914306640625,108.81999969482422,13.264915466308594,20.935136795043945
2015-09-01,159.88552856445312,89.95262908935547,109.19999694824219,12.825288772583008,20.80982780456543
2015-09-02,162.9203338623047,89.17868041992188,108.62000274658203,12.935195922851562,20.918432235717773
2015-09-03,163.03707885742188,89.61357116699219,107.83999633789062,13.019739151000977,21.018678665161133
2015-09-04,160.56924438476562,90.43175506591797,107.48999786376953,12.85910701751709,20.993616104125977
2015-09-08,164.6044921875,89.09757995605469,107.5199966430664,12.952105522155762,20.918432235717773
2015-09-09,162.40345764160156,89.52513122558594,106.12999725341797,12.7830171585083,20.918432235717773
2015-09-10,163.28717041015625,88.92063903808594,106.37999725341797,12.892923355102539,20.834888458251953
2015-09-11,164.0292510986328,89.48090362548828,106.16000366210938,12.876014709472656,20.742996215820312
2015-09-14,163.42059326171875,89.62094116210938,106.22000122070312,12.715381622314453,20.75135040283203
2015-09-15,165.46327209472656,87.90339660644531,105.9000015258789,12.757654190063477,20.834888458251953
2015-09-16,166.89730834960938,87.57168579101562,107.30999755859375,12.969013214111328,20.776412963867188
2015-09-17,166.52207946777344,88.6405029296875,108.41000366210938,12.884469985961914,20.5592098236084
2015-09-18,163.80084228515625,90.0042724609375,109.20999908447266,12.690018653869629,20.76805877685547
2015-09-21,164.6473388671875,88.5373764038086,108.52999877929688,12.833744049072266,20.893369674682617
2015-09-22,162.5102996826172,89.76834869384766,107.79000091552734,12.757654190063477,20.985261917114258
2015-09-23,162.2504425048828,89.76097869873047,108.22000122070312,12.65619945526123,20.985261917114258
2015-09-24,161.66380310058594,90.37281799316406,110.48999786376953,12.732290267944336,20.918432235717773
2015-09-25,161.6219024658203,89.59148406982422,109.80999755859375,12.808379173278809,20.951847076416016
2015-09-28,157.56553649902344,91.12467193603516,108.41999816894531,12.630837440490723,20.926782608032227
2015-09-29,157.65782165527344,91.3827133178711,107.9800033569336,12.715381622314453,20.893369674682617
2015-09-30,160.5994415283203,91.06574249267578,106.86000061035156,12.808379173278809,20.968557357788086
2015-10-01,161.01844787597656,91.45428466796875,106.7300033569336,12.723835945129395,20.960203170776367
2015-10-02,163.42372131347656,92.00830078125,108.98999786376953,12.808379173278809,20.91007423400879
2015-10-05,166.33180236816406,90.75994110107422,108.7699966430664,12.977468490600586,20.918432235717773
2015-10-06,165.7619171142578,91.15140533447266,109.86000061035156,13.231098175048828,20.776412963867188
2015-10-07,167.11962890625,90.84855651855469,109.69999694824219,13.205735206604004,20.801475524902344
2015-10-08,168.62815856933594,90.08773040771484,109.13999938964844,13.264915466308594,20.75135040283203
2015-10-09,168.7287139892578,90.32405853271484,110.87000274658203,13.3240966796875,20.651100158691406
2015-10-12,168.88796997070312,91.01106262207031,111.30999755859375,13.112737655639648,20.634395599365234
2015-10-13,167.82359313964844,91.16615295410156,111.86000061035156,13.028193473815918,20.600980758666992
2015-10-14,167.01905822753906,91.96390533447266,113.80999755859375,13.06201171875,20.42554473876953
2015-10-15,169.5835723876953,91.51337432861328,113.29000091552734,13.028193473815918,20.5592098236084
2015-10-16,170.3545684814453,91.54292297363281,112.48999786376953,13.03664779663086,20.59262466430664
2015-10-19,170.4383544921875,91.291748046875,112.0199966430664,12.799925804138184,20.651100158691406
2015-10-20,170.2205047607422,90.73036193847656,112.7300033569336,12.825288772583008,20.634395599365234
2015-10-21,169.1645050048828,91.63154602050781,111.7300033569336,12.715381622314453,20.659456253051758
2015-10-22,172.02235412597656,91.78665161132812,111.69000244140625,12.757654190063477,20.960203170776367
2015-10-23,173.90797424316406,91.00364685058594,111.5,12.681562423706055,21.13563346862793
2015-10-26,173.48057556152344,91.60938262939453,111.43000030517578,12.647747039794922,21.068801879882812
2015-10-27,173.14537048339844,91.83839416503906,111.68000030517578,12.588565826416016,21.085508346557617
2015-10-28,175.11477661132812,91.46906280517578,110.77999877929688,12.799925804138184,21.26094627380371
2015-10-29,175.01425170898438,90.01385498046875,109.72000122070312,12.723835945129395,21.169052124023438
2015-10-30,174.25997924804688,90.69345092773438,109.30000305175781,12.850651741027832,21.0938663482666
2015-11-02,176.32159423828125,90.2766342163086,108.58999633789062,12.7830171585083,21.07715606689453
2015-11-03,176.8328399658203,89.53639221191406,106.9800033569336,13.011285781860352,21.13563346862793
2015-11-04,176.2965087890625,89.64002227783203,105.97000122070312,12.791470527648926,21.311067581176758
2015-11-05,176.12051391601562,89.40318298339844,105.63999938964844,12.690018653869629,21.327777862548828
2015-11-06,176.02828979492188,88.09285736083984,104.0999984741211,12.61392879486084,21.578399658203125
2015-11-09,174.3856964111328,87.59687805175781,104.4000015258789,12.504021644592285,21.5366268157959
2015-11-10,174.78793334960938,87.85594940185547,104.18000030517578,12.478658676147461,21.595102310180664
2015-11-11,174.10073852539062,87.67090606689453,103.83000183105469,12.351842880249023,21.5366268157959
2015-11-12,171.67037963867188,88.09285736083984,103.8499984741211,12.174300193786621,21.444730758666992
2015-11-13,169.7427978515625,88.5962142944336,103.55999755859375,12.081303596496582,21.519916534423828
2015-11-16,172.32400512695312,88.5147933959961,103.70999908447266,12.140483856201172,21.636873245239258
2015-11-17,172.19833374023438,88.66287231445312,102.33999633789062,11.954487800598145,21.6702880859375
2015-11-18,174.93051147460938,88.84793853759766,102.43000030517578,12.005213737487793,21.6702880859375
2015-11-19,174.7796173095703,89.44013977050781,103.55999755859375,12.005213737487793,21.519916534423828
2015-11-20,175.41650390625,89.16624450683594,103.08999633789062,11.98830509185791,21.6702880859375
2015-11-23,175.21539306640625,89.44013977050781,102.26000213623047,12.081303596496582,21.703706741333008
2015-11-24,175.4499969482422,89.4327621459961,102.94000244140625,12.275754928588867,21.661935806274414
2015-11-25,175.42491149902344,89.64002227783203,102.45999908447266,12.258845329284668,21.703706741333008
2015-11-27,175.6260223388672,89.55117797851562,101.25,12.07284927368164,21.73712158203125
2015-11-30,174.8968963623047,89.906494140625,101.91999816894531,11.996759414672852,21.787248611450195
2015-12-01,176.5646514892578,91.12093353271484,102.27999877929688,12.13202953338623,21.68699836730957
2015-12-02,174.76280212402344,91.15061950683594,100.69000244140625,11.878398895263672,21.73712158203125
2015-12-03,172.31568908691406,88.67280578613281,101.76000213623047,12.013668060302734,21.219175338745117
2015-12-04,175.6763458251953,89.45181274414062,104.0199966430664,11.996759414672852,21.36954689025879
2015-12-07,174.61199951171875,90.31970977783203,102.66999816894531,11.650130271911621,21.436376571655273
2015-12-08,173.43869018554688,90.36427307128906,102.83999633789062,11.590950012207031,21.36954689025879
2015-12-09,172.08938598632812,90.26779174804688,102.63999938964844,11.599404335021973,21.14398765563965
2015-12-10,172.5335693359375,90.38648986816406,102.55000305175781,11.557132720947266,21.26094627380371
2015-12-11,169.1896514892578,91.81080627441406,103.11000061035156,11.43877124786377,21.17740249633789
2015-12-14,170.0444793701172,90.62390899658203,101.79000091552734,11.36268138885498,21.219175338745117
2015-12-15,171.82955932617188,90.0897445678711,101.5199966430664,11.337318420410156,21.336130142211914
2015-12-16,174.3438262939453,89.8968505859375,102.75,11.286592483520508,21.336130142211914
2015-12-17,171.68710327148438,90.91321563720703,100.5,11.168231010437012,21.5366268157959
2015-12-18,168.6284637451172,91.41764068603516,102.04000091552734,11.21895694732666,21.41131591796875
2015-12-21,170.0195770263672,91.3953628540039,103.1500015258789,11.168231010437012,21.336130142211914
2015-12-22,171.5623779296875,90.73514556884766,102.61000061035156,11.11750316619873,21.302715301513672
2015-12-23,173.68685913085938,90.05268096923828,102.30999755859375,11.32041072845459,21.336130142211914
2015-12-24,173.40020751953125,90.5685806274414,103.05000305175781,11.32041072845459,21.286008834838867
2015-12-28,173.00401306152344,90.83621215820312,102.2699966430664,11.159774780273438,21.26094627380371
2015-12-29,174.85023498535156,89.32710266113281,102.19999694824219,11.345772743225098,21.31942367553711
2015-12-30,173.61094665527344,89.23786163330078,101.41999816894531,11.235864639282227,21.31942367553711
2015-12-31,171.87429809570312,89.6393051147461,101.45999908447266,11.295045852661133,21.428024291992188
2016-01-04,169.4715576171875,90.28609466552734,102.88999938964844,11.210502624511719,21.461441040039062
2016-01-05,169.75820922851562,89.92179107666016,103.18000030517578,11.10059642791748,21.58675193786621
2016-01-06,167.61685180664062,91.1335678100586,104.66999816894531,10.923055648803711,21.52827262878418
2016-01-07,163.59544372558594,91.29713439941406,106.1500015258789,10.87232780456543,21.311067581176758
2016-01-08,161.7996826171875,91.70600128173828,105.68000030517578,10.821601867675781,21.352840423583984
2016-01-11,161.95989990234375,90.70237731933594,104.73999786376953,10.5256986618042,21.453088760375977
2016-01-12,163.2666778564453,92.01074981689453,104.20999908447266,10.458063125610352,21.48650360107422
2016-01-13,159.19467163085938,92.9177474975586,104.72000122070312,10.398882865905762,21.453088760375977
2016-01-14,161.8081512451172,92.04793548583984,103.0199966430664,10.424245834350586,21.511564254760742
2016-01-15,158.3347625732422,93.48270416259766,104.08000183105469,10.204431533813477,21.461441040039062
2016-01-19,158.5454864501953,93.19278717041016,103.9800033569336,10.119888305664062,21.503210067749023
2016-01-20,156.5137481689453,94.17407989501953,105.37000274658203,10.04379940032959,21.511564254760742
2016-01-21,157.39051818847656,93.53478240966797,105.48999786376953,10.179069519042969,21.48650360107422
2016-01-22,160.6195068359375,93.17789459228516,105.0,10.483426094055176,21.603458404541016
2016-01-25,158.19149780273438,93.68343353271484,106.08000183105469,10.255158424377441,21.5366268157959
2016-01-26,160.3496551513672,93.7280502319336,107.29000091552734,10.458063125610352,21.494857788085938
2016-01-27,158.60452270507812,93.70574188232422,107.69000244140625,10.584878921508789,21.4781494140625
2016-01-28,159.4307403564453,93.83954620361328,106.54000091552734,10.703240394592285,21.37790298461914
2016-01-29,163.31723022460938,94.63499450683594,106.94999694824219,10.804692268371582,21.603458404541016
2016-02-01,163.2581787109375,94.34524536132812,108.05000305175781,10.601786613464355,21.461441040039062
2016-02-02,160.31590270996094,96.09557342529297,108.08999633789062,10.415790557861328,21.444730758666992
2016-02-03,161.27703857421875,95.29862213134766,109.25,10.677876472473145,21.07715606689453
2016-02-04,161.52993774414062,95.76041412353516,110.56999969482422,10.660968780517578,20.935136795043945
2016-02-05,158.45277404785156,95.87211608886719,112.31999969482422,10.59333324432373,21.027034759521484
2016-02-08,156.3198699951172,97.93521881103516,113.83000183105469,10.542606353759766,20.976909637451172
2016-02-09,156.32827758789062,98.03952026367188,113.58000183105469,10.27206802368164,20.8265380859375
2016-02-10,156.19342041015625,98.9034652709961,114.45999908447266,10.288976669311523,20.784765243530273
2016-02-11,154.16163635253906,99.5961685180664,119.05999755859375,10.415790557861328,20.726287841796875
2016-02-12,157.3399200439453,97.94265747070312,118.36000061035156,10.56796932220459,20.81818199157715
2016-02-16,159.99560546875,96.90740966796875,114.7699966430664,10.449607849121094,21.001970291137695
2016-02-17,162.60903930664062,96.31157684326172,115.4800033569336,10.66942310333252,20.993616104125977
2016-02-18,161.94300842285156,97.4958267211914,118.29000091552734,10.610241889953613,21.001970291137695
2016-02-19,161.86724853515625,97.5777359008789,117.58000183105469,10.517242431640625,20.94349479675293
2016-02-22,164.21087646484375,97.5256118774414,115.48999786376953,10.677876472473145,21.102218627929688
2016-02-23,162.1369171142578,97.92036437988281,117.22000122070312,10.53415298461914,21.110572814941406
2016-02-24,162.87889099121094,97.72669219970703,117.61000061035156,10.66942310333252,21.12728500366211
2016-02-25,164.85159301757812,98.07677459716797,117.91999816894531,10.660968780517578,21.110572814941406
2016-02-26,164.47219848632812,97.1308364868164,117.11000061035156,10.644059181213379,21.252592086791992
2016-02-29,163.18235778808594,97.55540466308594,118.63999938964844,10.779329299926758,21.294361114501953
2016-03-01,167.01829528808594,95.83759307861328,117.7699966430664,10.7877836227417,21.302715301513672
2016-03-02,167.76858520507812,96.23308563232422,118.68000030517578,10.846964836120605,21.286008834838867
2016-03-03,168.42616271972656,96.58379364013672,120.7300033569336,10.906144142150879,21.15234375
2016-03-04,168.97418212890625,95.96443176269531,120.54000091552734,11.11750316619873,21.0938663482666
2016-03-07,169.1090087890625,95.93461608886719,121.13999938964844,11.32041072845459,21.05209732055664
2016-03-08,167.26271057128906,96.99420166015625,120.58000183105469,11.168231010437012,21.060447692871094
2016-03-09,168.08892822265625,96.4047622680664,119.58000183105469,11.337318420410156,21.068801879882812
2016-03-10,168.2238311767578,96.00920867919922,121.5,11.32041072845459,20.85995101928711
2016-03-11,170.93846130371094,95.03913116455078,119.41000366210938,11.36268138885498,20.843244552612305
2016-03-14,170.7193145751953,95.33763122558594,117.87000274658203,11.261228561401367,20.926782608032227
2016-03-15,170.44110107421875,95.42716979980469,117.95999908447266,11.168231010437012,20.94349479675293
2016-03-16,171.4274444580078,95.71070098876953,120.58999633789062,11.36268138885498,20.717931747436523
2016-03-17,172.5150146484375,96.1062240600586,120.12999725341797,11.489497184753418,20.534147262573242
2016-03-18,173.19296264648438,96.30770874023438,119.80000305175781,11.481042861938477,20.58426856994629
2016-03-21,173.4386749267578,95.56896209716797,118.95999908447266,11.514859199523926,20.651100158691406
2016-03-22,173.34547424316406,95.54653930664062,119.30999755859375,11.599404335021973,20.70958137512207
2016-03-23,172.20147705078125,96.62858581542969,116.61000061035156,11.354227066040039,20.81818199157715
2016-03-24,172.12518310546875,96.6658706665039,116.33000183105469,11.286592483520508,20.8265380859375
2016-03-28,172.22686767578125,96.79277038574219,116.5999984741211,11.32041072845459,20.784765243530273
2016-03-29,173.81996154785156,97.8075942993164,118.76000213623047,11.295045852661133,20.600980758666992
2016-03-30,174.58267211914062,96.77783203125,117.0999984741211,11.252774238586426,20.534147262573242
2016-03-31,174.15896606445312,97.46436309814453,117.63999938964844,11.235864639282227,20.500730514526367
2016-04-01,175.34532165527344,97.71856689453125,116.93000030517578,11.04141616821289,20.49237632751465
2016-04-04,174.7775421142578,97.77845001220703,116.1500015258789,10.889236450195312,20.47566795349121
2016-04-05,173.0318603515625,98.84771728515625,117.66000366210938,10.863873481750488,20.49237632751465
2016-04-06,174.9215545654297,98.12989807128906,116.94000244140625,10.982234001159668,20.450605392456055
2016-04-07,172.8285369873047,99.34127044677734,118.61000061035156,10.948418617248535,20.47566795349121
2016-04-08,173.29464721679688,98.71316528320312,118.43000030517578,11.210502624511719,20.400480270385742
2016-04-11,172.88787841796875,98.58596801757812,120.02999877929688,11.295045852661133,20.350358963012695
2016-04-12,174.4978790283203,97.90553283691406,120.05000305175781,11.540223121643066,20.350358963012695
2016-04-13,176.26055908203125,98.24950408935547,118.7699966430664,11.599404335021973,20.509084701538086
2016-04-14,176.2689666748047,97.77845001220703,117.11000061035156,11.5064058303833,20.5592098236084
2016-04-15,176.07411193847656,98.61588287353516,117.91999816894531,11.464134216308594,20.500730514526367
2016-04-18,177.31126403808594,98.18965911865234,117.73999786376953,11.514859199523926,20.458961486816406
2016-04-19,177.87057495117188,97.88307189941406,119.58000183105469,11.76003646850586,20.358713150024414
2016-04-20,178.0401153564453,96.80632781982422,118.97000122070312,11.98830509185791,20.47566795349121
2016-04-21,177.08245849609375,96.23053741455078,119.41999816894531,11.937579154968262,20.47566795349121
2016-04-22,177.08245849609375,95.98379516601562,117.88999938964844,11.886852264404297,20.59262466430664
2016-04-25,176.7774658203125,95.58749389648438,118.2300033569336,11.878398895263672,20.525793075561523
2016-04-26,177.0401153564453,95.15372467041016,118.69999694824219,12.030576705932617,20.467313766479492
2016-04-27,177.40452575683594,96.10343933105469,119.04000091552734,12.140483856201172,20.44225311279297
2016-04-28,175.79444885253906,96.4997329711914,121.29000091552734,12.20811939239502,20.275175094604492
2016-04-29,174.84536743164062,96.7464828491211,123.6500015258789,12.326480865478516,20.133155822753906
2016-05-02,176.23516845703125,95.77244567871094,123.23999786376953,12.157393455505371,20.057968139648438
2016-05-03,174.70127868652344,96.9787368774414,122.95999908447266,11.971396446228027,20.11644744873047
2016-05-04,173.72677612304688,97.5107421875,122.20999908447266,11.979850769042969,20.191631317138672
2016-05-05,173.69284057617188,98.16259002685547,122.06999969482422,11.861489295959473,20.291881561279297
2016-05-06,174.3284149169922,97.74303436279297,123.18000030517578,11.937579154968262,20.316940307617188
2016-05-09,174.47250366210938,98.05021667480469,120.6500015258789,11.675494194030762,20.37541961669922
2016-05-10,176.64186096191406,98.05768585205078,120.9800033569336,11.96294116973877,20.39212989807129
2016-05-11,174.9894561767578,98.61221313476562,122.12000274658203,12.241935729980469,20.291881561279297
2016-05-12,175.0402374267578,98.16259002685547,121.16000366210938,12.258845329284668,20.367067337036133
2016-05-13,173.5149383544922,99.11420440673828,121.70999908447266,12.241935729980469,20.458961486816406
2016-05-16,175.2266845703125,98.26001739501953,121.80000305175781,12.377205848693848,20.450605392456055
2016-05-17,173.59117126464844,98.42485809326172,122.22000122070312,12.47020435333252,20.450605392456055
2016-05-18,173.64202880859375,97.02373504638672,120.0999984741211,12.377205848693848,20.59262466430664
2016-05-19,173.0403289794922,97.44330596923828,119.87000274658203,12.343390464782715,20.626039505004883
2016-05-20,174.13357543945312,97.51824188232422,119.70999908447266,12.394115447998047,20.626039505004883
2016-05-23,173.8963165283203,97.73555755615234,119.37000274658203,12.326480865478516,20.617687225341797
2016-05-24,176.150390625,97.30094909667969,117.30000305175781,12.326480865478516,20.684518814086914
2016-05-25,177.34523010253906,96.93377685546875,116.9800033569336,12.47020435333252,20.626039505004883
2016-05-26,177.3960723876953,97.43582153320312,116.58000183105469,12.461750030517578,20.59262466430664
2016-05-27,178.15870666503906,97.29349517822266,115.62000274658203,12.512476921081543,20.70958137512207
2016-05-31,177.81971740722656,97.52576446533203,116.05999755859375,12.436386108398438,20.75135040283203
2016-06-01,178.1841278076172,97.92137908935547,115.94000244140625,12.563200950622559,20.634395599365234
2016-06-02,178.7264862060547,98.62716674804688,115.66999816894531,12.588565826416016,20.659456253051758
2016-06-03,178.1925811767578,100.03120422363281,118.87999725341797,12.673110008239746,20.333650588989258
2016-06-06,179.09934997558594,99.28795623779297,118.91999816894531,12.825288772583008,20.333650588989258
2016-06-07,179.37896728515625,99.52814483642578,118.81999969482422,12.952105522155762,20.300233840942383
2016-06-08,179.9636993408203,100.06124114990234,120.58000183105469,13.171916961669922,20.24175453186035
2016-06-09,179.7179412841797,100.70690155029297,121.25,13.146553039550781,20.333650588989258
2016-06-10,178.01466369628906,101.19496154785156,121.73999786376953,12.985921859741211,20.467313766479492
2016-06-13,176.64186096191406,101.6455078125,122.63999938964844,12.985921859741211,20.417190551757812
2016-06-14,176.29441833496094,101.57034301757812,122.7699966430664,12.90137767791748,20.54250144958496
2016-06-15,176.04873657226562,101.96082305908203,123.68000030517578,12.833744049072266,20.49237632751465
2016-06-16,176.5740509033203,102.456298828125,122.37999725341797,12.61392879486084,20.467313766479492
2016-06-17,175.91653442382812,101.81819152832031,123.94999694824219,12.909832954406738,20.37541961669922
2016-06-20,177.0493927001953,100.72943115234375,123.20999908447266,13.028193473815918,20.258464813232422
2016-06-21,177.55197143554688,100.26398468017578,120.83999633789062,12.926740646362305,20.358713150024414
2016-06-22,177.26235961914062,100.42913818359375,120.9000015258789,12.850651741027832,20.26681900024414
2016-06-23,179.5707244873047,99.28036499023438,120.11000061035156,12.952105522155762,20.174922943115234
2016-06-24,173.12252807617188,101.94574737548828,126.0,12.690018653869629,20.70122718811035
2016-06-27,170.0218963623047,104.49100494384766,126.68000030517578,12.664654731750488,20.87666130065918
2016-06-28,173.0884246826172,104.70878601074219,125.31999969482422,12.867560386657715,20.776412963867188
2016-06-29,176.0357208251953,103.90546417236328,125.83999633789062,13.053555488586426,20.70958137512207
2016-06-30,178.43785095214844,104.28834533691406,126.47000122070312,12.977468490600586,20.75135040283203
2016-07-01,178.8126678466797,105.73632049560547,128.41000366210938,13.138100624084473,20.684518814086914
2016-07-05,177.5263671875,107.06019592285156,129.47000122070312,12.766108512878418,20.8265380859375
2016-07-06,178.59117126464844,107.23320770263672,130.22999572753906,12.81683349609375,20.76805877685547
2016-07-07,178.48040771484375,107.22565460205078,129.74000549316406,12.45329475402832,20.81818199157715
2016-07-08,181.13807678222656,108.01551055908203,130.52000427246094,12.58011245727539,20.8265380859375
2016-07-11,181.77699279785156,107.06769561767578,129.2899932861328,12.529383659362793,20.8850154876709
2016-07-12,183.09727478027344,105.3076171875,127.1500015258789,12.766108512878418,20.868309020996094
2016-07-13,183.0716552734375,106.54866027832031,128.32000732421875,12.605474472045898,20.81818199157715
2016-07-14,184.0938720703125,104.99918365478516,127.33000183105469,12.65619945526123,20.76805877685547
2016-07-15,183.84681701660156,104.09654998779297,126.83999633789062,12.622384071350098,20.85159683227539
2016-07-18,184.3409423828125,103.99870300292969,127.04000091552734,12.563200950622559,20.868309020996094
2016-07-19,184.15350341796875,104.58543395996094,127.20999908447266,12.487112998962402,20.968557357788086
2016-07-20,184.92010498046875,104.01380920410156,125.38999938964844,12.402568817138672,20.985261917114258
2016-07-21,184.22164916992188,104.22442626953125,127.30000305175781,12.334936141967773,20.951847076416016
2016-07-22,185.04791259765625,104.40491485595703,126.3499984741211,12.309571266174316,21.060447692871094
2016-07-25,184.54530334472656,104.3297119140625,125.47000122070312,12.174300193786621,21.027034759521484
2016-07-26,184.63050842285156,104.49518585205078,126.0,12.123575210571289,21.001970291137695
2016-07-27,184.4346160888672,105.79651641845703,128.02999877929688,12.005213737487793,20.901723861694336
2016-07-28,184.64752197265625,105.60095977783203,127.66000366210938,11.971396446228027,20.893369674682617
2016-07-29,184.9456787109375,106.48096466064453,128.97999572753906,12.07284927368164,20.609333038330078
2016-08-01,184.7924041748047,105.32650756835938,129.22000122070312,11.861489295959473,20.66781234741211
2016-08-02,183.60833740234375,104.24138641357422,130.27000427246094,11.84458065032959,20.525793075561523
2016-08-03,184.14495849609375,104.30169677734375,129.64999389648438,12.039030075073242,20.64274787902832
2016-08-04,184.3409423828125,105.08536529541016,129.8699951171875,12.089757919311523,20.676164627075195
2016-08-05,185.8485870361328,103.99264526367188,127.55000305175781,12.140483856201172,20.784765243530273
2016-08-08,185.7378692626953,104.1886215209961,127.44000244140625,12.20811939239502,20.801475524902344
2016-08-09,185.8485870361328,105.21347045898438,127.95999908447266,12.174300193786621,20.759702682495117
2016-08-10,185.38861083984375,105.62042236328125,128.55999755859375,12.030576705932617,20.651100158691406
2016-08-11,186.2489471435547,104.67845153808594,127.66999816894531,12.216572761535645,20.70958137512207
2016-08-12,186.0871124267578,105.56013488769531,127.4000015258789,12.309571266174316,20.676164627075195
2016-08-15,186.62376403808594,104.56539916992188,127.83999633789062,12.512476921081543,20.64274787902832
2016-08-16,185.6612091064453,104.28662872314453,128.47000122070312,12.61392879486084,20.458961486816406
2016-08-17,186.0104217529297,104.91201782226562,128.5,12.664654731750488,20.47566795349121
2016-08-18,186.42784118652344,105.07780456542969,129.11000061035156,12.825288772583008,20.32529640197754
2016-08-19,186.15524291992188,104.52777862548828,127.97000122070312,12.7830171585083,20.400480270385742
2016-08-22,186.14678955078125,105.4094009399414,127.77999877929688,12.664654731750488,20.42554473876953
2016-08-23,186.5215606689453,105.52252197265625,127.76000213623047,12.715381622314453,20.408838272094727
2016-08-24,185.56752014160156,105.27373504638672,126.33999633789062,12.563200950622559,20.467313766479492
2016-08-25,185.4397430419922,104.87433624267578,126.2300033569336,12.61392879486084,20.467313766479492
2016-08-26,185.09048461914062,104.26399993896484,126.05000305175781,12.571657180786133,20.617687225341797
2016-08-29,186.001953125,105.65811157226562,126.30000305175781,12.520931243896484,20.634395599365234
2016-08-30,185.69529724121094,105.25115966796875,125.02999877929688,12.402568817138672,20.742996215820312
2016-08-31,185.16720581054688,105.40184783935547,124.77999877929688,12.165846824645996,20.734643936157227
2016-09-01,185.17572021484375,105.51814270019531,125.29000091552734,12.030576705932617,20.659456253051758
2016-09-02,186.0104217529297,104.6574478149414,126.56999969482422,12.165846824645996,20.70958137512207
2016-09-06,186.57266235351562,105.41999816894531,128.7100067138672,12.250391006469727,20.467313766479492
2016-09-07,186.5556182861328,105.34452056884766,128.27000427246094,12.360298156738281,20.500730514526367
2016-09-08,186.12966918945312,104.02334594726562,127.58999633789062,12.58011245727539,20.525793075561523
2016-09-09,181.6746826171875,102.30963134765625,126.75,12.385661125183105,20.58426856994629
2016-09-12,184.28126525878906,102.36245727539062,126.58999633789062,12.385661125183105,20.550853729248047
2016-09-13,181.6321563720703,101.19989776611328,125.75,12.225028038024902,20.634395599365234
2016-09-14,181.5640106201172,101.35084533691406,126.18000030517578,12.13202953338623,20.58426856994629
2016-09-15,183.37832641601562,100.91304016113281,125.37000274658203,12.19120979309082,20.575916290283203
2016-09-16,182.66946411132812,101.72836303710938,125.05999755859375,12.20811939239502,20.742996215820312
2016-09-19,182.7036895751953,101.39616394042969,125.31999969482422,12.199665069580078,20.692874908447266
2016-09-20,182.7123260498047,101.75098419189453,125.44000244140625,12.241935729980469,20.726287841796875
2016-09-21,184.7669219970703,102.57389831542969,127.2699966430664,12.394115447998047,20.634395599365234
2016-09-22,185.9312744140625,103.38919830322266,127.56999969482422,12.461750030517578,20.609333038330078
2016-09-23,184.91253662109375,103.2911376953125,127.6500015258789,12.31802749633789,20.617687225341797
2016-09-26,183.4143524169922,103.94786071777344,127.55000305175781,12.402568817138672,20.575916290283203
2016-09-27,184.55294799804688,104.71038055419922,126.62000274658203,12.284207344055176,20.59262466430664
2016-09-28,185.4689483642578,104.48388671875,126.22000122070312,12.571657180786133,20.609333038330078
2016-09-29,183.79100036621094,104.74810028076172,126.06999969482422,12.647747039794922,20.626039505004883
2016-09-30,185.17791748046875,103.81201171875,125.63999938964844,12.690018653869629,20.617687225341797
2016-10-03,184.7327117919922,103.46936798095703,125.31999969482422,12.799925804138184,20.659456253051758
2016-10-04,183.79100036621094,102.25932312011719,120.97000122070312,12.766108512878418,20.75135040283203
2016-10-05,184.6043243408203,101.78276824951172,120.77999877929688,12.84219741821289,20.776412963867188
2016-10-06,184.7327117919922,101.21562194824219,119.66000366210938,12.867560386657715,20.8850154876709
2016-10-07,184.09918212890625,101.28365325927734,119.73999786376953,12.833744049072266,20.85159683227539
2016-10-10,185.05809020996094,100.68621063232422,120.16000366210938,12.977468490600586,20.935136795043945
2016-10-11,182.72084045410156,100.45928955078125,119.55000305175781,12.90137767791748,21.0938663482666
2016-10-12,182.96055603027344,100.5576171875,119.73999786376953,12.808379173278809,21.15234375
2016-10-13,182.3612823486328,100.93576049804688,120.02999877929688,12.892923355102539,21.07715606689453
2016-10-14,182.45550537109375,99.52149963378906,119.36000061035156,12.90137767791748,21.185758590698242
2016-10-17,181.8218994140625,100.15674591064453,119.68000030517578,12.918285369873047,21.13563346862793
2016-10-18,182.96055603027344,100.48197174072266,120.41999816894531,12.943649291992188,21.15234375
2016-10-19,183.4485321044922,100.565185546875,121.11000061035156,13.028193473815918,21.160696029663086
2016-10-20,183.10617065429688,100.67107391357422,120.73999786376953,12.909832954406738,21.227529525756836
2016-10-21,183.19174194335938,100.8222885131836,120.83000183105469,12.960558891296387,21.302715301513672
2016-10-24,183.97073364257812,100.38371276855469,120.55999755859375,12.969013214111328,21.327777862548828
2016-10-25,183.35440063476562,100.64839172363281,121.47000122070312,12.909832954406738,21.31942367553711
2016-10-26,182.9862518310547,99.96768188476562,120.79000091552734,12.825288772583008,21.311067581176758
2016-10-27,182.49822998046875,98.87865447998047,121.01000213623047,12.90137767791748,21.352840423583984
2016-10-28,181.95892333984375,98.65931701660156,121.58000183105469,12.81683349609375,21.227529525756836
2016-10-31,181.9674530029297,99.26437377929688,121.94000244140625,12.647747039794922,21.235881805419922
2016-11-01,180.64906311035156,99.27191162109375,122.7300033569336,12.706926345825195,21.12728500366211
2016-11-02,179.56179809570312,99.70382690429688,123.63999938964844,12.55474853515625,21.05209732055664
2016-11-03,178.7399139404297,98.93851470947266,124.30000305175781,12.512476921081543,20.993616104125977
2016-11-04,178.5430145263672,99.8250732421875,124.38999938964844,12.427931785583496,20.935136795043945
2016-11-07,182.48110961914062,98.97638702392578,122.1500015258789,12.478658676147461,21.110572814941406
2016-11-08,183.302978515625,98.5748062133789,121.63999938964844,12.461750030517578,21.169052124023438
2016-11-09,185.24635314941406,94.39205169677734,121.55999755859375,12.520931243896484,21.302715301513672
2016-11-10,185.70870971679688,92.99784851074219,119.75,12.419478416442871,21.344484329223633
2016-11-11,185.2806396484375,92.4749755859375,117.0999984741211,12.182756423950195,21.37790298461914
2016-11-14,185.42617797851562,91.92179107666016,116.11000061035156,12.157393455505371,21.58675193786621
2016-11-15,186.87301635742188,92.37647247314453,117.12000274658203,12.427931785583496,21.620166778564453
2016-11-16,186.52200317382812,93.20996856689453,116.7699966430664,12.275754928588867,21.678647994995117
2016-11-17,187.4808807373047,91.83846282958984,116.16999816894531,12.301116943359375,21.803955078125
2016-11-18,187.0614013671875,91.57324981689453,115.1500015258789,12.402568817138672,21.8791446685791
2016-11-21,188.4739227294922,91.80056762695312,115.58000183105469,12.749198913574219,21.79560089111328
2016-11-22,188.84202575683594,91.7702407836914,115.54000091552734,12.732290267944336,21.829015731811523
2016-11-23,188.94479370117188,91.41413879394531,113.25,12.7830171585083,21.96268081665039
2016-11-25,189.6468505859375,91.5505142211914,112.61000061035156,12.690018653869629,21.920909881591797
2016-11-28,188.75650024414062,92.22488403320312,113.80000305175781,12.732290267944336,21.8624324798584
2016-11-29,189.12460327148438,92.6113510131836,113.2699966430664,12.478658676147461,21.81231117248535
2016-11-30,188.67088317871094,91.11103820800781,111.75,12.85910701751709,21.92926597595215
2016-12-01,187.97735595703125,90.14904022216797,111.54000091552734,13.09582805633545,21.81231117248535
2016-12-02,188.0715789794922,90.80958557128906,112.13999938964844,13.188826560974121,21.762184143066406
2016-12-05,189.20167541503906,90.71086883544922,111.54000091552734,13.256461143493652,21.620166778564453
2016-12-06,189.80093383789062,90.64253234863281,111.43000030517578,13.197279930114746,21.703706741333008
2016-12-07,192.28369140625,91.41702270507812,111.83000183105469,13.09582805633545,21.636873245239258
2016-12-08,192.7545623779297,90.33882904052734,111.56999969482422,13.121191024780273,21.829015731811523
2016-12-09,193.91888427734375,89.21511840820312,110.4000015258789,13.188826560974121,21.920909881591797
2016-12-12,193.69627380371094,89.38211822509766,110.81999969482422,13.273370742797852,21.79560089111328
2016-12-13,194.98898315429688,89.70104217529297,110.44999694824219,13.307188034057617,21.820663452148438
2016-12-14,193.3795166015625,88.69881439208984,108.83000183105469,13.180371284484863,22.02951431274414
2016-12-15,194.1756591796875,89.14678192138672,107.33999633789062,13.16346263885498,22.271780014038086
2016-12-16,193.7958984375,88.94174194335938,108.05000305175781,13.222643852233887,22.196592330932617
2016-12-19,194.21786499023438,89.89845275878906,108.58999633789062,13.146553039550781,22.263423919677734
2016-12-20,194.9671173095703,89.45050048828125,107.79000091552734,13.205735206604004,22.30519676208496
2016-12-21,194.42457580566406,89.84532165527344,107.8499984741211,13.129645347595215,22.238367080688477
2016-12-22,194.0886688232422,89.68467712402344,107.58999633789062,13.112737655639648,22.263423919677734
2016-12-23,194.37289428710938,89.86741638183594,107.93000030517578,13.138100624084473,22.24671745300293
2016-12-27,194.85513305664062,89.5781021118164,108.55999755859375,13.341005325317383,22.238367080688477
2016-12-28,193.2447509765625,90.2327651977539,108.86000061035156,13.34946060180664,22.296844482421875
2016-12-29,193.20172119140625,90.55249786376953,110.29000091552734,13.366369247436523,22.171533584594727
2016-12-30,192.49557495117188,90.68950653076172,109.61000061035156,13.391732215881348,22.104700088500977
2017-01-03,193.96815490722656,91.07780456542969,110.47000122070312,13.231098175048828,22.30519676208496
2017-01-04,195.1221160888672,91.427978515625,110.86000061035156,13.332551002502441,22.138118743896484
2017-01-05,194.9671173095703,92.85912322998047,112.58000183105469,13.400186538696289,21.904203414916992
2017-01-06,195.6646728515625,92.00653076171875,111.75,13.38327693939209,22.062929153442383
2017-01-09,195.01876831054688,92.74493408203125,112.66999816894531,13.180371284484863,22.004451751708984
2017-01-10,195.01876831054688,92.68409729003906,113.1500015258789,13.121191024780273,22.012807846069336
2017-01-11,195.56988525390625,92.9961929321289,113.5,13.264915466308594,21.96268081665039
2017-01-12,195.07911682128906,92.7906723022461,113.91000366210938,13.459366798400879,21.8791446685791
2017-01-13,195.52685546875,92.34910583496094,114.20999908447266,13.434002876281738,21.854080200195312
2017-01-17,194.83792114257812,93.31593322753906,115.8499984741211,13.425548553466797,21.65358543395996
2017-01-18,195.26849365234375,92.12076568603516,114.87000274658203,13.307188034057617,21.854080200195312
2017-01-19,194.54510498046875,91.48887634277344,114.7699966430664,13.264915466308594,21.820663452148438
2017-01-20,195.25990295410156,91.3061752319336,115.05000305175781,13.417095184326172,21.745479583740234
2017-01-23,194.75177001953125,92.2197265625,115.79000091552734,13.417095184326172,21.628522872924805
2017-01-24,196.00047302246094,91.58784484863281,115.2699966430664,13.450911521911621,21.636873245239258
2017-01-25,197.697021484375,90.4383316040039,114.31999969482422,13.366369247436523,21.561689376831055
2017-01-26,197.4902801513672,90.74284362792969,113.26000213623047,13.425548553466797,21.703706741333008
2017-01-27,197.18032836914062,91.07023620605469,113.48999786376953,13.315641403198242,21.71206283569336
2017-01-30,195.95742797851562,90.796142578125,113.97000122070312,13.23955249786377,21.6702880859375
2017-01-31,195.94017028808594,91.427978515625,115.55000305175781,13.315641403198242,21.494857788085938
2017-02-01,196.01768493652344,90.8626937866211,115.19999694824219,13.459366798400879,21.511564254760742
2017-02-02,196.14686584472656,90.82449340820312,115.83999633789062,13.459366798400879,21.544981002807617
2017-02-03,197.49887084960938,90.78636932373047,116.12999725341797,13.450911521911621,21.5366268157959
2017-02-06,197.1457977294922,91.33563232421875,117.69999694824219,13.366369247436523,21.55333709716797
2017-02-07,197.1544189453125,92.00704193115234,117.45999908447266,13.307188034057617,21.661935806274414
2017-02-08,197.4127960205078,93.25817108154297,118.19000244140625,13.357913970947266,21.636873245239258
2017-02-09,198.58399963378906,92.1824951171875,117.29000091552734,13.425548553466797,21.720417022705078
2017-02-10,199.3676300048828,92.12911224365234,117.5999984741211,13.569272994995117,21.745479583740234
2017-02-13,200.45266723632812,91.83919525146484,116.80000305175781,13.417095184326172,21.79560089111328
2017-02-14,201.2535858154297,91.17545318603516,116.93000030517578,13.434002876281738,21.84572410583496
2017-02-15,202.30418395996094,90.75585174560547,117.44999694824219,13.450911521911621,21.803955078125
2017-02-16,202.13194274902344,91.2517318725586,118.08000183105469,13.366369247436523,21.678647994995117
2017-02-17,202.4505615234375,91.79344177246094,117.68000030517578,13.341005325317383,21.787248611450195
2017-02-21,203.65626525878906,91.63322448730469,117.75,13.3240966796875,21.887495040893555
2017-02-22,203.4753875732422,91.78582000732422,117.91000366210938,13.256461143493652,21.837371826171875
2017-02-23,203.61322021484375,92.06040954589844,118.94000244140625,13.29873275756836,21.787248611450195
2017-02-24,203.8715362548828,93.08271789550781,119.69999694824219,13.273370742797852,21.829015731811523
2017-02-27,204.19015502929688,92.533447265625,119.12000274658203,13.23955249786377,21.829015731811523
2017-02-28,203.6389617919922,92.87676239013672,119.2300033569336,13.290279388427734,21.81231117248535
2017-03-01,206.48944091796875,91.32050323486328,119.05999755859375,13.34946060180664,21.96268081665039
2017-03-02,205.1891326904297,90.99181365966797,117.58000183105469,13.138100624084473,22.054574966430664
2017-03-03,205.31826782226562,91.2287368774414,117.51000213623047,13.205735206604004,21.8624324798584
2017-03-06,204.70681762695312,90.79303741455078,116.72000122070312,13.188826560974121,21.937620162963867
2017-03-07,204.0953826904297,90.51785278320312,115.77999877929688,13.129645347595215,21.96268081665039
2017-03-08,203.71649169921875,90.02867126464844,115.05999755859375,12.833744049072266,22.03786849975586
2017-03-09,203.97488403320312,89.31014251708984,114.47000122070312,12.723835945129395,21.996095657348633
2017-03-10,204.68960571289062,89.62353515625,114.72000122070312,12.605474472045898,21.84572410583496
2017-03-13,204.79295349121094,89.05789184570312,114.73999786376953,12.588565826416016,21.8791446685791
2017-03-14,204.00929260253906,89.48594665527344,114.12000274658203,12.53783893585205,21.954330444335938
2017-03-15,205.77467346191406,90.57903289794922,116.25,12.647747039794922,21.695350646972656
2017-03-16,205.36993408203125,90.12035369873047,116.7300033569336,12.630837440490723,21.620166778564453
2017-03-17,205.0092315673828,90.68606567382812,116.98999786376953,12.673110008239746,21.628522872924805
2017-03-20,204.7843780517578,91.07584381103516,117.51000213623047,12.664654731750488,21.636873245239258
2017-03-21,202.15501403808594,91.83262634277344,118.54000091552734,12.597020149230957,21.503210067749023
2017-03-22,202.63079833984375,92.1994857788086,118.83000183105469,12.588565826416016,21.48650360107422
2017-03-23,202.4144744873047,92.06953430175781,118.66999816894531,12.563200950622559,21.511564254760742
2017-03-24,202.26754760742188,92.39826965332031,118.86000061035156,12.605474472045898,21.503210067749023
2017-03-27,202.05987548828125,92.81863403320312,119.52999877929688,12.588565826416016,21.386255264282227
2017-03-28,203.53030395507812,92.1994857788086,119.04000091552734,12.664654731750488,21.503210067749023
2017-03-29,203.7205352783203,92.74986267089844,119.33000183105469,12.7830171585083,21.544981002807617
2017-03-30,204.3692169189453,92.00078582763672,118.47000122070312,12.833744049072266,21.68699836730957
2017-03-31,203.8935089111328,92.2682876586914,118.72000122070312,12.85910701751709,21.678647994995117
2017-04-03,203.53892517089844,93.1989974975586,119.3499984741211,12.808379173278809,21.678647994995117
2017-04-04,203.66868591308594,92.69347381591797,119.62000274658203,12.935195922851562,21.703706741333008
2017-04-05,203.063232421875,92.97687530517578,119.62000274658203,12.960558891296387,21.695350646972656
2017-04-06,203.63406372070312,92.83895111083984,119.18000030517578,12.994376182556152,21.745479583740234
2017-04-07,203.42645263671875,92.46365356445312,119.45999908447266,13.028193473815918,21.84572410583496
2017-04-10,203.5475616455078,92.89259338378906,119.45999908447266,13.129645347595215,21.803955078125
2017-04-11,203.30543518066406,93.77349090576172,121.19000244140625,13.155009269714355,21.73712158203125
2017-04-12,202.4144744873047,94.28672790527344,122.0199966430664,13.155009269714355,21.628522872924805
2017-04-13,201.099853515625,94.5777587890625,122.5999984741211,13.197279930114746,21.703706741333008
2017-04-17,202.88160705566406,94.28672790527344,122.23999786376953,13.121191024780273,21.645231246948242
2017-04-18,202.2761688232422,95.52000427246094,122.81999969482422,13.070465087890625,21.461441040039062
2017-04-19,201.90423583984375,94.99908447265625,121.7300033569336,12.84219741821289,21.5366268157959
2017-04-20,203.5475616455078,94.63143920898438,121.95999908447266,12.791470527648926,21.544981002807617
2017-04-21,202.89891052246094,94.63143920898438,122.30999755859375,12.664654731750488,21.561689376831055
2017-04-24,205.13037109375,94.16413879394531,121.4800033569336,12.622384071350098,21.36119270324707
2017-04-25,206.32388305664062,93.03045654296875,120.25,12.681562423706055,21.302715301513672
2017-04-26,206.19415283203125,93.54367065429688,120.83999633789062,12.61392879486084,21.352840423583984
2017-04-27,206.36717224121094,93.51305389404297,120.38999938964844,12.546293258666992,21.386255264282227
2017-04-28,205.91738891601562,93.71990203857422,120.7699966430664,12.512476921081543,21.36119270324707
2017-05-01,206.4364013671875,92.94081115722656,119.66999816894531,12.53783893585205,21.37790298461914
2017-05-02,206.5142059326172,93.41666412353516,119.6500015258789,12.402568817138672,21.344484329223633
2017-05-03,206.2633819580078,93.47811889648438,117.9800033569336,12.351842880249023,21.428024291992188
2017-05-04,206.50555419921875,93.01749420166016,116.79000091552734,12.055940628051758,21.294361114501953
2017-05-05,207.31858825683594,93.10193634033203,117.01000213623047,12.225028038024902,21.26094627380371
2017-05-08,207.2839813232422,92.5953369140625,116.75,12.174300193786621,21.37790298461914
2017-05-09,207.09368896484375,92.58763122558594,116.05000305175781,12.115120887756348,21.48650360107422
2017-05-10,207.46563720703125,92.48021697998047,116.04000091552734,12.309571266174316,21.494857788085938
2017-05-11,207.04180908203125,92.48021697998047,116.5,12.360298156738281,21.503210067749023
2017-05-12,206.69581604003906,93.1787338256836,116.83000183105469,12.360298156738281,21.394609451293945
2017-05-15,207.83749389648438,92.92540740966797,117.13999938964844,12.427931785583496,21.336130142211914
2017-05-16,207.64723205566406,93.27079010009766,117.6500015258789,12.444842338562012,21.17740249633789
2017-05-17,203.96275329589844,94.62946319580078,119.79000091552734,12.529383659362793,21.035388946533203
2017-05-18,204.7843780517578,94.7369384765625,118.80999755859375,12.495567321777344,21.110572814941406
2017-05-19,206.1164093017578,94.95954132080078,119.4000015258789,12.740744590759277,20.960203170776367
2017-05-22,207.1628875732422,94.69856262207031,119.9000015258789,12.825288772583008,20.926782608032227
2017-05-23,207.6212921142578,94.06143951416016,119.13999938964844,12.7830171585083,21.018678665161133
2017-05-24,208.1056365966797,94.59109497070312,119.61000061035156,12.757654190063477,20.951847076416016
2017-05-25,209.10031127929688,94.6218032836914,119.4800033569336,12.478658676147461,20.976909637451172
2017-05-26,209.05697631835938,94.78299713134766,120.54000091552734,12.571657180786133,21.027034759521484
2017-05-30,208.87538146972656,95.25122833251953,120.13999938964844,12.47020435333252,21.001970291137695
2017-05-31,208.82351684570312,95.48924255371094,120.62000274658203,12.334936141967773,20.951847076416016
2017-06-01,210.484130859375,95.49919891357422,120.72000122070312,12.250391006469727,20.976909637451172
2017-06-02,211.1846923828125,96.62993621826172,121.61000061035156,12.19120979309082,20.87666130065918
2017-06-05,211.029052734375,96.02993774414062,121.7300033569336,12.123575210571289,20.893369674682617
2017-06-06,210.35443115234375,96.55302429199219,123.0999984741211,12.20811939239502,20.843244552612305
2017-06-07,210.74356079101562,96.09149932861328,122.44999694824219,12.039030075073242,20.868309020996094
2017-06-08,210.8473663330078,95.83765411376953,121.6500015258789,12.039030075073242,20.94349479675293
2017-06-09,210.52737426757812,95.69153594970703,120.54000091552734,12.106666564941406,21.01032257080078
2017-06-12,210.484130859375,95.66072845458984,120.36000061035156,11.996759414672852,20.976909637451172
2017-06-13,211.51339721679688,95.67611694335938,120.4800033569336,12.047486305236816,20.951847076416016
2017-06-14,211.24526977539062,97.15300750732422,119.81999969482422,11.836126327514648,20.935136795043945
2017-06-15,210.8387451171875,96.99916076660156,119.31999969482422,11.886852264404297,21.060447692871094
2017-06-16,210.88485717773438,97.19149017333984,119.33999633789062,11.937579154968262,20.985261917114258
2017-06-19,212.64044189453125,97.05306243896484,118.43000030517578,11.861489295959473,21.07715606689453
2017-06-20,211.20639038085938,97.92227935791016,118.18000030517578,11.743128776550293,21.110572814941406
2017-06-21,211.15420532226562,98.12223052978516,118.5199966430664,11.616312980651855,21.068801879882812
2017-06-22,211.05862426757812,98.33763122558594,118.91999816894531,11.633221626281738,21.07715606689453
2017-06-23,211.31069946289062,98.29148864746094,119.43000030517578,11.683947563171387,21.01032257080078
2017-06-26,211.44970703125,98.66069030761719,118.36000061035156,11.709311485290527,21.04374122619629
2017-06-27,209.7462615966797,97.6068344116211,118.80999755859375,11.84458065032959,20.80982780456543
2017-06-28,211.6235809326172,97.28373718261719,118.9000015258789,11.920670509338379,20.742996215820312
2017-06-29,209.7636260986328,96.46842956542969,118.31999969482422,11.971396446228027,20.64274787902832
2017-06-30,210.1547393798828,96.24534606933594,118.0199966430664,12.216572761535645,20.676164627075195
2017-07-03,210.51107788085938,95.93547821044922,116.08999633789062,12.343390464782715,20.801475524902344
2017-07-05,210.99774169921875,95.9586181640625,116.5199966430664,12.157393455505371,20.80982780456543
2017-07-06,209.06834411621094,95.16468048095703,116.47000122070312,12.165846824645996,20.717931747436523
2017-07-07,210.42416381835938,94.59427642822266,115.27999877929688,12.047486305236816,20.75135040283203
2017-07-10,210.650146484375,94.73303985595703,115.47000122070312,12.098212242126465,20.759702682495117
2017-07-11,210.4937286376953,94.89482116699219,115.62000274658203,12.216572761535645,20.684518814086914
2017-07-12,212.07550048828125,95.55009460449219,116.02999877929688,12.157393455505371,20.684518814086914
2017-07-13,212.4319305419922,94.94886779785156,115.81999969482422,12.148938179016113,20.692874908447266
2017-07-14,213.42262268066406,95.06446838378906,116.7699966430664,12.284207344055176,20.567564010620117
2017-07-17,213.39657592773438,95.3265151977539,117.29000091552734,12.241935729980469,20.567564010620117
2017-07-18,213.50958251953125,96.1589584350586,118.11000061035156,12.29266357421875,20.458961486816406
2017-07-19,214.66549682617188,96.19755554199219,118.08000183105469,12.402568817138672,20.509084701538086
2017-07-20,214.7611083984375,96.47503662109375,118.23999786376953,12.385661125183105,20.383773803710938
2017-07-21,214.5699462890625,96.88357543945312,119.26000213623047,12.216572761535645,20.316940307617188
2017-07-24,214.51776123046875,96.505859375,119.30999755859375,12.241935729980469,20.32529640197754
2017-07-25,215.03924560546875,95.24947357177734,118.91999816894531,12.377205848693848,20.358713150024414
2017-07-26,215.04788208007812,95.40360260009766,119.87999725341797,12.495567321777344,20.24175453186035
2017-07-27,214.8479766845703,94.93344116210938,119.79000091552734,12.571657180786133,20.316940307617188
2017-07-28,214.59596252441406,95.49607849121094,120.69000244140625,12.639290809631348,20.191631317138672
2017-07-31,214.47425842285156,95.61172485351562,120.75,12.715381622314453,20.108091354370117
2017-08-01,214.9523468017578,96.28301239013672,120.6500015258789,12.571657180786133,20.141510009765625
2017-08-02,215.0565948486328,96.33707427978516,120.4000015258789,12.597020149230957,20.11644744873047
2017-08-03,214.63946533203125,97.3335952758789,120.58999633789062,12.504021644592285,20.06632423400879
2017-08-04,215.03054809570312,96.50704956054688,119.6500015258789,12.529383659362793,20.24175453186035
2017-08-07,215.43035888671875,96.61515808105469,119.51000213623047,12.55474853515625,20.233402252197266
2017-08-08,214.90017700195312,96.26756286621094,119.86000061035156,12.563200950622559,20.26681900024414
2017-08-09,214.89149475097656,96.79289245605469,121.30999755859375,12.647747039794922,20.25010871887207
2017-08-10,211.8582763671875,97.61943054199219,122.20999908447266,12.45329475402832,20.21669578552246
2017-08-11,212.17112731933594,97.66575622558594,122.79000091552734,12.495567321777344,20.141510009765625
2017-08-14,214.27439880371094,97.16363525390625,121.91999816894531,12.385661125183105,20.225046157836914
2017-08-15,214.248291015625,96.75424194335938,120.9800033569336,12.326480865478516,20.316940307617188
2017-08-16,214.62208557128906,97.10958862304688,121.87000274658203,12.29266357421875,20.25010871887207
2017-08-17,211.27590942382812,97.83570098876953,122.48999786376953,12.326480865478516,20.291881561279297
2017-08-18,210.9456329345703,97.81259155273438,122.30000305175781,12.546293258666992,20.225046157836914
2017-08-21,211.1107940673828,98.05201721191406,122.76000213623047,12.394115447998047,20.166568756103516
2017-08-22,213.31837463378906,97.67350769042969,122.20999908447266,12.427931785583496,20.25010871887207
2017-08-23,212.55352783203125,98.33787536621094,122.66999816894531,12.53783893585205,20.166568756103516
2017-08-24,212.0581512451172,97.97476196289062,122.29000091552734,12.529383659362793,20.208341598510742
2017-08-25,212.55352783203125,98.35326385498047,122.73999786376953,12.504021644592285,20.041259765625
2017-08-28,212.56224060058594,98.29150390625,124.69000244140625,12.512476921081543,19.982784271240234
2017-08-29,212.8055877685547,98.60823059082031,124.41999816894531,12.512476921081543,20.007843017578125
2017-08-30,213.81382751464844,98.57733917236328,124.36000061035156,12.419478416442871,20.133155822753906
2017-08-31,215.10011291503906,98.8708724975586,125.81999969482422,12.766108512878418,20.074674606323242
2017-09-01,215.40428161621094,98.11457061767578,126.05999755859375,12.7830171585083,20.11644744873047
2017-09-05,213.85720825195312,99.6705093383789,127.45999908447266,12.808379173278809,20.007843017578125
2017-09-06,214.58724975585938,99.05892944335938,126.80999755859375,12.935195922851562,19.99113655090332
2017-09-07,214.56118774414062,100.072998046875,128.1300048828125,12.926740646362305,19.849119186401367
2017-09-08,214.3091583251953,99.85627746582031,127.97000122070312,12.7830171585083,19.798995971679688
2017-09-11,216.59495544433594,98.66417694091797,126.19000244140625,12.808379173278809,19.932661056518555
2017-09-12,217.32505798339844,98.14554595947266,126.55999755859375,12.84219741821289,19.924304962158203
2017-09-13,217.42930603027344,97.75849151611328,125.61000061035156,12.90137767791748,20.041259765625
2017-09-14,217.35983276367188,98.1610336303711,126.16000366210938,12.909832954406738,19.982784271240234
2017-09-15,217.6523895263672,98.19973754882812,125.52999877929688,12.969013214111328,19.91594886779785
2017-09-18,218.11532592773438,97.63462829589844,124.36000061035156,12.952105522155762,19.966073989868164
2017-09-19,218.33372497558594,97.39469909667969,124.62000274658203,12.926740646362305,19.907596588134766
2017-09-20,218.41224670410156,97.46440887451172,123.62000274658203,13.03664779663086,20.06632423400879
2017-09-21,217.8270721435547,97.4101333618164,122.68000030517578,12.985921859741211,20.007843017578125
2017-09-22,217.87075805664062,97.68889617919922,123.23999786376953,13.03664779663086,19.99113655090332
2017-09-25,217.42527770996094,98.30033874511719,124.52999877929688,13.256461143493652,20.108091354370117
2017-09-26,217.5563201904297,98.1223373413086,123.13999938964844,13.138100624084473,20.174922943115234
2017-09-27,218.40354919433594,96.6438217163086,121.9800033569336,13.087373733520508,20.275175094604492
2017-09-28,218.6656494140625,96.35746002197266,122.20999908447266,13.087373733520508,20.21669578552246
2017-09-29,219.43426513671875,96.57415771484375,121.58000183105469,13.019739151000977,20.199987411499023
2017-10-02,220.38626098632812,96.39732360839844,120.7699966430664,12.909832954406738,20.316940307617188
2017-10-03,220.8579559326172,96.49040222167969,120.83000183105469,12.918285369873047,20.3085880279541
2017-10-04,221.1199951171875,96.49815368652344,121.16999816894531,12.935195922851562,20.283527374267578
2017-10-05,222.4301300048828,96.13358306884766,120.5199966430664,13.078919410705566,20.39212989807129
2017-10-06,222.1768341064453,95.86214447021484,121.08999633789062,12.876014709472656,20.358713150024414
2017-10-09,221.8099822998047,96.16462707519531,122.08000183105469,12.884469985961914,20.32529640197754
2017-10-10,222.3952178955078,96.31979370117188,122.4000015258789,13.03664779663086,20.21669578552246
2017-10-11,222.7445831298828,96.50588989257812,122.79000091552734,13.06201171875,20.158214569091797
2017-10-12,222.41261291503906,96.91700744628906,122.88999938964844,13.045103073120117,20.199987411499023
2017-10-13,222.6834259033203,97.6150894165039,123.81999969482422,13.171916961669922,20.199987411499023
2017-10-16,222.98040771484375,97.5452880859375,122.97000122070312,13.205735206604004,20.25010871887207
2017-10-17,223.1376495361328,97.66942596435547,122.12999725341797,13.188826560974121,20.300233840942383
2017-10-18,223.35595703125,97.02556610107422,121.66999816894531,13.180371284484863,20.275175094604492
2017-10-19,223.41708374023438,97.19624328613281,122.38999938964844,13.121191024780273,20.225046157836914
2017-10-20,224.57003784179688,96.16462707519531,121.61000061035156,13.188826560974121,20.342004776000977
2017-10-23,223.69654846191406,96.33526611328125,121.80000305175781,13.188826560974121,20.367067337036133
2017-10-24,224.08963012695312,95.7380142211914,121.33000183105469,13.3240966796875,20.400480270385742
2017-10-25,222.98040771484375,95.28040313720703,121.3499984741211,13.341005325317383,20.350358963012695
2017-10-26,223.26861572265625,94.96237182617188,120.33000183105469,13.400186538696289,20.567564010620117
2017-10-27,225.09414672851562,95.59063720703125,120.9000015258789,13.467822074890137,20.617687225341797
2017-10-30,224.25559997558594,96.50588989257812,121.12999725341797,13.501638412475586,20.517438888549805
2017-10-31,224.60499572753906,96.5369644165039,120.66999816894531,13.535456657409668,20.534147262573242
2017-11-01,224.90194702148438,96.9667739868164,121.11000061035156,13.543910026550293,20.575916290283203
2017-11-02,224.9893035888672,97.3942642211914,121.19000244140625,13.628456115722656,20.575916290283203
2017-11-03,225.74049377441406,97.6585693359375,120.62000274658203,13.712997436523438,20.626039505004883
2017-11-06,226.08981323242188,98.02388763427734,121.6500015258789,13.97508430480957,20.575916290283203
2017-11-07,225.93263244628906,98.43582916259766,121.20999908447266,13.890539169311523,20.609333038330078
2017-11-08,226.3169403076172,98.21819305419922,121.62999725341797,13.865177154541016,20.600980758666992
2017-11-09,225.49591064453125,97.93839263916016,122.12999725341797,13.890539169311523,20.517438888549805
2017-11-10,225.42604064941406,96.4615249633789,121.12999725341797,13.865177154541016,20.500730514526367
2017-11-13,225.63565063476562,96.66361999511719,121.30999755859375,13.822903633117676,20.517438888549805
2017-11-14,225.111572265625,97.31657409667969,121.55999755859375,13.636907577514648,20.37541961669922
2017-11-15,223.98484802246094,98.3736801147461,121.41000366210938,13.620000839233398,20.367067337036133
2017-11-16,225.888916015625,97.51860046386719,121.4000015258789,13.577727317810059,20.39212989807129
2017-11-17,225.22512817382812,98.24153900146484,122.86000061035156,13.797540664672852,20.333650588989258
2017-11-20,225.6094207763672,98.20265197753906,121.30999755859375,13.687634468078613,20.43389892578125
2017-11-21,227.0855255126953,98.51358795166016,121.51000213623047,13.780632019042969,20.408838272094727
2017-11-22,226.8846893310547,98.83228302001953,122.62999725341797,13.856721878051758,20.25010871887207
2017-11-24,227.40872192382812,98.56019592285156,122.31999969482422,13.898993492126465,20.158214569091797
2017-11-27,227.2952117919922,98.42029571533203,122.83000183105469,13.87363052368164,20.183279037475586
2017-11-28,229.60105895996094,98.55243682861328,122.80999755859375,13.81445026397705,20.26681900024414
2017-11-29,229.4612579345703,97.580810546875,122.04000091552734,13.721452713012695,20.258464813232422
2017-11-30,231.47019958496094,97.25437927246094,121.0999984741211,13.662271499633789,20.208341598510742
2017-12-01,230.9898223876953,98.5667724609375,121.58999633789062,13.780632019042969,20.191631317138672
2017-12-04,230.7103271484375,98.613525390625,121.18000030517578,13.611544609069824,20.258464813232422
2017-12-05,229.88055419921875,99.10417175292969,120.31999969482422,13.611544609069824,20.291881561279297
2017-12-06,229.92425537109375,99.44686889648438,120.06999969482422,13.38327693939209,20.342004776000977
2017-12-07,230.6492156982422,98.66802215576172,118.48999786376953,13.425548553466797,20.383773803710938
2017-12-08,231.906982421875,98.67581176757812,118.4800033569336,13.493185043334961,20.417190551757812
2017-12-11,232.60569763183594,98.47331237792969,118.01000213623047,13.527002334594727,20.417190551757812
2017-12-12,233.01620483398438,98.43435668945312,118.1500015258789,13.408638954162598,20.450605392456055
2017-12-13,232.98995971679688,99.17430877685547,119.16999816894531,13.34946060180664,20.3085880279541
2017-12-14,232.0378875732422,99.59491729736328,118.93000030517578,13.391732215881348,20.32529640197754
2017-12-15,233.97021484375,99.96876525878906,119.18000030517578,13.391732215881348,20.408838272094727
2017-12-18,235.4539031982422,99.05744171142578,119.7300033569336,13.450911521911621,20.377897262573242
2017-12-19,234.5496368408203,97.77235412597656,119.81999969482422,13.552366256713867,20.319364547729492
2017-12-20,234.42669677734375,96.689697265625,120.13999938964844,13.628456115722656,20.294281005859375
2017-12-21,234.90957641601562,97.25318908691406,120.30999755859375,13.636907577514648,20.285917282104492
2017-12-22,234.84811401367188,97.38591003417969,120.94000244140625,13.696089744567871,20.294281005859375
2017-12-26,234.56724548339844,97.67473602294922,121.7699966430664,13.898993492126465,20.277555465698242
2017-12-27,234.68138122558594,98.94696807861328,122.2300033569336,13.93281078338623,20.23574447631836
2017-12-28,235.16416931152344,98.86109924316406,122.8499984741211,14.000445365905762,20.177209854125977
2017-12-29,234.27755737304688,99.01718139648438,123.6500015258789,14.042718887329102,20.09359359741211
2018-01-02,235.95423889160156,97.94786071777344,125.1500015258789,14.110353469848633,20.009973526000977
2018-01-03,237.44668579101562,98.41622161865234,124.81999969482422,14.194897651672363,20.08523178100586
2018-01-04,238.44754028320312,98.40060424804688,125.45999908447266,14.17798900604248,20.01833724975586
2018-01-05,240.03648376464844,98.11959075927734,125.33000183105469,14.1272611618042,20.03506088256836
2018-01-08,240.47549438476562,98.05717468261719,125.30999755859375,14.11880874633789,20.127038955688477
2018-01-09,241.01986694335938,96.74591064453125,124.7300033569336,14.211806297302246,20.168851852416992
2018-01-10,240.65109252929688,96.62885284423828,125.02999877929688,14.262533187866211,20.11867904663086
2018-01-11,242.40692138671875,97.0268783569336,125.44000244140625,14.254079818725586,20.03506088256836
2018-01-12,243.98712158203125,97.1907730102539,126.95999908447266,14.347075462341309,19.826011657714844
2018-01-16,243.153076171875,97.59664916992188,127.16999816894531,14.279441833496094,19.717308044433594
2018-01-17,245.47079467773438,97.4640121459961,126.13999938964844,14.29634952545166,19.767478942871094
2018-01-18,245.05810546875,96.55854034423828,125.86000061035156,14.29634952545166,19.742395401000977
2018-01-19,246.17308044433594,96.05120849609375,126.41999816894531,14.27098560333252,19.775842666625977
2018-01-22,248.1747589111328,96.14488983154297,126.6500015258789,14.304804801940918,19.708946228027344
2018-01-23,248.7014617919922,96.55854034423828,127.27999877929688,14.406257629394531,19.658775329589844
2018-01-24,248.6048583984375,96.0356216430664,128.8300018310547,14.558433532714844,19.466453552246094
2018-01-25,248.71022033691406,96.82394409179688,127.97000122070312,14.473891258239746,19.49153709411621
2018-01-26,251.58975219726562,96.46492767333984,128.07000732421875,14.5837984085083,19.449729919433594
2018-01-29,249.92178344726562,95.79364776611328,127.3499984741211,14.54152774810791,19.49989891052246
2018-01-30,247.3582763671875,95.23168182373047,126.80000305175781,14.440074920654297,19.466453552246094
2018-01-31,247.4811553955078,95.79364776611328,127.6500015258789,14.456982612609863,19.44136619567871
2018-02-01,247.20022583007812,94.40532684326172,128.07000732421875,14.600707054138184,19.341020584106445
2018-02-02,241.81866455078125,93.52932739257812,126.38999938964844,14.363986015319824,19.458091735839844
2018-02-05,231.70521545410156,94.41315460205078,126.70999908447266,14.228713989257812,19.541709899902344
2018-02-06,236.2703857421875,93.82655334472656,125.37999725341797,14.144172668457031,19.583518981933594
2018-02-07,234.98861694335938,92.93489074707031,124.79000091552734,13.983538627624512,19.734031677246094
2018-02-08,226.17440795898438,92.8332290649414,124.9800033569336,13.839815139770508,19.734031677246094
2018-02-09,229.57191467285156,92.24659729003906,124.7699966430664,13.636907577514648,19.750755310058594
2018-02-12,232.9430694580078,92.65335083007812,125.37000274658203,13.721452713012695,19.683860778808594
2018-02-13,233.5225067138672,93.06785583496094,126.08000183105469,13.74681568145752,19.575157165527344
2018-02-14,236.67416381835938,92.03541564941406,128.22999572753906,13.958173751831055,19.424644470214844
2018-02-15,239.6942138671875,92.3482666015625,128.3800048828125,13.983538627624512,19.341020584106445
2018-02-16,239.76437377929688,92.84886932373047,127.95999908447266,14.00890064239502,19.47481346130371
2018-02-20,238.26321411132812,92.44213104248047,126.23999786376953,14.051173210144043,19.60024070739746
2018-02-21,237.07803344726562,91.30802917480469,125.66000366210938,14.034263610839844,19.675500869750977
2018-02-22,237.38526916503906,91.58179473876953,126.30000305175781,14.161079406738281,19.608606338500977
2018-02-23,241.16909790039062,92.39520263671875,126.13999938964844,14.254079818725586,19.650413513183594
2018-02-26,243.96951293945312,92.426513671875,126.44999694824219,14.330169677734375,19.625328063964844
2018-02-27,240.9232635498047,92.29352569580078,125.12999725341797,14.186443328857422,19.750755310058594
2018-02-28,238.48265075683594,92.88016510009766,125.0,14.034263610839844,19.809289932250977
2018-03-01,235.014892578125,93.51419067382812,124.72000122070312,14.059626579284668,19.742395401000977
2018-03-02,236.22645568847656,92.75396728515625,125.38999938964844,14.059626579284668,19.658775329589844
2018-03-05,238.9567413330078,92.503173828125,125.18000030517578,14.144172668457031,19.658775329589844
2018-03-06,239.56246948242188,92.58940124511719,126.52999877929688,14.194897651672363,19.608606338500977
2018-03-07,239.47474670410156,92.4875259399414,125.72000122070312,14.042718887329102,19.591880798339844
2018-03-08,240.633544921875,93.02045440673828,125.41999816894531,13.958173751831055,19.717308044433594
2018-03-09,244.82107543945312,92.40914154052734,125.54000091552734,14.09344482421875,19.692224502563477
2018-03-12,244.5138397216797,92.94205474853516,125.54000091552734,14.068081855773926,19.667137145996094
2018-03-13,242.93365478515625,93.41229248046875,125.77999877929688,14.025810241699219,19.61696434020996
2018-03-14,241.6869354248047,94.2352066040039,125.69999694824219,14.025810241699219,19.625328063964844
2018-03-15,241.4236602783203,94.2352066040039,124.9000015258789,14.017355918884277,19.700584411621094
2018-03-16,241.6854705810547,93.89823150634766,124.5999984741211,14.068081855773926,19.750755310058594
2018-03-19,238.41539001464844,93.60034942626953,124.87000274658203,13.97508430480957,19.667137145996094
2018-03-20,238.82078552246094,93.22416687011719,124.30999755859375,14.068081855773926,19.784204483032227
2018-03-21,238.3624725341797,93.3260726928711,126.4800033569336,14.321714401245117,19.625328063964844
2018-03-22,232.40399169921875,94.2508544921875,125.9800033569336,14.211806297302246,19.650413513183594
2018-03-23,227.45046997070312,94.18033599853516,127.61000061035156,14.33862018585205,19.583518981933594
2018-03-26,233.67332458496094,93.81981658935547,128.27999877929688,14.347075462341309,19.49153709411621
2018-03-27,229.6981658935547,94.82298278808594,127.48999786376953,14.287895202636719,19.583518981933594
2018-03-28,229.01939392089844,95.07377624511719,125.7300033569336,14.228713989257812,19.759117126464844
2018-03-29,231.94573974609375,95.53620147705078,125.79000091552734,14.355531692504883,19.742395401000977
2018-04-02,226.9392852783203,95.72470092773438,127.26000213623047,14.161079406738281,19.734031677246094
2018-04-03,229.8479461669922,94.98643493652344,126.30000305175781,14.237170219421387,19.767478942871094
2018-04-04,232.30711364746094,94.79005432128906,126.44999694824219,14.17798900604248,19.759117126464844
2018-04-05,234.14048767089844,94.08316802978516,125.80000305175781,14.245624542236328,19.834373474121094
2018-04-06,228.92251586914062,95.1120834350586,126.38999938964844,14.144172668457031,19.759117126464844
2018-04-09,230.05062866210938,95.26914978027344,126.81999969482422,14.321714401245117,19.708946228027344
2018-04-10,233.70858764648438,95.09638977050781,127.12000274658203,14.566888809204102,19.658775329589844
2018-04-11,232.48341369628906,95.43407440185547,128.11000061035156,14.676797866821289,19.642053604125977
2018-04-12,234.39608764648438,94.7350845336914,126.62000274658203,14.617616653442383,19.683860778808594
2018-04-13,233.70858764648438,94.95500183105469,127.44999694824219,14.626070976257324,19.683860778808594
2018-04-16,235.63003540039062,94.98643493652344,127.62999725341797,14.57534408569336,19.61696434020996
2018-04-17,238.1509246826172,95.24562072753906,127.75,14.5837984085083,19.61696434020996
2018-04-18,238.3272705078125,94.4837646484375,127.8499984741211,14.854338645935059,19.658775329589844
2018-04-19,237.00509643554688,93.71409606933594,127.5999984741211,14.795159339904785,19.717308044433594
2018-04-20,234.9954376220703,93.03860473632812,126.62999725341797,14.769795417785645,19.834373474121094
2018-04-23,234.96022033691406,93.06217956542969,125.62000274658203,14.761340141296387,19.95980453491211
2018-04-24,231.7958984375,92.63806915283203,126.2300033569336,14.68525218963623,19.934717178344727
2018-04-25,232.3688507080078,92.01760864257812,125.41000366210938,14.710614204406738,20.01833724975586
2018-04-26,234.7310333251953,92.66160583496094,124.97000122070312,14.786702156066895,20.11031723022461
2018-04-27,234.95135498046875,93.3763427734375,125.5,14.77824878692627,20.09359359741211
2018-04-30,233.14450073242188,93.54127502441406,124.58999633789062,14.845885276794434,20.177209854125977
2018-05-01,233.5587615966797,93.20437622070312,123.70999908447266,14.761340141296387,20.311002731323242
2018-05-02,231.9897918701172,93.10205841064453,123.6500015258789,14.761340141296387,20.402982711791992
2018-05-03,231.47860717773438,93.51920318603516,124.27999877929688,14.854338645935059,20.319364547729492
2018-05-04,234.4753875732422,93.66087341308594,124.54000091552734,14.955792427062988,20.344449996948242
2018-05-07,235.26870727539062,93.5113754272461,124.56999969482422,14.947338104248047,20.38625717163086
2018-05-08,235.26870727539062,93.4247817993164,124.58999633789062,14.989608764648438,20.461515426635742
2018-05-09,237.54273986816406,92.86591339111328,124.33000183105469,15.124878883361816,20.461515426635742
2018-05-10,239.7638702392578,93.61370849609375,125.18000030517578,15.200967788696289,20.369535446166992
2018-05-11,240.49549865722656,93.8498306274414,125.0,15.107970237731934,20.33608627319336
2018-05-14,240.6100616455078,93.35396575927734,124.48999786376953,15.217877388000488,20.361173629760742
2018-05-15,238.95306396484375,92.29132080078125,122.4800033569336,15.234786033630371,20.486600875854492
2018-05-16,239.95782470703125,91.9371566772461,122.29000091552734,15.319328308105469,20.536773681640625
2018-05-17,239.7551727294922,91.4726791381836,122.36000061035156,15.336238861083984,20.561859130859375
2018-05-18,239.15576171875,92.25982666015625,122.41000366210938,15.34469223022461,20.60366439819336
2018-05-21,240.95379638671875,92.30706024169922,122.4800033569336,15.463053703308105,20.586946487426758
2018-05-22,240.28390502929688,92.16534423828125,122.41000366210938,15.479961395263672,20.578582763671875
2018-05-23,240.945068359375,92.83442687988281,122.54000091552734,15.564507484436035,20.662200927734375
2018-05-24,240.45144653320312,93.57437896728516,123.58999633789062,15.463053703308105,20.637115478515625
2018-05-25,239.87852478027344,94.15681457519531,123.20999908447266,15.234786033630371,20.737455368041992
2018-05-29,237.11973571777344,96.21908569335938,123.19000244140625,15.09106159210205,20.879608154296875
2018-05-30,240.28390502929688,95.57363891601562,123.37000274658203,15.285512924194336,20.720735549926758
2018-05-31,238.81199645996094,95.41621398925781,123.0999984741211,15.243239402770996,20.704010009765625
2018-06-01,241.15658569335938,94.91207122802734,122.48999786376953,15.1417875289917,20.737455368041992
2018-06-04,242.30242919921875,94.22569274902344,122.37000274658203,14.96424674987793,20.720735549926758
2018-06-05,242.47866821289062,94.44657897949219,122.8499984741211,14.989608764648438,20.695648193359375
2018-06-06,244.5059051513672,93.68128967285156,122.91999816894531,15.040336608886719,20.637115478515625
2018-06-07,244.47952270507812,94.58860778808594,122.86000061035156,15.099515914916992,20.595306396484375
2018-06-08,245.20233154296875,94.30457305908203,123.01000213623047,15.09106159210205,20.60366439819336
2018-06-11,245.52838134765625,94.13101959228516,123.2300033569336,15.082605361938477,20.620393753051758
2018-06-12,245.84573364257812,94.15467834472656,122.81999969482422,15.074153900146484,20.662200927734375
2018-06-13,245.06129455566406,94.1072998046875,123.19000244140625,15.133331298828125,20.628753662109375
2018-06-14,245.6782684326172,94.88838958740234,123.37999725341797,14.96424674987793,20.896333694458008
2018-06-15,245.36480712890625,94.9751968383789,121.33999633789062,14.600707054138184,20.879608154296875
2018-06-18,244.86009216308594,94.88838958740234,121.11000061035156,14.727523803710938,20.879608154296875
2018-06-19,243.9216766357422,95.44068908691406,120.80000305175781,14.57534408569336,20.93814468383789
2018-06-20,244.3377685546875,94.60435485839844,120.26000213623047,14.558433532714844,20.954866409301758
2018-06-21,242.80613708496094,95.10140228271484,120.05000305175781,14.448528289794922,20.896333694458008
2018-06-22,243.24880981445312,95.09351348876953,120.33999633789062,14.735978126525879,20.821077346801758
2018-06-25,239.93751525878906,95.30657196044922,119.88999938964844,14.566888809204102,20.787630081176758
2018-06-26,240.46868896484375,95.44068908691406,119.26000213623047,14.710614204406738,20.896333694458008
2018-06-27,238.47662353515625,96.34009552001953,118.58000183105469,14.786702156066895,21.021760940551758
2018-06-28,239.8401336669922,96.36373138427734,118.22000122070312,14.77824878692627,21.021760940551758
2018-06-29,240.18536376953125,96.0324478149414,118.6500015258789,14.947338104248047,20.854524612426758
2018-07-02,240.69886779785156,95.95728302001953,117.45999908447266,14.634523391723633,20.954866409301758
2018-07-03,239.84889221191406,96.47127532958984,118.6500015258789,14.617616653442383,20.887971878051758
2018-07-05,241.8055877685547,96.74800109863281,119.05000305175781,14.702159881591797,20.821077346801758
2018-07-06,243.85086059570312,97.06432342529297,118.86000061035156,14.769795417785645,20.754182815551758
2018-07-09,246.04652404785156,96.43965911865234,119.1500015258789,14.845885276794434,20.762540817260742
2018-07-10,246.93199157714844,96.43173217773438,118.93000030517578,14.812067985534668,20.770904541015625
2018-07-11,245.1257781982422,96.80333709716797,117.63999938964844,14.29634952545166,20.91305923461914
2018-07-12,247.34812927246094,96.79547119140625,118.12999725341797,14.37243938446045,20.929780960083008
2018-07-13,247.54290771484375,97.04064178466797,117.61000061035156,14.39780330657959,20.904695510864258
2018-07-16,247.32150268554688,96.6373062133789,117.55000305175781,14.09344482421875,20.871246337890625
2018-07-17,248.32192993164062,96.45543670654297,116.27999877929688,14.110353469848633,20.96323013305664
2018-07-18,248.84429931640625,96.06795501708984,116.30999755859375,14.237170219421387,20.98831558227539
2018-07-19,247.90586853027344,96.67684936523438,115.80999755859375,14.220260620117188,21.030122756958008
2018-07-20,247.6226348876953,95.49073791503906,116.55999755859375,14.321714401245117,20.862884521484375
2018-07-23,248.08290100097656,94.31249237060547,116.0,14.37243938446045,20.896333694458008
2018-07-24,249.33128356933594,94.63675689697266,116.04000091552734,14.448528289794922,20.904695510864258
2018-07-25,251.45611572265625,94.4864730834961,116.68000030517578,14.642977714538574,20.804353713989258
2018-07-26,250.8630828857422,94.30463409423828,115.7699966430664,14.642977714538574,20.946504592895508
2018-07-27,249.16310119628906,94.46273803710938,115.83000183105469,14.5837984085083,20.921419143676758
2018-07-30,247.86166381835938,94.13850402832031,115.6500015258789,14.668342590332031,20.846162796020508
2018-07-31,249.08343505859375,94.65253448486328,115.98999786376953,14.5837984085083,20.887971878051758
2018-08-01,248.66726684570312,93.88143920898438,115.13999938964844,14.37243938446045,20.91305923461914
2018-08-02,250.02195739746094,94.01615142822266,114.5199966430664,14.456982612609863,21.030122756958008
2018-08-03,251.09315490722656,94.48371124267578,114.91999816894531,14.507709503173828,21.046850204467773
2018-08-06,252.01400756835938,94.53921508789062,114.33000183105469,14.533072471618652,21.08029556274414
2018-08-07,252.84625244140625,94.0478515625,114.58999633789062,14.642977714538574,21.055212020874023
2018-08-08,252.74002075195312,94.1429672241211,114.91000366210938,14.465437889099121,21.030122756958008
2018-08-09,252.3946990966797,94.93547058105469,114.73999786376953,14.406257629394531,21.15555191040039
2018-08-10,250.7036895751953,95.62491607666016,114.69000244140625,14.406257629394531,21.306068420410156
2018-08-13,249.76513671875,95.42679595947266,112.95999908447266,14.330169677734375,21.314428329467773
2018-08-14,251.3588104248047,95.21283721923828,113.06999969482422,14.355531692504883,21.398046493530273
2018-08-15,249.48184204101562,95.76757049560547,111.19000244140625,14.042718887329102,21.398046493530273
2018-08-16,251.50042724609375,95.7596664428711,111.0999984741211,14.152624130249023,21.381322860717773
2018-08-17,252.3858642578125,95.87855529785156,112.12999725341797,14.211806297302246,21.272619247436523
2018-08-20,252.92599487304688,96.5205307006836,112.69000244140625,14.237170219421387,21.22244644165039
2018-08-21,253.51914978027344,96.1955795288086,113.0199966430664,14.262533187866211,21.097017288208008
2018-08-22,253.36862182617188,96.57596588134766,113.2699966430664,14.465437889099121,21.038484573364258
2018-08-23,253.0322723388672,96.72655487060547,112.19999694824219,14.440074920654297,21.172277450561523
2018-08-24,254.5550537109375,96.9167709350586,114.16000366210938,14.549981117248535,21.071935653686523
2018-08-27,256.56488037109375,96.36200714111328,114.58999633789062,14.600707054138184,20.98831558227539
2018-08-28,256.6887512207031,95.78346252441406,113.68000030517578,14.54152774810791,20.98831558227539
2018-08-29,258.0699462890625,95.91027069091797,114.19999694824219,14.702159881591797,20.954866409301758
2018-08-30,257.0252990722656,96.11630249023438,113.63999938964844,14.676797866821289,20.971590042114258
2018-08-31,257.0340881347656,95.89442443847656,113.51000213623047,14.693704605102539,21.06357192993164
2018-09-04,256.591552734375,95.33999633789062,112.93000030517578,14.609162330627441,21.15555191040039
2018-09-05,255.90081787109375,95.08580780029297,113.31999969482422,14.549981117248535,21.08029556274414
2018-09-06,255.13047790527344,95.43529510498047,113.54000091552734,14.465437889099121,21.08029556274414
2018-09-07,254.63479614257812,94.6251220703125,113.2300033569336,14.499253273010254,21.13882827758789
2018-09-10,255.0774383544922,94.974609375,113.1500015258789,14.549981117248535,21.097017288208008
2018-09-11,255.91848754882812,94.25182342529297,113.22000122070312,14.693704605102539,21.11374282836914
2018-09-12,255.98057556152344,94.47422790527344,114.16999816894531,14.795159339904785,21.038484573364258
2018-09-13,257.4944763183594,94.61720275878906,113.76000213623047,14.634523391723633,20.97995376586914
2018-09-14,257.53875732421875,94.16445922851562,113.0199966430664,14.54152774810791,21.055212020874023
2018-09-17,256.1753234863281,94.16445922851562,113.61000061035156,14.524616241455078,20.954866409301758
2018-09-18,257.5653076171875,93.17948150634766,113.44000244140625,14.65988826751709,20.98831558227539
2018-09-19,257.83978271484375,92.62348937988281,113.87999725341797,14.752885818481445,20.97995376586914
2018-09-20,259.92926025390625,93.05242919921875,114.2699966430664,14.752885818481445,20.829437255859375
2018-09-21,259.6917419433594,93.0126953125,113.48999786376953,14.786702156066895,20.896333694458008
2018-09-24,258.82916259765625,92.7744140625,113.47000122070312,15.006518363952637,20.896333694458008
2018-09-25,258.5889587402344,92.6791000366211,113.6500015258789,15.040336608886719,20.91305923461914
2018-09-26,257.8151550292969,93.33039093017578,113.05000305175781,14.972698211669922,20.921419143676758
2018-09-27,258.53564453125,93.39395904541016,112.05000305175781,15.040336608886719,21.071935653686523
2018-09-28,258.5622253417969,93.14771270751953,112.76000213623047,15.192513465881348,21.12210464477539
2018-10-01,259.46063232421875,92.46389770507812,112.56999969482422,15.479961395263672,21.15555191040039
2018-10-02,259.3094482421875,93.02910614013672,113.87000274658203,15.530691146850586,21.18899917602539
2018-10-03,259.45166015625,91.41304779052734,113.41999816894531,15.67441177368164,21.25589370727539
2018-10-04,257.4239501953125,90.76826477050781,113.4800033569336,15.505326271057129,21.26425552368164
2018-10-05,255.9831085205078,89.98809814453125,113.80000305175781,15.47150707244873,21.23917007446289
2018-10-08,255.9831085205078,89.68562316894531,112.54000091552734,15.429235458374023,21.26425552368164
2018-10-09,255.60960388183594,90.59314727783203,112.5999984741211,15.539140701293945,21.25589370727539
2018-10-10,247.51611328125,90.3463363647461,112.87999725341797,15.234786033630371,21.23080825805664
2018-10-11,242.06423950195312,91.44493865966797,115.77999877929688,15.006518363952637,21.11374282836914
2018-10-12,245.4260711669922,91.12651824951172,115.2300033569336,15.124878883361816,21.18063735961914
2018-10-15,244.04750061035156,91.08668518066406,116.0,15.15869426727295,21.130464553833008
2018-10-16,249.3838348388672,91.29369354248047,115.80000305175781,15.22633171081543,21.13882827758789
2018-10-17,249.42837524414062,90.7523422241211,115.79000091552734,15.09106159210205,21.24753189086914
2018-10-18,245.8262939453125,90.72052001953125,115.91999816894531,14.921974182128906,21.339513778686523
2018-10-19,245.69293212890625,90.521484375,116.01000213623047,15.006518363952637,21.29770278930664
2018-10-22,244.59011840820312,90.40206146240234,115.70999908447266,15.023426055908203,21.372961044311523
2018-10-23,243.344970703125,90.68863677978516,116.38999938964844,14.693704605102539,21.339513778686523
2018-10-24,235.97193908691406,91.3732681274414,116.66000366210938,14.592252731323242,21.44821548461914
2018-10-25,240.2053680419922,90.99116516113281,116.4000015258789,14.651433944702148,21.506750106811523
2018-10-26,235.98080444335938,91.5404281616211,116.7699966430664,14.761340141296387,21.44821548461914
2018-10-29,234.67340087890625,91.33345794677734,116.30999755859375,14.609162330627441,21.506750106811523
2018-10-30,238.15084838867188,90.87973022460938,115.80000305175781,14.533072471618652,21.59873390197754
2018-10-31,240.6945037841797,90.41796112060547,115.1500015258789,14.33862018585205,21.590368270874023
2018-11-01,243.25595092773438,90.50180053710938,116.62999725341797,14.237170219421387,21.44821548461914
2018-11-02,241.815185546875,89.37657928466797,116.6500015258789,14.203350067138672,21.49838638305664
2018-11-05,243.14930725097656,89.72774505615234,116.37000274658203,14.194897651672363,21.490028381347656
2018-11-06,244.68788146972656,89.67186737060547,116.04000091552734,14.135716438293457,21.439857482910156
2018-11-07,249.9264373779297,89.79154205322266,116.02999877929688,14.101900100708008,21.398046493530273
2018-11-08,249.47276306152344,89.78361511230469,115.77999877929688,14.017355918884277,21.52347183227539
2018-11-09,247.03590393066406,90.45390319824219,114.4800033569336,13.865177154541016,21.565284729003906
2018-11-12,242.41993713378906,91.04441833496094,113.66000366210938,13.831358909606934,21.757606506347656
2018-11-13,241.9663848876953,90.98856353759766,113.69999694824219,13.450911521911621,21.682350158691406
2018-11-14,240.31216430664062,91.04441833496094,114.63999938964844,13.569272994995117,21.607093811035156
2018-11-15,242.8201904296875,91.0045166015625,114.7699966430664,13.543910026550293,21.657262802124023
2018-11-16,243.45169067382812,91.53118896484375,115.62000274658203,13.628456115722656,21.49838638305664
2018-11-19,239.33377075195312,91.7865219116211,115.66999816894531,13.628456115722656,21.481666564941406
2018-11-20,234.90463256835938,91.81847381591797,115.66999816894531,13.214189529418945,21.590368270874023
2018-11-21,235.70504760742188,91.7865219116211,115.86000061035156,13.3240966796875,21.590368270874023
2018-11-23,234.1309051513672,91.88231658935547,115.7699966430664,12.935195922851562,21.632179260253906
2018-11-26,237.91078186035156,91.67484283447266,115.63999938964844,12.994376182556152,21.67399024963379
2018-11-27,238.71128845214844,91.77857971191406,114.94999694824219,12.943649291992188,21.73252296447754
2018-11-28,244.20765686035156,91.33170318603516,115.37999725341797,12.90137767791748,21.623815536499023
2018-11-29,243.6740264892578,91.69081115722656,115.73999786376953,12.985921859741211,21.590368270874023
2018-11-30,245.1592254638672,92.03398895263672,115.54000091552734,12.926740646362305,21.67399024963379
2018-12-03,248.40542602539062,92.68744659423828,116.41000366210938,13.222643852233887,21.682350158691406
2018-12-04,240.3566131591797,94.23908996582031,117.12000274658203,13.231098175048828,21.640541076660156
2018-12-06,239.99192810058594,94.53509521484375,117.13999938964844,13.121191024780273,21.632179260253906
2018-12-07,234.4154510498047,94.7110595703125,118.08999633789062,13.273370742797852,21.573646545410156
2018-12-10,234.86013793945312,95.10303497314453,117.68000030517578,13.06201171875,21.715795516967773
2018-12-11,234.91355895996094,95.08699798583984,117.54000091552734,13.138100624084473,21.774330139160156
2018-12-12,236.09642028808594,94.66305541992188,117.79000091552734,13.09582805633545,21.690711975097656
2018-12-13,236.016357421875,94.43910217285156,117.52999877929688,13.264915466308594,21.690711975097656
2018-12-14,231.65838623046875,94.76705932617188,117.05999755859375,13.06201171875,21.774330139160156
2018-12-17,227.1135711669922,95.31897735595703,117.87000274658203,12.909832954406738,21.715795516967773
2018-12-18,226.86459350585938,95.8897933959961,118.1500015258789,12.639290809631348,21.707435607910156
2018-12-19,223.46714782714844,97.15658569335938,117.43000030517578,12.690018653869629,21.715795516967773
2018-12-20,219.8295440673828,96.80382537841797,119.23999786376953,12.571657180786133,21.548561096191406
2018-12-21,215.32537841796875,96.78778839111328,118.72000122070312,12.461750030517578,21.690711975097656
2018-12-24,209.6358184814453,97.26880645751953,120.0199966430664,12.323867797851562,21.5943603515625
2018-12-26,220.2276153564453,96.2265625,119.66000366210938,12.597921371459961,21.70423698425293
2018-12-27,221.91842651367188,96.24259185791016,120.56999969482422,12.478021621704102,21.611265182495117
2018-12-28,221.63211059570312,97.05235290527344,121.05999755859375,12.375251770019531,21.55210304260254
2018-12-31,223.5733642578125,97.4211654663086,121.25,12.40950870513916,21.509845733642578
2019-01-02,223.8059539794922,97.93428802490234,121.33000183105469,12.443764686584473,21.670429229736328
2019-01-03,218.4652862548828,99.04874420166016,122.43000030517578,12.54653549194336,21.55210304260254
2019-01-04,225.782958984375,97.90220642089844,121.44000244140625,12.717820167541504,21.518293380737305
2019-01-07,227.56320190429688,97.61360168457031,121.86000061035156,12.812026977539062,21.425323486328125
2019-01-08,229.7012481689453,97.35700225830078,121.52999877929688,12.9404878616333,21.49294090270996
2019-01-09,230.77468872070312,97.20465850830078,122.30999755859375,13.19741439819336,21.290096282958984
2019-01-10,231.58883666992188,96.57933807373047,121.58999633789062,13.16315746307373,21.416873931884766
2019-01-11,231.6782989501953,96.95613098144531,121.80000305175781,13.120336532592773,21.43377685546875
2019-01-14,230.2648162841797,96.59534454345703,122.08999633789062,13.009002685546875,21.43377685546875
2019-01-15,232.9038848876953,96.24259185791016,121.87999725341797,13.111772537231445,21.509845733642578
2019-01-16,233.4674072265625,96.33881378173828,122.2699966430664,13.180286407470703,21.535202026367188
2019-01-17,235.23866271972656,96.36283874511719,122.11000061035156,13.188850402832031,21.535202026367188
2019-01-18,238.36968994140625,95.85775756835938,121.0199966430664,13.325878143310547,21.602813720703125
2019-01-22,235.1492156982422,96.50719451904297,121.44999694824219,13.231671333312988,21.602813720703125
2019-01-23,235.6412353515625,96.46710205078125,121.27999877929688,13.214542388916016,21.55210304260254
2019-01-24,235.76649475097656,97.10045623779297,121.08999633789062,13.248799324035645,21.678878784179688
2019-01-25,237.76141357421875,96.63544464111328,122.86000061035156,13.317313194274902,21.501394271850586
2019-01-28,235.95431518554688,96.53924560546875,123.29000091552734,13.13746452331543,21.518293380737305
2019-01-29,235.6412353515625,97.02828979492188,123.9800033569336,13.2659273147583,21.52674674987793
2019-01-30,239.37159729003906,96.95613098144531,124.69000244140625,13.36013412475586,21.416873931884766
2019-01-31,241.4739227294922,97.78996276855469,124.75,13.291621208190918,21.459131240844727
2019-02-01,241.59019470214844,97.19932556152344,124.5,13.411519050598145,21.459131240844727
2019-02-04,243.2899169921875,96.76542663574219,123.95999908447266,13.420082092285156,21.518293380737305
2019-02-05,244.3097686767578,97.20738220214844,124.27999877929688,13.36013412475586,21.57745933532715
2019-02-06,243.9876251220703,97.25560760498047,123.44000244140625,13.377262115478516,21.661975860595703
2019-02-07,241.66175842285156,97.89844512939453,123.73999786376953,13.248799324035645,21.712688446044922
2019-02-08,241.9569549560547,98.31629180908203,124.20999908447266,13.2659273147583,21.7380428314209
2019-02-11,242.09117126464844,97.93058776855469,123.5999984741211,13.188850402832031,21.822559356689453
2019-02-12,245.20436096191406,97.68143463134766,123.86000061035156,13.2659273147583,21.74649429321289
2019-02-13,246.00050354003906,97.3118667602539,123.37000274658203,13.343005180358887,21.86482048034668
2019-02-14,245.4547576904297,97.8663101196289,124.05999755859375,13.377262115478516,21.839466094970703
2019-02-15,248.12969970703125,98.01892852783203,124.80000305175781,13.62562370300293,21.79720687866211
2019-02-19,248.55908203125,98.26807403564453,126.69999694824219,13.659880638122559,21.712688446044922
2019-02-20,249.0599822998047,97.98686218261719,126.4800033569336,13.7027006149292,21.729589462280273
2019-02-21,248.1742401123047,97.11096954345703,125.05000305175781,13.745521545410156,21.74649429321289
2019-02-22,249.71292114257812,97.68952178955078,125.5,13.779778480529785,21.7380428314209
2019-02-25,250.05288696289062,97.4002456665039,125.37000274658203,13.574238777160645,21.721139907836914
2019-02-26,249.8739776611328,97.88240051269531,125.58000183105469,13.634186744689941,21.636621475219727
2019-02-27,249.7667236328125,96.77348327636719,124.69000244140625,13.7027006149292,21.653526306152344
2019-02-28,249.3014373779297,96.44403839111328,123.98999786376953,13.668444633483887,21.670429229736328
2019-03-01,250.85804748535156,95.55257415771484,121.87999725341797,13.514288902282715,21.75494384765625
2019-03-04,249.94554138183594,96.30145263671875,121.55999755859375,13.557110786437988,21.78030014038086
2019-03-05,249.6056365966797,96.50279235839844,121.72000122070312,13.62562370300293,21.839466094970703
2019-03-06,248.09376525878906,96.85709381103516,121.61000061035156,13.548545837402344,21.839466094970703
2019-03-07,246.01841735839844,97.48522186279297,121.51000213623047,13.514288902282715,22.033855438232422
2019-03-08,245.52639770507812,97.8958969116211,122.83999633789062,13.505725860595703,21.966243743896484
2019-03-11,249.0867462158203,97.60598754882812,122.23999786376953,13.522852897644043,21.915529251098633
2019-03-12,250.02613830566406,98.29048919677734,122.9800033569336,13.608495712280273,21.873271942138672
2019-03-13,251.68101501464844,98.10523986816406,123.83999633789062,13.694136619567871,21.771848678588867
2019-03-14,251.52003479003906,97.39663696289062,122.41000366210938,13.634186744689941,21.839466094970703
2019-03-15,252.76268005371094,98.04082489013672,122.97000122070312,13.634186744689941,21.8056583404541
2019-03-18,253.67921447753906,97.98444366455078,123.04000091552734,13.7027006149292,21.78030014038086
2019-03-19,253.74208068847656,97.76707458496094,123.37999725341797,13.736958503723145,21.75494384765625
2019-03-20,252.97830200195312,98.78971862792969,124.18000030517578,13.839728355407715,21.628170013427734
2019-03-21,255.83563232421875,99.00714874267578,123.68000030517578,13.771215438842773,21.763397216796875
2019-03-22,250.9117889404297,100.54519653320312,123.97000122070312,13.65131664276123,21.8056583404541
2019-03-25,250.72305297851562,100.70630645751953,124.91999816894531,13.7027006149292,21.8056583404541
2019-03-26,252.59202575683594,100.63379669189453,124.30000305175781,13.728395462036133,21.873271942138672
2019-03-27,251.27113342285156,101.55982208251953,123.6500015258789,13.65131664276123,21.89862823486328
2019-03-28,252.22357177734375,101.91416931152344,121.9000015258789,13.608495712280273,21.974695205688477
2019-03-29,253.81394958496094,101.81753540039062,122.01000213623047,13.617058753967285,22.000051498413086
2019-04-01,256.8239440917969,100.3713150024414,121.52999877929688,13.745521545410156,21.983144760131836
2019-04-02,256.9497985839844,100.55693817138672,121.9800033569336,13.779778480529785,22.008501052856445
2019-04-03,257.3541564941406,99.68531799316406,121.80000305175781,13.796907424926758,21.974695205688477
2019-04-04,258.0369873046875,99.96780395507812,122.11000061035156,13.805472373962402,22.000051498413086
2019-04-05,259.28594970703125,100.09691619873047,121.9800033569336,13.848292350769043,22.025402069091797
2019-04-08,259.4836120605469,99.74182891845703,122.51000213623047,13.899677276611328,21.949337005615234
2019-04-09,258.15380859375,100.05657196044922,123.1500015258789,13.873985290527344,21.957788467407227
2019-04-10,259.0343933105469,100.29869842529297,123.52999877929688,13.99388313293457,21.923980712890625
2019-04-11,258.96246337890625,99.70952606201172,121.94999694824219,13.925371170043945,21.991596221923828
2019-04-12,260.714599609375,98.9993667602539,121.83000183105469,13.96819019317627,21.940885543823242
2019-04-15,260.5439453125,99.2495346069336,121.5999984741211,13.942500114440918,21.932435989379883
2019-04-16,260.714599609375,98.62812805175781,120.51000213623047,13.89111328125,21.983144760131836
2019-04-17,260.0767517089844,98.6684799194336,120.27999877929688,13.839728355407715,21.966243743896484
2019-04-18,260.58880615234375,99.18498229980469,120.37000274658203,13.882548332214355,22.084566116333008
2019-04-22,260.8134460449219,98.70880126953125,120.37000274658203,13.951064109802246,22.033855438232422
2019-04-23,263.1586608886719,98.91862487792969,120.12000274658203,13.96819019317627,22.109922409057617
2019-04-24,262.57452392578125,99.72566986083984,120.47000122070312,13.916807174682617,22.21979522705078
2019-04-25,262.4127502441406,99.5804443359375,120.56999969482422,13.89111328125,22.262056350708008
2019-04-26,263.63470458984375,99.91936492919922,121.37000274658203,13.728395462036133,22.236698150634766
2019-04-29,264.0480651855469,99.28182220458984,120.83000183105469,13.736958503723145,22.18598747253418
2019-04-30,264.18292236328125,99.79023742675781,121.19999694824219,13.779778480529785,22.11837387084961
2019-05-01,262.1971130371094,100.201904296875,120.4000015258789,13.736958503723145,22.14373016357422
2019-05-02,261.63104248046875,99.72474670410156,119.94000244140625,13.582802772521973,22.194440841674805
2019-05-03,264.19183349609375,100.00782775878906,120.6500015258789,13.5913667678833,22.109922409057617
2019-05-06,263.1047058105469,100.28279113769531,120.80999755859375,13.634186744689941,22.126827239990234
2019-05-07,258.7109069824219,101.05105590820312,121.20999908447266,13.46290397644043,22.14373016357422
2019-05-08,258.3514709472656,100.61434936523438,120.91000366210938,13.480032920837402,22.152179718017578
2019-05-09,257.5698547363281,101.02684020996094,121.19999694824219,13.411519050598145,22.109922409057617
2019-05-10,258.8636169433594,100.88928985595703,121.43000030517578,13.437211036682129,22.101470947265625
2019-05-13,252.35833740234375,101.68186950683594,122.66999816894531,13.368698120117188,22.101470947265625
2019-05-14,254.64059448242188,101.38262176513672,122.45999908447266,13.548545837402344,22.152179718017578
2019-05-15,256.1321105957031,102.00533294677734,122.38999938964844,13.668444633483887,22.160633087158203
2019-05-16,258.50421142578125,101.66570281982422,121.51000213623047,13.745521545410156,22.21979522705078
2019-05-17,256.8330078125,101.89215087890625,120.6500015258789,13.617058753967285,22.2705078125
2019-05-20,255.13478088378906,101.68186950683594,120.63999938964844,13.677008628845215,22.253602981567383
2019-05-21,257.43499755859375,101.52009582519531,120.36000061035156,13.685572624206543,22.28740882873535
2019-05-22,256.64434814453125,102.10238647460938,120.23999786376953,13.48859691619873,22.3043155670166
2019-05-23,253.5083770751953,103.25081634521484,121.16999816894531,13.205978393554688,22.262056350708008
2019-05-24,254.08352661132812,103.33976745605469,121.30000305175781,13.385826110839844,22.18598747253418
2019-05-28,251.7204132080078,104.08379364013672,120.83000183105469,13.497160911560059,22.278959274291992
2019-05-29,250.03114318847656,104.3991928100586,120.87000274658203,13.445775985717773,22.329669952392578
2019-05-30,250.71412658691406,105.29689025878906,121.69000244140625,13.308749198913574,22.33812141418457
2019-05-31,247.33560180664062,106.61515045166016,123.33000183105469,12.957616806030273,22.24515151977539
2019-06-03,246.70669555664062,107.32829284667969,125.11000061035156,12.914795875549316,22.126827239990234
2019-06-04,252.06182861328125,106.10453796386719,125.1500015258789,12.991874694824219,22.101470947265625
2019-06-05,254.2452392578125,105.50489807128906,125.47000122070312,12.726384162902832,22.177536010742188
2019-06-06,255.8985137939453,105.84528350830078,125.87999725341797,12.949051856994629,22.101470947265625
2019-06-07,258.4593505859375,106.7610092163086,126.58999633789062,12.991874694824219,22.008501052856445
2019-06-10,259.64532470703125,105.75613403320312,125.33000183105469,12.957616806030273,22.033855438232422
2019-06-11,259.58245849609375,105.8209457397461,125.18000030517578,13.043257713317871,22.042308807373047
2019-06-12,259.1242370605469,105.90196990966797,125.83000183105469,12.863410949707031,22.101470947265625
2019-06-13,260.1934509277344,106.26669311523438,126.5999984741211,13.026130676269531,22.11837387084961
2019-06-14,259.9059753417969,106.5340805053711,126.55999755859375,13.077515602111816,22.236698150634766
2019-06-17,260.0048522949219,106.720458984375,126.4800033569336,13.017566680908203,22.24515151977539
2019-06-18,262.7273254394531,107.2553939819336,127.12000274658203,13.171722412109375,22.278959274291992
2019-06-19,263.3203125,107.40931701660156,127.88999938964844,13.14603042602539,22.177536010742188
2019-06-20,265.8361511230469,107.69293212890625,131.11000061035156,13.411519050598145,22.042308807373047
2019-06-21,265.4497375488281,106.50980377197266,131.97999572753906,13.445775985717773,21.932435989379883
2019-06-24,265.1247253417969,107.30399322509766,133.94000244140625,13.505725860595703,21.89862823486328
2019-06-25,262.52435302734375,107.63623046875,134.1999969482422,13.548545837402344,21.949337005615234
2019-06-26,262.2625427246094,106.94741821289062,132.97000122070312,13.617058753967285,21.966243743896484
2019-06-27,263.1923828125,107.70105743408203,132.83999633789062,13.617058753967285,21.966243743896484
2019-06-28,264.5469055175781,107.62812805175781,133.1999969482422,13.471467971801758,21.949337005615234
2019-07-01,266.9486083984375,107.37645721435547,130.6199951171875,13.46290397644043,22.109922409057617
2019-07-02,267.643798828125,108.20457458496094,133.41000366210938,13.240234375,22.093019485473633
2019-07-03,269.7835998535156,108.97603607177734,133.6300048828125,13.368698120117188,22.093019485473633
2019-07-05,269.4766540527344,107.53067779541016,132.13999938964844,13.394391059875488,22.211345672607422
2019-07-08,267.995849609375,107.67684936523438,131.2899932861328,13.377262115478516,22.253602981567383
2019-07-09,268.33001708984375,107.63623809814453,131.75,13.420082092285156,22.2705078125
2019-07-10,269.6119689941406,107.04351043701172,133.8300018310547,13.711265563964844,22.177536010742188
2019-07-11,270.2440490722656,105.61442565917969,132.6999969482422,13.719829559326172,22.177536010742188
2019-07-12,271.4539489746094,105.73619842529297,133.52999877929688,13.7540864944458,22.13528060913086
2019-07-15,271.54425048828125,106.34517669677734,133.52999877929688,13.608495712280273,22.169084548950195
2019-07-16,270.66845703125,106.02853393554688,132.39999389648438,13.46290397644043,22.2705078125
2019-07-17,268.8265380859375,107.17340087890625,134.5800018310547,13.343005180358887,22.228248596191406
2019-07-18,269.8106994628906,107.18158721923828,136.47999572753906,13.248799324035645,22.109922409057617
2019-07-19,268.3118591308594,106.9298095703125,134.47000122070312,13.325878143310547,22.21979522705078
2019-07-22,268.970947265625,107.13284301757812,134.4499969482422,13.283056259155273,22.262056350708008
2019-07-23,270.8941345214844,106.54817199707031,133.69000244140625,13.368698120117188,22.363475799560547
2019-07-24,272.1672058105469,107.01105499267578,134.3699951171875,13.308749198913574,22.363475799560547
2019-07-25,270.86712646484375,106.4994888305664,133.4199981689453,13.257362365722656,22.405736923217773
2019-07-26,272.6818542480469,106.75119018554688,133.63999938964844,13.274491310119629,22.439542770385742
2019-07-29,272.1852722167969,106.78364562988281,134.52999877929688,13.325878143310547,22.456445693969727
2019-07-30,271.51715087890625,107.04351043701172,134.97999572753906,13.4029541015625,22.456445693969727
2019-07-31,268.546630859375,107.90419006347656,133.2100067138672,13.317313194274902,22.591676712036133
2019-08-01,266.2080993652344,110.04725646972656,136.41000366210938,12.949051856994629,22.524059295654297
2019-08-02,264.20379638671875,111.064208984375,135.88999938964844,12.966181755065918,22.473350524902344
2019-08-05,256.2582702636719,112.9842758178711,137.7899932861328,12.854846954345703,22.363475799560547
2019-08-06,259.8516845703125,113.8873519897461,138.91000366210938,12.786333084106445,22.388830184936523
2019-08-07,260.0053405761719,113.92811584472656,141.02000427246094,12.623612403869629,22.37192726135254
2019-08-08,265.1066589355469,114.17213439941406,141.72999572753906,12.692127227783203,22.388830184936523
2019-08-09,263.3009033203125,113.94434356689453,141.25999450683594,12.803461074829102,22.363475799560547
2019-08-12,260.0955810546875,116.32001495361328,142.6300048828125,12.70925521850586,22.346572875976562
2019-08-13,264.1405029296875,115.92139434814453,141.77999877929688,13.009002685546875,22.4479923248291
2019-08-14,256.33050537109375,118.53309631347656,142.75,12.812026977539062,22.498706817626953
2019-08-15,257.0077209472656,119.85105895996094,143.6999969482422,12.70925521850586,22.515605926513672
2019-08-16,260.7998962402344,118.89100646972656,142.77999877929688,12.700690269470215,22.532512664794922
2019-08-19,263.9418640136719,117.19060516357422,141.11000061035156,12.760640144348145,22.583223342895508
2019-08-20,261.9194030761719,118.4028549194336,142.2100067138672,12.794897079467773,22.532512664794922
2019-08-21,264.05023193359375,117.61363983154297,141.75999450683594,12.837718963623047,22.55786895751953
2019-08-22,263.9690246582031,116.83271026611328,141.39999389648438,12.777769088745117,22.54096221923828
2019-08-23,257.1882629394531,118.75271606445312,144.1699981689453,12.683563232421875,22.414188385009766
2019-08-26,260.0323181152344,118.27275085449219,144.19000244140625,12.674999237060547,22.532512664794922
2019-08-27,259.0121765136719,120.0951156616211,145.57000732421875,12.760640144348145,22.515605926513672
2019-08-28,260.8359680175781,120.24976348876953,145.16000366210938,12.87197494506836,22.566322326660156
2019-08-29,264.1676330566406,119.79410552978516,144.1199951171875,12.906231880187988,22.625484466552734
2019-08-30,264.05023193359375,119.82666015625,143.75,12.700690269470215,22.71000099182129
2019-09-03,262.5063171386719,119.9815444946289,145.75,12.632177352905273,22.760713577270508
2019-09-04,265.4858093261719,120.16083526611328,146.66000366210938,12.931924819946289,22.617029190063477
2019-09-05,268.89874267578125,117.98466491699219,143.13999938964844,12.914795875549316,22.625484466552734
2019-09-06,269.1064147949219,118.82415771484375,141.9199981689453,12.949051856994629,22.633934020996094
2019-09-09,269.2418518066406,116.7132568359375,141.38999938964844,13.068951606750488,22.591676712036133
2019-09-10,269.17864990234375,114.6674575805664,140.17999267578125,13.086079597473145,22.617029190063477
2019-09-11,271.09271240234375,114.46372985839844,141.02999877929688,12.991874694824219,22.684642791748047
2019-09-12,272.03179931640625,113.71388244628906,141.32000732421875,12.9404878616333,22.617029190063477
2019-09-13,271.8512878417969,111.28504180908203,140.14999389648438,12.9404878616333,22.583223342895508
2019-09-16,271.01153564453125,112.70330047607422,141.32000732421875,13.514288902282715,22.684642791748047
2019-09-17,271.6977233886719,113.31446075439453,141.60000610351562,13.257362365722656,22.583223342895508
2019-09-18,271.8603210449219,113.79534149169922,140.7100067138672,13.171722412109375,22.667741775512695
2019-09-19,271.8421936035156,114.13771057128906,141.27999877929688,13.240234375,22.617029190063477
2019-09-20,270.55780029296875,115.64556121826172,142.9499969482422,13.257362365722656,22.676191329956055
2019-09-23,270.4942321777344,115.62110137939453,143.75,13.291621208190918,22.71000099182129
2019-09-24,268.37176513671875,117.01478576660156,144.50999450683594,13.13746452331543,22.625484466552734
2019-09-25,269.9591369628906,115.30318450927734,141.8300018310547,13.060386657714844,22.802968978881836
2019-09-26,269.3966979980469,116.044921875,141.7899932861328,13.060386657714844,22.862133026123047
2019-09-27,267.94549560546875,116.33015441894531,141.05999755859375,13.009002685546875,22.828327178955078
2019-09-30,269.1880798339844,116.61547088623047,138.8699951171875,12.880537986755371,22.904394149780273
2019-10-01,265.9862060546875,116.96647644042969,139.6300048828125,12.87197494506836,22.828327178955078
2019-10-02,261.28765869140625,117.25222778320312,141.25999450683594,12.760640144348145,22.81142234802246
2019-10-03,263.4283142089844,118.32181549072266,141.89999389648438,12.743512153625488,22.802968978881836
2019-10-04,266.9930114746094,119.1954574584961,141.89999389648438,12.846282005310059,22.78606414794922
2019-10-07,265.841064453125,118.20750427246094,140.69000244140625,12.829154968261719,22.828327178955078
2019-10-08,261.7139892578125,118.52591705322266,141.9199981689453,12.82059097290039,22.862133026123047
2019-10-09,264.19927978515625,117.8564224243164,142.0500030517578,12.854846954345703,22.84522819519043
2019-10-10,265.9862060546875,116.10107421875,140.80999755859375,12.9404878616333,22.75225830078125
2019-10-11,268.7436828613281,114.66411590576172,140.02999877929688,13.094643592834473,22.667741775512695
2019-10-14,268.44439697265625,115.49681854248047,140.58999633789062,13.03469467163086,22.7353572845459
2019-10-15,271.1020202636719,114.10067749023438,139.61000061035156,13.000438690185547,22.667741775512695
2019-10-16,270.6665954589844,114.23949432373047,140.41000366210938,13.017566680908203,22.608577728271484
2019-10-17,271.46478271484375,113.96187591552734,140.61000061035156,13.068951606750488,22.524059295654297
2019-10-18,270.276611328125,113.96187591552734,140.4600067138672,13.060386657714844,22.439542770385742
2019-10-21,272.1087951660156,113.10466766357422,139.7899932861328,13.043257713317871,22.456445693969727
2019-10-22,271.2199401855469,113.76593780517578,140.1999969482422,13.060386657714844,22.507156372070312
2019-10-23,272.0091247558594,113.88029479980469,140.52999877929688,13.223106384277344,22.498706817626953
2019-10-24,272.4534912109375,113.65164947509766,141.52999877929688,13.291621208190918,22.566322326660156
2019-10-25,273.5692443847656,113.09644317626953,141.86000061035156,13.368698120117188,22.591676712036133
2019-10-28,275.1111755371094,112.06768035888672,140.63999938964844,13.317313194274902,22.574771881103516
2019-10-29,275.029541015625,112.1412124633789,140.25,13.291621208190918,22.566322326660156
2019-10-30,275.8731689453125,113.78227233886719,141.02000427246094,13.205978393554688,22.515605926513672
2019-10-31,275.138427734375,115.31724548339844,142.42999267578125,13.128900527954102,22.473350524902344
2019-11-01,277.6873474121094,114.96226501464844,142.55999755859375,13.368698120117188,22.46489906311035
2019-11-04,278.802978515625,113.44921875,142.14999389648438,13.454339027404785,22.549415588378906
2019-11-05,278.4945373535156,112.17327880859375,139.85000610351562,13.48859691619873,22.633934020996094
2019-11-06,278.55810546875,112.85211181640625,140.4499969482422,13.343005180358887,22.633934020996094
2019-11-07,279.5376892089844,110.80743408203125,138.27000427246094,13.334442138671875,22.684642791748047
2019-11-08,280.22705078125,110.34120178222656,137.38999938964844,13.368698120117188,22.7353572845459
2019-11-11,279.6919860839844,110.41485595703125,137.05999755859375,13.283056259155273,22.701547622680664
2019-11-12,280.2815246582031,110.92188262939453,137.42999267578125,13.291621208190918,22.7353572845459
2019-11-13,280.3721923828125,111.64165496826172,137.97999572753906,13.317313194274902,22.726905822753906
2019-11-14,280.7803039550781,112.79486846923828,138.55999755859375,13.274491310119629,22.71000099182129
2019-11-15,282.8121643066406,112.67218017578125,138.2100067138672,13.343005180358887,22.659290313720703
2019-11-18,283.020751953125,112.87665557861328,138.6199951171875,13.205978393554688,22.617029190063477
2019-11-19,282.939208984375,113.81724548339844,138.69000244140625,13.086079597473145,22.64238739013672
2019-11-20,281.886962890625,114.9949722290039,138.75999450683594,13.257362365722656,22.64238739013672
2019-11-21,281.43341064453125,114.2752456665039,138.0,13.377262115478516,22.676191329956055
2019-11-22,282.059326171875,114.42250061035156,137.74000549316406,13.368698120117188,22.74380874633789
2019-11-25,284.2453308105469,114.7578125,137.0800018310547,13.368698120117188,22.760713577270508
2019-11-26,284.8893127441406,115.42849731445312,137.74000549316406,13.445775985717773,22.7353572845459
2019-11-27,286.1591796875,115.09312438964844,137.00999450683594,13.377262115478516,22.769163131713867
2019-11-29,285.0979919433594,114.84774017333984,137.86000061035156,13.111772537231445,22.74380874633789
2019-12-02,282.6761169433594,113.3165054321289,137.7899932861328,13.094643592834473,22.650836944580078
2019-12-03,280.7803039550781,115.69244384765625,139.11000061035156,13.1032075881958,22.625484466552734
2019-12-04,282.51275634765625,114.5372543334961,138.9199981689453,13.308749198913574,22.600128173828125
2019-12-05,283.020751953125,113.98014831542969,139.0,13.334442138671875,22.549415588378906
2019-12-06,285.60595703125,113.34928131103516,137.6199951171875,13.420082092285156,22.633934020996094
2019-12-09,284.7078857421875,113.59506225585938,137.5800018310547,13.4029541015625,22.608577728271484
2019-12-10,284.3903503417969,113.6032485961914,137.97000122070312,13.46290397644043,22.583223342895508
2019-12-11,285.1977233886719,114.49628448486328,138.9199981689453,13.4029541015625,22.498706817626953
2019-12-12,287.6559143066406,112.6119384765625,138.42999267578125,13.522852897644043,22.532512664794922
2019-12-13,287.8281555175781,113.91458892822266,139.0500030517578,13.5913667678833,22.532512664794922
2019-12-16,289.8055725097656,112.89044189453125,139.0399932861328,13.685572624206543,22.490253448486328
2019-12-17,289.8691101074219,112.73481750488281,139.00999450683594,13.745521545410156,22.532512664794922
2019-12-18,289.88720703125,111.80903625488281,139.02000427246094,13.7540864944458,22.574771881103516
2019-12-19,291.075439453125,111.98792266845703,139.3800048828125,13.814034461975098,22.574771881103516
2019-12-20,292.3516845703125,112.13561248779297,139.52000427246094,13.796907424926758,22.650836944580078
2019-12-23,292.7983093261719,111.97147369384766,139.9499969482422,13.80038833618164,22.638769149780273
2019-12-24,292.80743408203125,112.29147338867188,141.27000427246094,13.861297607421875,22.638769149780273
2019-12-26,294.3659973144531,112.5623550415039,142.3800048828125,13.965714454650879,22.60428237915039
2019-12-27,294.2931213378906,112.68538665771484,142.3300018310547,13.99181842803955,22.492210388183594
2019-12-30,292.6706848144531,112.27513885498047,142.6300048828125,13.965714454650879,22.449108123779297
2019-12-31,293.3816223144531,111.17549133300781,142.89999389648438,13.878700256347656,22.388757705688477
2020-01-02,296.125244140625,112.43097686767578,143.9499969482422,13.896102905273438,22.466346740722656
2020-01-03,293.8829650878906,114.16251373291016,145.86000061035156,14.061429023742676,22.492210388183594
2020-01-06,295.0041198730469,113.51419067382812,147.38999938964844,14.087533950805664,22.44048500061035
2020-01-07,294.17462158203125,112.9561996459961,147.97000122070312,14.078831672668457,22.518075942993164
2020-01-08,295.7425537109375,112.20941925048828,146.86000061035156,13.869998931884766,22.578420639038086
2020-01-09,297.747802734375,112.60333251953125,146.02999877929688,13.809090614318848,22.621524810791016
2020-01-10,296.89093017578125,113.60448455810547,146.91000366210938,13.809090614318848,22.60428237915039
2020-01-13,298.93280029296875,113.25987243652344,145.82000732421875,13.704673767089844,22.60428237915039
2020-01-14,298.4770812988281,113.84246826171875,145.69000244140625,13.765582084655762,22.612903594970703
2020-01-15,299.1514892578125,114.59740447998047,146.5399932861328,13.695971488952637,22.578420639038086
2020-01-16,301.6399841308594,114.23635864257812,146.30999755859375,13.678568840026855,22.612903594970703
2020-01-17,302.578857421875,113.25987243652344,146.5800018310547,13.722076416015625,22.690494537353516
2020-01-21,301.986328125,114.44967651367188,146.74000549316406,13.643763542175293,22.67325210571289
2020-01-22,302.02276611328125,114.85185241699219,146.7899932861328,13.461034774780273,22.656009674072266
2020-01-23,302.3692626953125,115.656005859375,147.1199951171875,13.347916603088379,22.71635627746582
2020-01-24,299.68017578125,116.59146118164062,147.97999572753906,13.147784233093262,22.750839233398438
2020-01-27,294.8764953613281,118.405029296875,148.99000549316406,12.904145240783691,22.78532600402832
2020-01-28,297.9665222167969,117.47772979736328,147.66000366210938,12.965055465698242,22.78532600402832
2020-01-29,297.7204895019531,118.62657165527344,148.4600067138672,12.904145240783691,22.819808959960938
2020-01-30,298.6866760253906,118.64301300048828,148.47000122070312,12.791028022766113,22.750839233398438
2020-01-31,293.26318359375,119.72618103027344,149.3300018310547,12.68661117553711,22.656009674072266
2020-02-03,295.441650390625,119.62918853759766,148.36000061035156,12.451674461364746,22.768083572387695
2020-02-04,299.9445495605469,118.01815795898438,146.42999267578125,12.469077110290527,22.802568435668945
2020-02-05,303.40826416015625,116.72765350341797,146.61000061035156,12.660506248474121,22.888778686523438
2020-02-06,304.42919921875,117.25370788574219,147.39999389648438,12.712716102600098,22.931882858276367
2020-02-07,302.8067626953125,118.7168197631836,147.7899932861328,12.643104553222656,22.98360824584961
2020-02-10,305.06732177734375,119.04558563232422,148.1699981689453,12.529986381530762,23.018091201782227
2020-02-11,305.595947265625,118.44560241699219,147.66000366210938,12.573493957519531,22.992229461669922
2020-02-12,307.56488037109375,117.84553527832031,147.5399932861328,12.74752140045166,23.052576065063477
2020-02-13,307.23675537109375,118.2976303100586,148.3800048828125,12.756223678588867,23.078439712524414
2020-02-14,307.7288818359375,118.81542205810547,149.0,12.74752140045166,23.0698184967041
2020-02-18,306.9358825683594,119.62918853759766,150.91000366210938,12.843235969543457,23.156030654907227
2020-02-19,308.4034118652344,119.62096405029297,151.7899932861328,12.965055465698242,23.199132919311523
2020-02-20,307.13641357421875,120.55806732177734,152.41000366210938,12.912847518920898,23.268102645874023
2020-02-21,303.9735107421875,121.68411254882812,154.6999969482422,12.860640525817871,23.130165100097656
2020-02-24,293.8920593261719,123.50065612792969,156.08999633789062,12.6170015335083,23.13878631591797
2020-02-25,284.98651123046875,124.15824127197266,153.3000030517578,12.382061958312988,23.0698184967041
2020-02-26,283.93829345703125,123.50065612792969,153.97000122070312,12.260244369506836,23.087060928344727
2020-02-27,271.1861572265625,124.84044647216797,154.0,12.051411628723145,22.94912338256836
2020-02-28,270.0467224121094,127.65984344482422,148.3800048828125,11.842577934265137,22.871536254882812
2020-03-02,281.7415771484375,126.72063446044922,149.1999969482422,12.112320899963379,22.750839233398438
2020-03-03,273.674560546875,128.68801879882812,153.88999938964844,12.138423919677734,22.656009674072266
2020-03-04,285.177978515625,127.32145690917969,154.16000366210938,12.147126197814941,22.733600616455078
2020-03-05,275.69818115234375,130.49073791503906,157.49000549316406,12.016605377197266,22.561180114746094
2020-03-06,271.1405334472656,137.28195190429688,157.5500030517578,11.625043869018555,22.43186378479004
2020-03-09,249.96592712402344,141.00277709960938,157.80999755859375,10.720099449157715,22.190475463867188
2020-03-10,262.90045166015625,133.77520751953125,154.47999572753906,11.059453964233398,22.518075942993164
2020-03-11,250.08444213867188,128.85260009765625,153.92999267578125,10.859322547912598,22.55255699157715
2020-03-12,226.1570281982422,129.65110778808594,147.7899932861328,10.4242525100708,22.7939453125
2020-03-13,245.49041748046875,126.72063446044922,143.27999877929688,10.537371635437012,23.656047821044922
2020-03-16,218.6279296875,134.92767333984375,141.63999938964844,9.90217113494873,22.897397994995117
2020-03-17,230.43202209472656,125.9302749633789,143.55999755859375,9.745545387268066,23.302587509155273
2020-03-18,218.76463317871094,118.82627868652344,140.6999969482422,9.42359447479248,23.656047821044922
2020-03-19,219.22955322265625,122.06133270263672,138.0399932861328,9.623726844787598,24.216413497924805
2020-03-20,209.781982421875,131.23988342285156,140.11000061035156,9.519309043884277,24.147445678710938
2020-03-23,204.41822814941406,136.64816284179688,146.3000030517578,9.632427215576172,24.112960815429688
2020-03-24,222.93923950195312,134.10459899902344,153.39999389648438,9.84126091003418,23.83708953857422
2020-03-25,226.27664184570312,133.79995727539062,151.3000030517578,10.006587028503418,23.612939834594727
2020-03-26,239.48890686035156,134.45849609375,153.24000549316406,9.971781730651855,23.233617782592773
2020-03-27,232.3555450439453,138.04754638671875,152.25,9.936975479125977,23.043956756591797
2020-03-30,239.90150451660156,136.91162109375,152.9199981689453,9.910872459411621,23.14740753173828
2020-03-31,236.32565307617188,135.80026245117188,148.0500030517578,9.789052963256836,23.130165100097656
2020-04-01,225.68983459472656,137.702880859375,149.4499969482422,9.510607719421387,23.276721954345703
2020-04-02,230.89772033691406,138.57676696777344,151.89999389648438,9.693337440490723,23.397417068481445
2020-04-03,227.5602264404297,138.9064178466797,152.64999389648438,9.936975479125977,23.5267333984375
2020-04-06,242.84463500976562,138.5438232421875,156.8800048828125,9.98918342590332,23.53535270690918
2020-04-07,243.0922088623047,137.0928192138672,156.0399932861328,10.058794975280762,23.319826126098633
2020-04-08,251.25247192382812,136.09539794921875,154.64999389648438,10.032690048217773,23.406038284301758
2020-04-09,255.07579040527344,136.34274291992188,158.69000244140625,10.058794975280762,23.233617782592773
2020-04-13,252.7470245361328,135.09788513183594,161.41000366210938,10.232823371887207,23.199132919311523
2020-04-14,260.2012939453125,135.0649871826172,162.67999267578125,10.145808219909668,23.0698184967041
2020-04-15,254.6724090576172,138.6427001953125,161.85000610351562,9.936975479125977,23.242238998413086
2020-04-16,255.90097045898438,140.21726989746094,161.7100067138672,9.910872459411621,23.34568977355957
2020-04-17,262.8143310546875,138.33775329589844,158.57000732421875,9.954377174377441,23.28534507751465
2020-04-20,258.1840515136719,139.45057678222656,159.6999969482422,9.789052963256836,23.362934112548828
2020-04-21,250.34474182128906,141.20645141601562,158.61000061035156,9.327878952026367,23.397417068481445
2020-04-22,255.90097045898438,139.7638397216797,161.72999572753906,9.45840072631836,23.466384887695312
2020-04-23,255.88262939453125,140.50579833984375,163.33999633789062,9.432295799255371,23.475006103515625
2020-04-24,259.4493408203125,140.83554077148438,162.63999938964844,9.310476303100586,23.423280715942383
2020-04-27,263.1901550292969,138.2140655517578,161.55999755859375,9.136449813842773,23.362934112548828
2020-04-28,261.97991943359375,139.80506896972656,160.83999633789062,9.145150184631348,23.33707046508789
2020-04-29,268.8381652832031,139.07962036132812,161.72999572753906,9.310476303100586,23.242238998413086
2020-04-30,266.3350830078125,137.4556121826172,158.8000030517578,9.484503746032715,23.09568214416504
2020-05-01,259.2843322753906,138.63272094726562,159.77999877929688,9.362685203552246,23.121543884277344
2020-05-04,259.9994201660156,137.98057556152344,160.33999633789062,9.475802421569824,23.250858306884766
2020-05-05,262.4017333984375,137.097412109375,161.02000427246094,9.719440460205078,23.268102645874023
2020-05-06,260.6228332519531,134.8852081298828,158.9499969482422,9.528010368347168,23.380176544189453
2020-05-07,263.7677917480469,137.1385955810547,161.38999938964844,9.588920593261719,23.311206817626953
2020-05-08,268.1321716308594,135.35569763183594,160.4199981689453,9.789052963256836,23.302587509155273
2020-05-11,268.18719482421875,134.29913330078125,159.4199981689453,9.65853214263916,23.3887939453125
2020-05-12,262.841796875,135.6776123046875,160.0399932861328,9.580219268798828,23.34568977355957
2020-05-13,258.19329833984375,136.62684631347656,161.5800018310547,9.484503746032715,23.3887939453125
2020-05-14,261.2831115722656,137.9640350341797,163.00999450683594,9.649829864501953,23.41465950012207
2020-05-15,262.48419189453125,137.60916137695312,163.92999267578125,9.745545387268066,23.431900024414062
2020-05-18,270.4794616699219,134.5880584716797,162.69000244140625,10.0239896774292,23.242238998413086
2020-05-19,267.70123291015625,135.09158325195312,164.25999450683594,9.997884750366211,23.224998474121094
2020-05-20,272.24896240234375,135.49600219726562,164.64999389648438,10.17191219329834,23.14740753173828
2020-05-21,270.36932373046875,135.83444213867188,162.25,10.128406524658203,23.199132919311523
2020-05-22,270.8829345703125,136.65162658691406,163.2100067138672,10.050093650817871,23.268102645874023
2020-05-26,274.2202453613281,134.81918334960938,160.88999938964844,10.154509544372559,23.09568214416504
2020-05-27,278.30035400390625,134.571533203125,161.17999267578125,10.0239896774292,23.087060928344727
2020-05-28,277.7869873046875,134.07623291015625,161.72000122070312,10.076197624206543,22.966365814208984
2020-05-29,279.0246887207031,135.03375244140625,162.91000366210938,10.250225067138672,22.931882858276367
2020-06-01,280.15252685546875,134.1246337890625,163.66000366210938,10.311135292053223,22.802568435668945
2020-06-02,282.47222900390625,133.6370391845703,162.60000610351562,10.4242525100708,22.776702880859375
2020-06-03,286.23138427734375,131.86001586914062,159.60000610351562,10.4242525100708,22.638769149780273
2020-06-04,285.4795227050781,129.95071411132812,161.27999877929688,10.511266708374023,22.55255699157715
2020-06-05,292.7962646484375,129.02513122558594,158.00999450683594,10.720099449157715,22.595661163330078
2020-06-08,296.33538818359375,129.52098083496094,159.72000122070312,10.65048885345459,22.535314559936523
2020-06-09,294.12567138671875,130.9922332763672,161.25999450683594,10.685294151306152,22.466346740722656
2020-06-10,292.4844665527344,132.93443298339844,163.57000732421875,10.754905700683594,22.354272842407227
2020-06-11,275.6231384277344,135.447021484375,162.38999938964844,10.406850814819336,22.578420639038086
2020-06-12,278.923828125,134.1411590576172,162.6199951171875,10.450357437133789,22.638769149780273
2020-06-15,281.5278015136719,134.21556091308594,162.3300018310547,10.546072959899902,22.543935775756836
2020-06-16,286.94659423828125,132.15753173828125,162.25,10.633086204528809,22.612903594970703
2020-06-17,285.7546081542969,132.70301818847656,162.55999755859375,10.580877304077148,22.63014793395996
2020-06-18,285.8646545410156,134.1081085205078,162.24000549316406,10.641786575317383,22.71635627746582
2020-06-19,284.23095703125,134.21556091308594,164.02999877929688,10.728800773620605,22.742219924926758
2020-06-22,286.0543518066406,134.23202514648438,165.08999633789062,10.8419189453125,22.621524810791016
2020-06-23,287.3713073730469,133.31466674804688,166.47999572753906,10.789710998535156,22.543935775756836
2020-06-24,280.0407409667969,134.74452209472656,165.89999389648438,10.519968032836914,22.647390365600586
2020-06-25,283.0429382324219,135.1329345703125,165.8000030517578,10.615683555603027,22.68187141418457
2020-06-26,276.32025146484375,136.57923889160156,166.5399932861328,10.485161781311035,22.71635627746582
2020-06-29,280.3815002441406,136.1495819091797,166.6300048828125,10.659189224243164,22.724977493286133
2020-06-30,283.97314453125,135.4883575439453,167.3699951171875,10.71139907836914,22.690494537353516
2020-07-01,285.9622802734375,135.22520446777344,166.6199951171875,10.79841136932373,22.638769149780273
2020-07-02,287.5370178222656,135.3658905029297,166.97999572753906,10.8419189453125,22.656009674072266
2020-07-06,291.97576904296875,134.8114471435547,167.97999572753906,10.928933143615723,22.535314559936523
2020-07-07,288.9643859863281,136.7063446044922,169.0399932861328,10.937633514404297,22.58704376220703
2020-07-08,291.1746520996094,136.1602325439453,170.08999633789062,11.076855659484863,22.466346740722656
2020-07-09,289.51702880859375,138.32818603515625,169.6300048828125,10.946334838867188,22.543935775756836
2020-07-10,292.4730529785156,137.6331329345703,169.19000244140625,11.015946388244629,22.50945281982422
2020-07-13,289.9405212402344,138.08828735351562,169.39999389648438,10.902828216552734,22.47496795654297
2020-07-14,293.6978454589844,138.28688049316406,170.19000244140625,10.955037117004395,22.43186378479004
2020-07-15,296.396240234375,137.64141845703125,170.33999633789062,11.085556983947754,22.371517181396484
2020-07-16,295.4200439453125,138.295166015625,168.72999572753906,10.99854564666748,22.449108123779297
2020-07-17,296.27655029296875,138.00550842285156,170.1199951171875,11.015946388244629,22.354272842407227
2020-07-20,298.6708679199219,138.3448028564453,170.94000244140625,11.007245063781738,22.31978988647461
2020-07-21,299.3062744140625,138.42755126953125,173.0,11.163870811462402,22.181854248046875
2020-07-22,301.0100402832031,138.84120178222656,175.6300048828125,11.233480453491211,22.121505737304688
2020-07-23,297.41839599609375,140.46304321289062,177.17999267578125,11.207377433776855,22.07840347290039
2020-07-24,295.5029296875,140.454833984375,178.6999969482422,11.224780082702637,21.983572006225586
2020-07-27,297.657958984375,139.9335479736328,182.22999572753906,11.32919692993164,21.81977081298828
2020-07-28,295.77008056640625,140.9016571044922,183.75,11.268285751342773,21.854257583618164
2020-07-29,299.4076232910156,140.66171264648438,185.1300048828125,11.32919692993164,21.750802993774414
2020-07-30,298.3393249511719,141.5884552001953,183.75999450683594,11.198676109313965,21.664594650268555
2020-07-31,300.6968688964844,141.49746704101562,185.42999267578125,11.259584426879883,21.793909072875977
2020-08-03,302.787353515625,140.7850341796875,185.63999938964844,11.372702598571777,21.793909072875977
2020-08-04,303.9569396972656,142.12698364257812,189.58999633789062,11.433612823486328,21.716320037841797
2020-08-05,305.8447265625,140.8844451904297,191.35000610351562,11.529328346252441,21.621490478515625
2020-08-06,307.88916015625,141.67140197753906,193.88999938964844,11.616342544555664,21.621490478515625
2020-08-07,308.1102294921875,140.7269744873047,190.80999755859375,11.459717750549316,21.750802993774414
2020-08-10,309.03118896484375,140.09744262695312,190.14999389648438,11.52062702178955,21.785289764404297
2020-08-11,306.4802551269531,138.43231201171875,179.94000244140625,11.337897300720215,21.81977081298828
2020-08-12,310.7533264160156,137.1732177734375,179.10000610351562,11.459717750549316,21.750802993774414
2020-08-13,310.1915588378906,135.7069854736328,183.3300018310547,11.52062702178955,21.742183685302734
2020-08-14,310.2007751464844,135.17677307128906,182.5399932861328,11.52062702178955,21.707698822021484
2020-08-17,311.18603515625,135.5164794921875,186.5,11.712056159973145,21.612869262695312
2020-08-18,311.8583984375,136.48565673828125,188.17999267578125,11.738161087036133,21.49217414855957
2020-08-19,310.5598449707031,135.63247680664062,182.24000549316406,11.70335578918457,21.664594650268555
2020-08-20,311.5268859863281,136.85841369628906,183.5,11.685953140258789,21.604246139526367
2020-08-21,312.63201904296875,137.67855834960938,182.02999877929688,11.572834014892578,21.707698822021484
2020-08-24,315.79986572265625,137.45481872558594,181.0,11.633745193481445,21.742183685302734
2020-08-25,316.9049377441406,136.40286254882812,181.22000122070312,11.729459762573242,21.664594650268555
2020-08-26,320.0821838378906,135.88092041015625,183.36000061035156,11.755563735961914,21.638731002807617
2020-08-27,320.7819519042969,133.56971740722656,181.24000549316406,11.712056159973145,21.664594650268555
2020-08-28,322.85400390625,133.4702911376953,184.38999938964844,11.790369033813477,21.49217414855957
2020-08-31,321.6844482421875,134.356689453125,184.8300018310547,11.781667709350586,21.466310501098633
2020-09-01,324.71429443359375,135.8934326171875,185.0500030517578,11.799071311950684,21.509418487548828
2020-09-02,329.4109802246094,137.1871795654297,182.6199951171875,11.642446517944336,21.587005615234375
2020-09-03,318.0745849609375,137.5769805908203,181.13999938964844,11.538029670715332,21.595626831054688
2020-09-04,315.4775390625,134.96461486816406,181.63999938964844,11.433612823486328,21.630109786987305
2020-09-08,306.8577575683594,135.7938690185547,181.2899932861328,11.155168533325195,21.742183685302734
2020-09-09,312.9173889160156,135.42904663085938,183.0500030517578,11.259584426879883,21.707698822021484
2020-09-10,307.4840087890625,136.11740112304688,182.4600067138672,11.146467208862305,21.750802993774414
2020-09-11,307.6405334472656,136.40762329101562,182.4499969482422,11.224780082702637,21.707698822021484
2020-09-14,311.692626953125,136.39938354492188,183.88999938964844,11.233480453491211,21.655973434448242
2020-09-15,313.2674255371094,136.06761169433594,183.4499969482422,11.294389724731445,21.673213958740234
2020-09-16,312.0241394042969,135.66123962402344,183.97000122070312,11.50322437286377,21.699079513549805
2020-09-17,309.27978515625,136.07595825195312,182.9600067138672,11.633745193481445,21.621490478515625
2020-09-18,305.7192077636719,135.6529541015625,183.1999969482422,11.685953140258789,21.64735221862793
2020-09-21,302.3165588378906,136.34124755859375,179.52000427246094,11.398807525634766,21.80253028869629
2020-09-22,305.3955078125,136.23348999023438,178.64999389648438,11.346598625183105,21.880117416381836
2020-09-23,298.3131408691406,136.4159698486328,174.7899932861328,11.216078758239746,22.000812530517578
2020-09-24,299.1083068847656,136.9384002685547,175.44000244140625,11.268285751342773,21.96632957458496
2020-09-25,303.9439697265625,136.9384002685547,174.94000244140625,11.268285751342773,22.026676177978516
2020-09-28,308.9923095703125,136.54859924316406,176.6999969482422,11.364002227783203,21.957706451416016
2020-09-29,307.3094177246094,136.7061309814453,178.19000244140625,11.233480453491211,21.854257583618164
2020-09-30,309.6395263671875,135.3958282470703,177.1199951171875,11.364002227783203,21.854257583618164
2020-10-01,311.6273498535156,135.61915588378906,178.6999969482422,11.224780082702637,21.81977081298828
2020-10-02,308.66864013671875,135.11268615722656,178.5399932861328,11.085556983947754,21.871496200561523
2020-10-05,314.14227294921875,132.47279357910156,179.41000366210938,11.372702598571777,21.77666664123535
2020-10-06,309.6764831542969,133.18666076660156,177.3000030517578,11.416210174560547,21.837013244628906
2020-10-07,315.06689453125,132.21542358398438,177.22000122070312,11.459717750549316,21.8111515045166
2020-10-08,317.8592224121094,132.9293670654297,177.85000610351562,11.572834014892578,21.80253028869629
2020-10-09,320.69769287109375,132.9043731689453,181.0800018310547,11.607640266418457,21.673213958740234
2020-10-12,325.8570556640625,133.3278350830078,180.55999755859375,11.485821723937988,21.64735221862793
2020-10-13,323.7303771972656,134.28256225585938,177.72000122070312,11.511924743652344,21.77666664123535
2020-10-14,321.6962890625,134.58973693847656,178.27000427246094,11.59023666381836,21.72494125366211
2020-10-15,321.2986755371094,134.35728454589844,178.9199981689453,11.625043869018555,21.828392028808594
2020-10-16,321.1045227050781,133.98374938964844,178.3000030517578,11.546731948852539,21.80253028869629
2020-10-19,316.2226867675781,133.4773406982422,178.38999938964844,11.555432319641113,21.73356056213379
2020-10-20,317.4892883300781,132.20713806152344,179.25,11.685953140258789,21.664594650268555
2020-10-21,316.8883361816406,131.75051879882812,180.60000610351562,11.59023666381836,21.552522659301758
2020-10-22,318.6265563964844,130.38072204589844,178.8300018310547,11.625043869018555,21.638731002807617
2020-10-23,319.7084045410156,131.17770385742188,178.63999938964844,11.538029670715332,21.587005615234375
2020-10-26,313.8001403808594,132.39805603027344,178.5500030517578,11.372702598571777,21.664594650268555
2020-10-27,312.71844482421875,133.286376953125,179.02000427246094,11.451014518737793,21.621490478515625
2020-10-28,302.0299987792969,133.410888671875,176.1300048828125,11.146467208862305,21.759424209594727
2020-10-29,305.09967041015625,132.11575317382812,175.39999389648438,11.007245063781738,21.84563446044922
2020-10-30,301.9190979003906,130.81234741210938,176.1999969482422,11.007245063781738,21.871496200561523
2020-11-02,305.3031311035156,131.79226684570312,177.91000366210938,11.207377433776855,21.897361755371094
2020-11-03,310.6935729980469,131.02760314941406,178.9199981689453,11.27698802947998,21.77666664123535
2020-11-04,317.6372375488281,133.869873046875,178.82000732421875,11.398807525634766,21.742183685302734
2020-11-05,323.8321533203125,134.1026611328125,182.92999267578125,11.451014518737793,21.5352783203125
2020-11-06,323.75823974609375,132.4820556640625,183.19000244140625,11.40750789642334,21.45768928527832
2020-11-09,327.8263854980469,129.69793701171875,175.0800018310547,11.546731948852539,21.595626831054688
2020-11-10,327.345703125,128.94998168945312,175.66000366210938,11.772967338562012,21.595626831054688
2020-11-11,329.77728271484375,129.4153289794922,174.89999389648438,11.764266014099121,21.621490478515625
2020-11-12,326.5782165527344,131.61773681640625,175.9600067138672,11.668550491333008,21.621490478515625
2020-11-13,331.0994873046875,131.4431915283203,177.16000366210938,11.616342544555664,21.578384399414062
2020-11-16,335.23236083984375,131.1273956298828,177.14999389648438,11.720758438110352,21.52665901184082
2020-11-17,333.42938232421875,131.98338317871094,176.5,11.755563735961914,21.49217414855957
2020-11-18,329.4167175292969,132.36569213867188,175.49000549316406,11.772967338562012,21.500797271728516
2020-11-19,330.8036193847656,133.04710388183594,175.16000366210938,11.772967338562012,21.466310501098633
2020-11-20,328.53826904296875,134.22731018066406,175.69000244140625,11.833876609802246,21.49217414855957
2020-11-23,330.5077209472656,133.61231994628906,172.22999572753906,11.868682861328125,21.52665901184082
2020-11-24,335.83343505859375,132.28256225585938,169.58999633789062,12.12102222442627,21.423206329345703
2020-11-25,335.3156433105469,131.8753662109375,169.50999450683594,12.225438117980957,21.388723373413086
2020-11-27,336.2493896484375,133.1552276611328,167.7899932861328,12.199334144592285,21.345617294311523
2020-11-30,334.7607727050781,132.9889373779297,166.6699981689453,12.129722595214844,21.397342681884766
2020-12-01,338.4222412109375,131.02813720703125,170.17999267578125,12.094918251037598,21.20768165588379
2020-12-02,339.1341857910156,129.9882354736328,171.4600067138672,12.147126197814941,21.18181800842285
2020-12-03,339.0417175292969,131.03648376464844,172.80999755859375,12.164528846740723,21.069746017456055
2020-12-04,341.9635009765625,129.1147918701172,172.32000732421875,12.216736793518066,21.095605850219727
2020-12-07,341.2607727050781,130.2794189453125,174.88999938964844,12.216736793518066,21.13009262084961
2020-12-08,342.2594909667969,130.89498901367188,175.5,12.234140396118164,21.155956268310547
2020-12-09,339.1896667480469,130.46243286132812,172.5,12.242840766906738,21.164573669433594
2020-12-10,339.0787658691406,131.6188507080078,172.1699981689453,12.425570487976074,21.104228973388672
2020-12-11,338.6811828613281,132.0846710205078,172.49000549316406,12.390765190124512,21.155956268310547
2020-12-14,337.164794921875,131.71865844726562,171.5399932861328,12.425570487976074,21.095605850219727
2020-12-15,341.7230529785156,131.2776641845703,173.94000244140625,12.521285057067871,21.026639938354492
2020-12-16,342.2594909667969,130.92837524414062,174.89999389648438,12.590896606445312,21.000778198242188
2020-12-17,344.1733093261719,130.5819091796875,176.74000549316406,12.738821029663086,20.888704299926758
2020-12-18,342.7990417480469,130.1904296875,176.44000244140625,12.782325744628906,20.914567947387695
2020-12-21,341.5733947753906,130.70677185058594,175.8800048828125,12.651805877685547,20.957672119140625
2020-12-22,340.99774169921875,131.3813018798828,174.49000549316406,12.512584686279297,21.069746017456055
2020-12-23,341.30413818359375,130.4736328125,175.64999389648438,12.669208526611328,20.974912643432617
2020-12-24,342.6319580078125,130.98995971679688,176.35000610351562,12.704014778137207,20.992156982421875
2020-12-28,345.57537841796875,131.04824829101562,175.7100067138672,12.625701904296875,20.992156982421875
2020-12-29,344.9161071777344,130.88174438476562,176.35000610351562,12.660506248474121,20.923187255859375
2020-12-30,345.4082946777344,131.16481018066406,177.6999969482422,12.738821029663086,20.836978912353516
2020-12-31,347.1632080078125,131.35633850097656,178.36000061035156,12.791028022766113,20.897323608398438
2021-01-04,342.4368896484375,131.1981201171875,182.3300018310547,12.721417427062988,20.914567947387695
2021-01-05,344.79541015625,130.22377014160156,182.8699951171875,13.078173637390137,20.793874740600586
2021-01-06,346.8568420410156,127.55050659179688,179.89999389648438,13.095576286315918,20.768009185791016
2021-01-07,352.01019287109375,126.42620849609375,179.47999572753906,13.156485557556152,20.888704299926758
2021-01-08,354.015869140625,126.01815795898438,173.33999633789062,13.260902404785156,20.923187255859375
2021-01-11,351.6295471191406,125.80998229980469,173.0,13.165186882019043,21.052501678466797
2021-01-12,351.7037658691406,125.70996856689453,174.1199951171875,13.41752815246582,20.9404296875
2021-01-13,352.65081787109375,127.12581634521484,173.3699951171875,13.382722854614258,21.009397506713867
2021-01-14,351.41595458984375,125.93484497070312,173.27999877929688,13.504542350769043,20.966293334960938
2021-01-15,348.85308837890625,126.43457794189453,171.1300048828125,13.3131103515625,21.104228973388672
2021-01-19,351.5923156738281,126.84262084960938,172.5800018310547,13.356618881225586,21.043882369995117
2021-01-20,356.4578857421875,126.96758270263672,175.38999938964844,13.36531925201416,21.035261154174805
2021-01-21,356.78289794921875,126.07643127441406,175.27999877929688,13.356618881225586,20.9404296875
2021-01-22,355.5201416015625,126.4845199584961,173.89999389648438,13.13038158416748,20.98353385925293
2021-01-25,356.92218017578125,127.97525787353516,174.0500030517578,13.269603729248047,21.009397506713867
2021-01-26,356.3651428222656,127.73371887207031,173.6199951171875,13.295707702636719,20.949050903320312
2021-01-27,347.6552734375,128.0585479736328,172.52000427246094,13.260902404785156,21.078367233276367
2021-01-28,350.6451721191406,127.35063934326172,172.67999267578125,13.199993133544922,21.026639938354492
2021-01-29,343.62548828125,126.58453369140625,172.61000061035156,13.217395782470703,21.052501678466797
2021-02-01,349.34527587890625,126.73119354248047,174.22999572753906,13.469734191894531,21.155956268310547
2021-02-02,354.2850646972656,125.91413879394531,172.11000061035156,13.574151992797852,21.18181800842285
2021-02-03,354.5636901855469,124.79692840576172,171.85000610351562,13.669867515563965,21.17319679260254
2021-02-04,358.59356689453125,124.46338653564453,168.14999389648438,13.739479064941406,21.268028259277344
2021-02-05,360.00494384765625,123.42121124267578,169.80999755859375,13.809090614318848,21.147336959838867
2021-02-08,362.6048278808594,123.96310424804688,171.52000427246094,14.02662467956543,21.138713836669922
2021-02-09,362.3634338378906,124.05484771728516,172.0800018310547,14.078831672668457,21.026639938354492
2021-02-10,362.20550537109375,124.8802719116211,172.7100067138672,14.052728652954102,21.01801872253418
2021-02-11,362.79046630859375,124.19659423828125,171.2100067138672,14.02662467956543,21.009397506713867
2021-02-12,364.5826721191406,122.65412139892578,170.69000244140625,14.200651168823242,21.026639938354492
2021-02-16,364.2669372558594,120.7864990234375,168.24000549316406,14.392083168029785,21.026639938354492
2021-02-17,364.3504638671875,121.55355072021484,166.3300018310547,14.435589790344238,21.112850189208984
2021-02-18,362.79986572265625,121.06163787841797,166.32000732421875,14.383380889892578,21.043882369995117
2021-02-19,362.15911865234375,119.45254516601562,167.00999450683594,14.374680519104004,20.992156982421875
2021-02-22,359.37353515625,118.54371643066406,169.50999450683594,14.696629524230957,20.93181037902832
2021-02-23,359.80999755859375,118.20186614990234,169.1199951171875,14.766240119934082,20.949050903320312
2021-02-24,363.77484130859375,117.42640686035156,169.0,14.992477416992188,20.914567947387695
2021-02-25,355.0094299316406,115.50884246826172,165.82000732421875,14.870657920837402,20.98353385925293
2021-02-26,353.1801452636719,119.32742309570312,161.80999755859375,14.55740737915039,21.138713836669922
2021-03-01,361.74127197265625,117.75142669677734,161.52999877929688,14.435589790344238,21.155956268310547
2021-03-02,358.91851806640625,117.75971221923828,162.41000366210938,14.496499061584473,21.078367233276367
2021-03-03,354.1644592285156,116.48252868652344,160.6199951171875,14.583513259887695,21.138713836669922
2021-03-04,349.7817077636719,115.73129272460938,159.0399932861328,14.809749603271484,21.276647567749023
2021-03-05,356.2164306640625,115.95665740966797,159.13999938964844,15.114295959472656,21.354238510131836
2021-03-08,354.4429626464844,115.05512237548828,157.49000549316406,14.905463218688965,21.474931716918945
2021-03-09,359.5035400390625,116.6495590209961,160.83999633789062,14.905463218688965,21.354238510131836
2021-03-10,361.74127197265625,116.88326263427734,161.66000366210938,15.001178741455078,21.319753646850586
2021-03-11,365.4090576171875,116.04012298583984,161.52000427246094,15.22741413116455,21.2163028717041
2021-03-12,365.9011535644531,113.57756805419922,161.49000549316406,15.157803535461426,21.28527069091797
2021-03-15,368.083251953125,114.24539947509766,162.1999969482422,15.105595588684082,21.32837677001953
2021-03-16,367.61895751953125,113.78631591796875,162.35000610351562,15.044686317443848,21.32837677001953
2021-03-17,368.8725280761719,112.9348373413086,163.50999450683594,15.044686317443848,21.224924087524414
2021-03-18,363.50555419921875,111.79121398925781,162.55999755859375,14.331171989440918,21.354238510131836
2021-03-19,362.8329772949219,112.48406982421875,163.24000549316406,14.644421577453613,21.36285972595215
2021-03-22,365.7301330566406,113.74454498291016,163.0,14.618318557739258,21.319753646850586
2021-03-23,362.8515625,114.77130126953125,161.80999755859375,14.209352493286133,21.44906997680664
2021-03-24,361.007080078125,115.38905334472656,162.3699951171875,14.583513259887695,21.500797271728516
2021-03-25,363.0378723144531,114.47913360595703,161.77999877929688,14.252859115600586,21.56114387512207
2021-03-26,368.8882751464844,114.07846069335938,162.24000549316406,14.592214584350586,21.5352783203125
2021-03-29,368.70196533203125,113.11006927490234,160.30999755859375,14.609618186950684,21.587005615234375
2021-03-30,367.7237854003906,113.70283508300781,157.57000732421875,14.374680519104004,21.673213958740234
2021-03-31,369.2142639160156,113.06840515136719,159.9600067138672,14.45299243927002,21.655973434448242
2021-04-01,373.20147705078125,114.9449691772461,161.97999572753906,14.696629524230957,21.56114387512207
2021-04-05,378.55804443359375,114.44345092773438,161.9199981689453,14.479095458984375,21.49217414855957
2021-04-06,378.3345031738281,115.22087097167969,163.22000122070312,14.531304359436035,21.44045066833496
2021-04-07,378.7723693847656,114.41838836669922,162.75999450683594,14.574811935424805,21.466310501098633
2021-04-08,380.57025146484375,115.3629379272461,164.50999450683594,14.65312385559082,21.371482849121094
2021-04-09,383.3370361328125,114.9449691772461,163.27000427246094,14.600915908813477,21.388723373413086
2021-04-12,383.476806640625,114.89485931396484,162.27999877929688,14.609618186950684,21.38010025024414
2021-04-13,384.6133728027344,115.75582122802734,163.42999267578125,14.766240119934082,21.302513122558594
2021-04-14,383.2999267578125,115.38801574707031,162.72000122070312,15.105595588684082,21.276647567749023
2021-04-15,387.41754150390625,117.31898498535156,165.35000610351562,15.201309204101562,21.276647567749023
2021-04-16,388.7122497558594,116.40779876708984,166.35000610351562,15.17520523071289,21.25078582763672
2021-04-19,386.8025817871094,116.07344818115234,165.88999938964844,15.192607879638672,21.13009262084961
2021-04-20,383.9705505371094,116.60841369628906,166.47999572753906,15.166504859924316,21.164573669433594
2021-04-21,387.6037292480469,116.84243774414062,168.1300048828125,15.105595588684082,21.138713836669922
2021-04-22,384.0637512207031,117.35237121582031,167.0399932861328,15.22741413116455,21.199060440063477
2021-04-23,388.2279052734375,117.0765609741211,166.39999389648438,15.349233627319336,21.078367233276367
2021-04-26,389.03839111328125,116.90937805175781,166.83999633789062,15.453651428222656,21.078367233276367
2021-04-27,388.95452880859375,115.88958740234375,166.4199981689453,15.584172248840332,21.086986541748047
2021-04-28,388.84271240234375,115.96479034423828,166.91000366210938,15.610276222229004,21.009397506713867
2021-04-29,391.32073974609375,115.6220932006836,166.22000122070312,15.714690208435059,21.01801872253418
2021-04-30,388.7495422363281,115.88958740234375,165.66000366210938,15.584172248840332,21.190441131591797
2021-05-03,389.5881042480469,115.95909118652344,167.80999755859375,15.758200645446777,21.095605850219727
2021-05-04,387.1844787597656,116.74597930908203,166.5800018310547,16.0018367767334,21.190441131591797
2021-05-05,387.3056640625,116.93849182128906,167.27000427246094,16.062747955322266,21.18181800842285
2021-05-06,390.3985290527344,117.13106536865234,170.05999755859375,16.14105796813965,21.078367233276367
2021-05-07,393.23974609375,116.55339813232422,171.58999633789062,16.297683715820312,20.923187255859375
2021-05-10,389.3457946777344,115.37308502197266,172.11000061035156,16.184566497802734,20.923187255859375
2021-05-11,385.8709716796875,114.7200698852539,172.13999938964844,16.358591079711914,20.905946731567383
2021-05-12,377.6730651855469,113.5146484375,170.42999267578125,16.341190338134766,21.061124801635742
2021-05-13,382.2098083496094,113.6904525756836,171.1300048828125,15.888720512390137,21.026639938354492
2021-05-14,388.07879638671875,114.75361633300781,172.69000244140625,16.01923942565918,20.9404296875
2021-05-17,387.0913391113281,114.51081085205078,174.6999969482422,16.219371795654297,20.914567947387695
2021-05-18,383.75628662109375,114.21783447265625,175.0399932861328,16.14105796813965,20.81973648071289
2021-05-19,382.7501525878906,113.94157409667969,175.16000366210938,15.810406684875488,20.914567947387695
2021-05-20,386.86773681640625,114.87913513183594,175.9600067138672,15.645079612731934,20.811113357543945
2021-05-21,386.5511169433594,115.24747467041016,176.0399932861328,15.793004035949707,20.880083084106445
2021-05-24,390.49169921875,115.6744155883789,176.35000610351562,16.01053810119629,20.82835578918457
2021-05-25,389.625244140625,116.74597930908203,177.9499969482422,15.958330154418945,20.802492141723633
2021-05-26,390.3985290527344,116.54500579833984,177.63999938964844,15.984435081481934,20.880083084106445
2021-05-27,390.60345458984375,116.07622528076172,177.7100067138672,16.236774444580078,20.86284065246582
2021-05-28,391.30218505859375,115.89209747314453,178.3800048828125,16.184566497802734,20.880083084106445
2021-06-01,390.95745849609375,115.86613464355469,177.89999389648438,16.471710205078125,20.845600128173828
2021-06-02,391.5723876953125,116.13433837890625,178.77000427246094,16.558727264404297,20.845600128173828
2021-06-03,390.1189880371094,115.69847869873047,175.27000427246094,16.419504165649414,20.974912643432617
2021-06-04,393.6870422363281,117.28289794921875,177.16000366210938,16.602231979370117,20.897323608398438
2021-06-07,393.3050842285156,116.92243194580078,177.8699951171875,16.628337860107422,20.86284065246582
2021-06-08,393.3887939453125,117.74394989013672,177.32000732421875,16.79366111755371,20.888704299926758
2021-06-09,392.80194091796875,118.78349304199219,176.97999572753906,16.715349197387695,20.905946731567383
2021-06-10,394.62786865234375,119.49610137939453,177.74000549316406,16.776260375976562,20.888704299926758
2021-06-11,395.27996826171875,119.30326843261719,175.74000549316406,16.72405242919922,20.992156982421875
2021-06-14,396.1649475097656,118.38947296142578,174.7100067138672,16.628337860107422,20.974912643432617
2021-06-15,395.4383239746094,118.24694061279297,174.0500030517578,16.558727264404297,20.992156982421875
2021-06-16,393.23040771484375,118.1463394165039,171.11000061035156,16.4630126953125,21.164573669433594
2021-06-17,393.10009765625,119.91520690917969,165.85000610351562,16.036643981933594,21.32837677001953
2021-06-18,387.7970275878906,122.17040252685547,164.92999267578125,16.201969146728516,21.397342681884766
2021-06-21,393.34869384765625,120.12478637695312,166.9499969482422,16.402101516723633,21.29389190673828
2021-06-22,395.4515686035156,120.41826629638672,166.25,16.428205490112305,21.259408950805664
2021-06-23,394.9749450683594,120.10807037353516,166.13999938964844,16.532623291015625,21.29389190673828
2021-06-24,397.31146240234375,120.30088806152344,166.0399932861328,16.59353256225586,21.276647567749023
2021-06-25,398.72283935546875,119.05175018310547,166.58999633789062,16.523921966552734,21.28527069091797
2021-06-28,399.5265808105469,120.27571868896484,166.5800018310547,16.51521873474121,21.29389190673828
2021-06-29,399.7415771484375,120.47692108154297,164.8300018310547,16.59353256225586,21.345617294311523
2021-06-30,400.0779724121094,121.01346588134766,165.6300048828125,16.750154495239258,21.405963897705078
2021-07-01,402.2930603027344,121.02017974853516,166.1999969482422,16.811065673828125,21.466310501098633
2021-07-02,405.3680114746094,121.75043487548828,167.2899932861328,16.967689514160156,21.38010025024414
2021-07-06,404.629638671875,123.17749786376953,168.1199951171875,16.506515502929688,21.45768928527832
2021-07-07,406.0596923828125,124.26876831054688,168.75999450683594,16.306386947631836,21.49217414855957
2021-07-08,402.7510986328125,124.75568389892578,168.64999389648438,16.445608139038086,21.405963897705078
2021-07-09,407.0503845214844,123.00125122070312,169.2100067138672,16.63703727722168,21.354238510131836
2021-07-12,408.5084228515625,122.84174346923828,169.0,16.66314125061035,21.38010025024414
2021-07-13,407.1158447265625,121.90153503417969,169.22000122070312,16.802364349365234,21.509418487548828
2021-07-14,407.72332763671875,123.28665924072266,171.0399932861328,16.63703727722168,21.405963897705078
2021-07-15,406.3306884765625,124.64651489257812,171.07000732421875,16.55002212524414,21.466310501098633
2021-07-16,403.1436462402344,124.41146087646484,169.41000366210938,16.55002212524414,21.49217414855957
2021-07-19,397.1899719238281,127.13959503173828,169.61000061035156,15.888720512390137,21.52665901184082
2021-07-20,402.88189697265625,125.91403198242188,169.38999938964844,16.1236572265625,21.552522659301758
2021-07-21,406.14373779296875,124.31912231445312,168.75999450683594,16.445608139038086,21.500797271728516
2021-07-22,406.99432373046875,125.49435424804688,169.08999633789062,16.576128005981445,21.52665901184082
2021-07-23,411.1814880371094,124.65484619140625,168.55999755859375,16.66314125061035,21.5352783203125
2021-07-26,412.1908874511719,124.28550720214844,168.16000366210938,16.784961700439453,21.466310501098633
2021-07-27,410.312255859375,125.6117935180664,168.44000244140625,16.689247131347656,21.431827545166016
2021-07-28,410.1439514160156,125.62018585205078,169.2899932861328,16.767559051513672,21.371482849121094
2021-07-29,411.84503173828125,124.92350006103516,171.1699981689453,17.063405990600586,21.29389190673828
2021-07-30,409.84490966796875,125.5111312866211,169.82000732421875,16.967689514160156,21.354238510131836
2021-08-02,408.9849853515625,126.63058471679688,169.61000061035156,16.784961700439453,21.32837677001953
2021-08-03,412.3123474121094,126.6977767944336,169.49000549316406,16.70665168762207,21.33699607849121
2021-08-04,410.2842102050781,126.95833587646484,169.52999877929688,16.436904907226562,21.371482849121094
2021-08-05,412.8824768066406,126.31121063232422,168.86000061035156,16.680543899536133,21.371482849121094
2021-08-06,413.56475830078125,124.20171356201172,164.63999938964844,16.541322708129883,21.49217414855957
2021-08-09,413.2283020019531,123.75630187988281,161.72000122070312,16.306386947631836,21.5352783203125
2021-08-10,413.7422790527344,123.18472290039062,161.77000427246094,16.602231979370117,21.552522659301758
2021-08-11,414.7703857421875,123.10911560058594,164.0,16.750154495239258,21.509418487548828
2021-08-12,416.0134582519531,122.90742492675781,164.0399932861328,16.689247131347656,21.5352783203125
2021-08-13,416.7705383300781,124.84883117675781,166.38999938964844,16.59353256225586,21.431827545166016
2021-08-16,417.75189208984375,125.15142822265625,167.22000122070312,16.55002212524414,21.44906997680664
2021-08-17,415.0134582519531,125.10101318359375,166.97000122070312,16.36729621887207,21.578384399414062
2021-08-18,410.4711608886719,125.5212173461914,167.10000610351562,16.175865173339844,21.578384399414062
2021-08-19,411.10662841796875,126.4456558227539,166.61000061035156,15.949629783630371,21.68183708190918
2021-08-20,414.37786865234375,126.52979278564453,166.6999969482422,15.575469970703125,21.655973434448242
2021-08-23,418.02288818359375,126.4456558227539,168.72999572753906,16.14105796813965,21.52665901184082
2021-08-24,418.6864318847656,125.46236419677734,168.64999389648438,16.48041343688965,21.509418487548828
2021-08-25,419.5651550292969,124.42021179199219,167.47999572753906,16.628337860107422,21.49217414855957
2021-08-26,417.0882568359375,124.76483154296875,167.6699981689453,16.49781608581543,21.552522659301758
2021-08-27,420.81744384765625,125.6136474609375,170.19000244140625,16.70665168762207,21.45768928527832
2021-08-30,422.6681213378906,125.94140625,169.35000610351562,16.767559051513672,21.45768928527832
2021-08-31,422.0419006347656,125.08419036865234,169.69000244140625,16.689247131347656,21.45768928527832
2021-09-01,422.26617431640625,125.29363250732422,169.6999969482422,16.610933303833008,21.414587020874023
2021-09-02,423.5652770996094,125.84070587158203,169.25,16.802364349365234,21.36285972595215
2021-09-03,423.4624938964844,124.6961898803711,171.05999755859375,16.819765090942383,21.319753646850586
2021-09-07,421.94842529296875,123.64431762695312,167.7100067138672,16.628337860107422,21.423206329345703
2021-09-08,421.43438720703125,124.48583984375,167.2899932861328,16.750154495239258,21.45768928527832
2021-09-09,419.6304626464844,125.99211883544922,168.02999877929688,16.628337860107422,21.405963897705078
2021-09-10,416.32196044921875,124.88133239746094,167.17999267578125,16.845870971679688,21.44045066833496
2021-09-13,417.3874206542969,125.63871765136719,167.74000549316406,16.976390838623047,21.44045066833496
2021-09-14,415.1349182128906,127.1618423461914,168.82000732421875,16.967689514160156,21.44045066833496
2021-09-15,418.6023864746094,126.71582794189453,167.8300018310547,17.246131896972656,21.397342681884766
2021-09-16,417.9387512207031,126.1351547241211,164.02999877929688,17.12431526184082,21.49217414855957
2021-09-17,413.8677062988281,125.52932739257812,163.77000427246094,16.98509407043457,21.569765090942383
2021-09-20,406.9668273925781,127.08611297607422,164.94000244140625,16.784961700439453,21.578384399414062
2021-09-21,406.5823059082031,126.97669982910156,166.0399932861328,16.802364349365234,21.56114387512207
2021-09-22,410.5484619140625,127.734130859375,165.4199981689453,16.99379539489746,21.621490478515625
2021-09-23,415.53662109375,124.84769439697266,163.50999450683594,17.254837036132812,21.5352783203125
2021-09-24,416.2210998535156,123.62747955322266,163.3000030517578,17.333148956298828,21.595626831054688
2021-09-27,415.0303039550781,123.17305755615234,163.63999938964844,17.568086624145508,21.621490478515625
2021-09-28,406.66668701171875,121.2544174194336,162.0500030517578,17.428863525390625,21.699079513549805
2021-09-29,407.3511657714844,121.46479797363281,161.32000732421875,17.446266174316406,21.854257583618164
2021-09-30,402.37237548828125,121.44795989990234,164.22000122070312,17.559383392333984,21.81977081298828
2021-10-01,407.1542663574219,122.47006225585938,164.58999633789062,17.794322967529297,21.77666664123535
2021-10-04,401.903564453125,122.15827178955078,165.36000061035156,18.081466674804688,21.707698822021484
2021-10-05,406.0854187011719,120.97863006591797,164.58999633789062,18.307703018188477,21.750802993774414
2021-10-06,407.77313232421875,121.6611557006836,165.02999877929688,18.003154754638672,21.8111515045166
2021-10-07,411.2986145019531,120.38883972167969,164.16000366210938,18.229389190673828,21.80253028869629
2021-10-08,410.5484619140625,119.54621124267578,164.22999572753906,18.290300369262695,21.785289764404297
2021-10-11,407.5762634277344,119.2428970336914,163.9199981689453,18.412118911743164,21.84563446044922
2021-10-12,406.57293701171875,121.2820053100586,164.66000366210938,18.412118911743164,21.871496200561523
2021-10-13,408.03564453125,122.46159362792969,167.58999633789062,18.51653480529785,21.750802993774414
2021-10-14,414.89910888671875,122.9166030883789,168.0,18.70796775817871,21.750802993774414
2021-10-15,418.0588073730469,122.20038604736328,165.3300018310547,18.864591598510742,21.72494125366211
2021-10-18,419.2965087890625,122.77330780029297,164.9199981689453,18.751474380493164,21.73356056213379
2021-10-19,422.5312805175781,121.07975769042969,165.4499969482422,18.794979095458984,21.68183708190918
2021-10-20,424.1909484863281,120.2624282836914,166.89999389648438,19.003812789916992,21.64735221862793
2021-10-21,425.2973327636719,120.11917877197266,166.75,18.71666717529297,21.699079513549805
2021-10-22,424.85662841796875,121.44205474853516,167.77000427246094,18.803682327270508,21.655973434448242
2021-10-25,427.1351013183594,121.25668334960938,168.92999267578125,18.899396896362305,21.69045639038086
2021-10-26,427.5195617675781,122.25934600830078,167.67999267578125,18.925498962402344,21.73356056213379
2021-10-27,425.6255187988281,124.48381805419922,168.1199951171875,18.57744598388672,21.72494125366211
2021-10-28,429.7322998046875,124.0625228881836,168.0800018310547,18.673160552978516,21.595626831054688
2021-10-29,430.6042785644531,124.44168853759766,166.64999389648438,18.57744598388672,21.76804542541504
2021-11-01,431.3450012207031,123.545654296875,167.52000427246094,18.71666717529297,21.699079513549805
2021-11-02,433.0890197753906,124.09410858154297,167.16000366210938,18.768877029418945,21.750802993774414
2021-11-03,435.7330017089844,122.81170654296875,165.77000427246094,18.290300369262695,21.699079513549805
2021-11-04,437.7864990234375,124.10253143310547,167.64999389648438,18.177183151245117,21.8111515045166
2021-11-05,439.3053894042969,125.95854187011719,169.83999633789062,18.429523468017578,21.793909072875977
2021-11-08,439.6804504394531,125.72233581542969,170.4499969482422,18.542640686035156,21.750802993774414
2021-11-09,438.2271423339844,127.35902404785156,171.2899932861328,18.69056510925293,21.72494125366211
2021-11-10,434.7017517089844,125.03057861328125,173.14999389648438,18.455625534057617,21.957706451416016
2021-11-11,434.8423156738281,124.8449935913086,174.1199951171875,18.58614730834961,22.00943374633789
2021-11-12,438.1239929199219,124.29654693603516,174.4499969482422,18.560043334960938,21.983572006225586
2021-11-15,438.2740478515625,122.73580169677734,174.17999267578125,18.56874656677246,22.104265213012695
2021-11-16,440.0086669921875,122.42364501953125,172.9199981689453,18.542640686035156,22.190475463867188
2021-11-17,438.93975830078125,123.3938217163086,174.5,18.3773136138916,22.147371292114258
2021-11-18,440.43060302734375,123.85783386230469,173.94000244140625,18.438222885131836,22.08702278137207
2021-11-19,439.6429748535156,125.16551208496094,172.61000061035156,18.142379760742188,22.199094772338867
2021-11-22,438.40533447265625,123.69752502441406,168.74000549316406,18.272899627685547,22.311166763305664
2021-11-23,438.9866027832031,121.90901947021484,167.27999877929688,18.60354995727539,22.302549362182617
2021-11-24,440.1586608886719,123.86630249023438,167.1199951171875,18.533935546875,22.388757705688477
2021-11-26,430.3417663574219,126.9963150024414,166.85000610351562,17.428863525390625,22.216339111328125
2021-11-29,435.62054443359375,125.97544860839844,166.6199951171875,17.428863525390625,22.259443283081055
2021-11-30,427.1445007324219,127.89059448242188,165.5,16.950288772583008,22.15599250793457
2021-12-01,422.4001159667969,128.67947387695312,166.16000366210938,16.802364349365234,22.216339111328125
2021-12-02,428.8695983886719,128.83998107910156,165.24000549316406,16.950288772583008,22.224960327148438
2021-12-03,425.1379089355469,130.37730407714844,166.6300048828125,16.967689514160156,22.216339111328125
2021-12-06,430.17291259765625,128.58656311035156,166.22000122070312,17.26353645324707,22.250822067260742
2021-12-07,439.071044921875,127.54761505126953,166.80999755859375,17.52457618713379,22.259443283081055
2021-12-08,440.233642578125,125.34296417236328,166.89999389648438,17.75951385498047,22.15599250793457
2021-12-09,437.261474609375,126.0440902709961,165.8800048828125,17.48977279663086,22.233579635620117
2021-12-10,441.3775329589844,125.7400131225586,166.5800018310547,17.689905166625977,22.199094772338867
2021-12-13,437.4676818847656,127.59825134277344,167.0,17.602890014648438,22.268064498901367
2021-12-14,434.4579162597656,127.29417419433594,165.44000244140625,17.446266174316406,22.311166763305664
2021-12-15,441.24627685546875,126.06941223144531,166.14999389648438,17.533279418945312,22.27668571472168
2021-12-16,437.355224609375,126.11844635009766,168.16000366210938,17.637697219848633,22.181854248046875
2021-12-17,432.700439453125,127.54756927490234,167.8000030517578,17.428863525390625,22.337034225463867
2021-12-20,428.09942626953125,126.59198760986328,167.08999633789062,17.307044982910156,22.311166763305664
2021-12-21,435.7020263671875,126.11003875732422,167.02000427246094,17.672500610351562,22.285306930541992
2021-12-22,440.0585021972656,126.6935043334961,168.58999633789062,17.88133430480957,22.199094772338867
2021-12-23,442.7964782714844,125.59414672851562,168.97000122070312,17.97705078125,22.181854248046875
2021-12-27,449.0630187988281,125.89859771728516,169.3699951171875,18.20328712463379,22.190475463867188
2021-12-28,448.69610595703125,125.39966583251953,168.63999938964844,18.16847801208496,22.216339111328125
2021-12-29,449.2700500488281,124.02973937988281,168.58999633789062,18.255495071411133,22.15599250793457
2021-12-30,448.0280456542969,125.06986236572266,169.8000030517578,18.16847801208496,22.190475463867188
2021-12-31,446.89892578125,125.31509399414062,170.9600067138672,18.081466674804688,22.095643997192383
2022-01-03,449.4864501953125,122.02552795410156,168.3300018310547,18.151077270507812,22.233579635620117
2022-01-04,449.3359375,121.5181884765625,169.57000732421875,18.36861228942871,22.250822067260742
2022-01-05,440.7077331542969,120.85857391357422,169.05999755859375,18.290300369262695,22.224960327148438
2022-01-06,440.2936706542969,121.17147827148438,166.99000549316406,18.44692611694336,22.242198944091797
2022-01-07,438.5529479980469,120.30046844482422,167.75,18.481731414794922,22.121505737304688
2022-01-10,438.00726318359375,120.59642791748047,168.25999450683594,18.403417587280273,22.17323112487793
2022-01-11,441.9967041015625,121.39982604980469,170.2899932861328,18.760173797607422,22.07840347290039
2022-01-12,443.19171142578125,120.9347152709961,170.74000549316406,18.908098220825195,21.93184471130371
2022-01-13,437.085205078125,122.00867462158203,170.16000366210938,18.70796775817871,21.92322540283203
2022-01-14,437.2638854980469,120.16512298583984,169.6699981689453,18.95160484313965,21.983572006225586
2022-01-18,429.52020263671875,118.47392272949219,169.38999938964844,19.099529266357422,22.121505737304688
2022-01-19,425.06011962890625,119.29414367675781,172.0800018310547,19.20394515991211,22.069780349731445
2022-01-20,420.3556213378906,120.02985382080078,171.64999389648438,19.13433265686035,22.138750076293945
2022-01-21,412.1037292480469,121.458984375,171.08999633789062,19.151737213134766,22.07840347290039
2022-01-24,413.85382080078125,120.46110534667969,172.02999877929688,19.10822868347168,22.147371292114258
2022-01-25,408.8011169433594,120.26663208007812,172.5800018310547,19.282257080078125,22.15599250793457
2022-01-26,407.7755432128906,118.81216430664062,169.7899932861328,19.325763702392578,22.27668571472168
2022-01-27,405.76190185546875,120.99390411376953,167.60000610351562,19.421476364135742,22.466346740722656
2022-01-28,415.8392639160156,121.0361557006836,167.10000610351562,19.438880920410156,22.457725524902344
2022-01-31,423.32891845703125,120.4104232788086,168.08999633789062,19.508493423461914,22.302549362182617
2022-02-01,426.1893310546875,120.01070404052734,168.22999572753906,19.58680534362793,22.242198944091797
2022-02-02,430.3293151855469,120.41718292236328,168.83999633789062,19.665117263793945,22.15599250793457
2022-02-03,420.2144470214844,119.47722625732422,168.60000610351562,19.70862579345703,22.04391860961914
2022-02-04,422.1904296875,117.71582794189453,168.86000061035156,19.865249633789062,22.026676177978516
2022-02-07,420.83544921875,117.7920913696289,170.11000061035156,19.908754348754883,22.035297393798828
2022-02-08,424.2980651855469,117.0045166015625,170.6300048828125,19.734729766845703,22.069780349731445
2022-02-09,430.5081481933594,117.2247085571289,171.2100067138672,19.934860229492188,22.04391860961914
2022-02-10,422.77374267578125,115.36166381835938,170.55999755859375,19.830446243286133,22.07840347290039
2022-02-11,414.4372863769531,117.07225799560547,173.80999755859375,20.126291275024414,22.17323112487793
2022-02-14,413.082275390625,115.6156997680664,174.74000549316406,20.2307071685791,22.233579635620117
2022-02-15,419.7440185546875,114.30316162109375,173.0800018310547,19.900056838989258,22.147371292114258
2022-02-16,420.2144470214844,114.9806137084961,174.86000061035156,19.926158905029297,22.104265213012695
2022-02-17,411.2380676269531,115.8359146118164,177.25,20.09148597717285,22.112884521484375
2022-02-18,408.57525634765625,117.05534362792969,177.1199951171875,20.1697998046875,22.17323112487793
2022-02-22,404.19061279296875,117.3602066040039,177.49000549316406,20.45694351196289,22.181854248046875
2022-02-23,397.02081298828125,115.74274444580078,178.2899932861328,20.648374557495117,22.207717895507812
2022-02-24,402.9955749511719,115.81897735595703,177.13999938964844,20.735387802124023,22.388757705688477
2022-02-25,411.8873291015625,115.90363311767578,176.5500030517578,20.422136306762695,22.27668571472168
2022-02-28,410.83349609375,118.44413757324219,178.3800048828125,20.77019500732422,22.311166763305664
2022-03-01,404.57647705078125,119.81355285644531,181.6199951171875,21.605525970458984,22.48358917236328
2022-03-02,412.01910400390625,115.71798706054688,179.72999572753906,22.31033706665039,22.466346740722656
2022-03-03,409.96783447265625,116.8966064453125,180.8000030517578,22.55397605895996,22.55255699157715
2022-03-04,406.63702392578125,118.91470336914062,183.67999267578125,23.502426147460938,22.724977493286133
2022-03-07,394.6496276855469,118.00741577148438,186.41000366210938,24.01580810546875,22.888778686523438
2022-03-08,391.6575622558594,116.8202896118164,191.50999450683594,24.424772262573242,22.845672607421875
2022-03-09,402.1582336425781,115.67554473876953,185.82000732421875,22.484365463256836,22.621524810791016
2022-03-10,400.34228515625,114.01361083984375,186.39999389648438,22.214624404907227,22.733600616455078
2022-03-11,395.25189208984375,114.39515686035156,185.08999633789062,22.59748077392578,22.854293823242188
2022-03-14,392.36328125,111.72417449951172,182.3000030517578,21.93617820739746,22.845672607421875
2022-03-15,400.9914245605469,111.5291519165039,178.88999938964844,21.396692276000977,22.819808959960938
2022-03-16,409.8831481933594,112.62300109863281,180.00999450683594,21.21396255493164,22.656009674072266
2022-03-17,415.01123046875,111.7835693359375,180.88999938964844,22.232023239135742,22.60428237915039
2022-03-18,419.55670166015625,113.14868927001953,179.3000030517578,22.336442947387695,22.63014793395996
2022-03-21,419.4340515136719,110.52860260009766,180.6699981689453,23.17177391052246,22.71635627746582
2022-03-22,424.34197998046875,109.112548828125,179.36000061035156,23.119565963745117,22.70773696899414
2022-03-23,418.8771057128906,111.50374603271484,181.80999755859375,23.693857192993164,22.733600616455078
2022-03-24,425.1914367675781,110.6303482055664,183.1300048828125,23.458919525146484,22.759462356567383
2022-03-25,427.26788330078125,109.0956039428711,182.3800048828125,23.632946014404297,22.768083572387695
2022-03-28,430.3071594238281,110.02835845947266,179.05999755859375,22.606185913085938,22.83704948425293
2022-03-29,435.63037109375,110.85932922363281,179.13999938964844,22.69319725036621,22.699115753173828
2022-03-30,432.94036865234375,111.72417449951172,180.5800018310547,23.102163314819336,22.578420639038086
2022-03-31,426.27685546875,111.99552917480469,180.64999389648438,22.67579460144043,22.67325210571289
2022-04-01,427.4849853515625,112.4218521118164,179.5,22.823719024658203,22.70773696899414
2022-04-04,431.1471252441406,111.64057159423828,180.3699951171875,23.258787155151367,22.811187744140625
2022-04-05,425.70123291015625,109.11833190917969,179.24000549316406,23.067358016967773,22.931882858276367
2022-04-06,421.4443359375,108.23509216308594,179.66000366210938,22.884628295898438,22.94912338256836
2022-04-07,423.5680847167969,107.41986083984375,180.33999633789062,22.962940216064453,22.992229461669922
2022-04-08,422.4353942871094,106.25639343261719,181.47000122070312,23.25008773803711,22.992229461669922
2022-04-11,415.2150573730469,104.57492065429688,182.3699951171875,23.058656692504883,23.043956756591797
2022-04-12,413.67657470703125,104.4305648803711,183.77000427246094,23.74606704711914,23.121543884277344
2022-04-13,418.4146728515625,104.64285278320312,184.64999389648438,24.268146514892578,23.02671241760254
2022-04-14,413.20465087890625,102.54524993896484,184.0399932861328,24.450876235961914,23.130165100097656
2022-04-18,413.37457275390625,102.03572082519531,184.61000061035156,24.729320526123047,23.224998474121094
2022-04-19,420.0474853515625,101.27139282226562,181.82000732421875,24.0941219329834,23.276721954345703
2022-04-20,419.7359924316406,103.3095474243164,182.7100067138672,24.120222091674805,23.112924575805664
2022-04-21,413.4594421386719,102.54524993896484,182.05999755859375,24.085418701171875,23.18189239501953
2022-04-22,402.1145935058594,101.89981842041016,180.2899932861328,23.62424659729004,23.319826126098633
2022-04-25,404.4458312988281,102.9188461303711,177.0500030517578,23.450218200683594,23.431900024414062
2022-04-26,392.7327575683594,103.95497131347656,177.32000732421875,23.77216911315918,23.578458786010742
2022-04-27,393.83697509765625,102.62166595458984,175.97999572753906,23.9374942779541,23.72501564025879
2022-04-28,403.7851867675781,102.77452087402344,176.92999267578125,24.13762664794922,23.862953186035156
2022-04-29,388.86297607421875,101.44123077392578,176.91000366210938,23.954898834228516,23.76811981201172
2022-05-02,391.20367431640625,99.68285369873047,173.6300048828125,24.320358276367188,23.88881492614746
2022-05-03,392.9970397949219,100.35488891601562,174.08999633789062,23.981002807617188,23.84571075439453
2022-05-04,404.96490478515625,100.90785217285156,175.8000030517578,24.729320526123047,23.64742660522461
2022-05-05,390.5713195800781,98.14313507080078,175.1300048828125,24.598800659179688,23.84571075439453
2022-05-06,388.2400817871094,96.69697570800781,175.4199981689453,24.62490463256836,23.88881492614746
2022-05-09,375.80963134765625,97.54767608642578,172.8800048828125,23.511127471923828,23.897436141967773
2022-05-10,376.677978515625,98.43234252929688,171.4199981689453,23.371906280517578,23.94916343688965
2022-05-11,370.6940002441406,100.32938385009766,172.82000732421875,23.946197509765625,23.97502326965332
2022-05-12,370.3070373535156,100.14226531982422,170.1699981689453,24.059314727783203,24.181928634643555
2022-05-13,379.1602478027344,98.66206359863281,168.7899932861328,24.389968872070312,24.112960815429688
2022-05-16,377.6218566894531,98.55997467041016,170.39999389648438,24.79022979736328,24.018131256103516
2022-05-17,385.3896484375,97.36900329589844,169.3300018310547,24.520488739013672,23.819847106933594
2022-05-18,369.85400390625,99.4446792602539,169.4199981689453,23.989702224731445,23.940540313720703
2022-05-19,367.5887756347656,99.68285369873047,171.91000366210938,24.294252395629883,23.69053077697754
2022-05-20,367.7492370605469,100.81426239013672,172.02999877929688,24.329057693481445,23.742258071899414
2022-05-23,374.6297607421875,99.15546417236328,172.8300018310547,24.51178741455078,23.5267333984375
2022-05-24,371.77001953125,101.11203002929688,174.1300048828125,24.494382858276367,23.457761764526367
2022-05-25,375.05450439453125,101.5118179321289,173.0800018310547,24.668413162231445,23.543973922729492
2022-05-26,382.5486755371094,101.05248260498047,172.75999450683594,24.938154220581055,23.466384887695312
2022-05-27,391.9399108886719,101.29916381835938,172.85000610351562,25.2340030670166,23.41465950012207
2022-05-31,389.74072265625,99.15546417236328,171.13999938964844,25.059972763061523,23.457761764526367
2022-06-01,386.58831787109375,99.04209899902344,172.22999572753906,25.181793212890625,23.63880729675293
2022-06-02,393.95025634765625,99.09325408935547,174.35000610351562,25.756084442138672,23.431900024414062
2022-06-03,387.4849548339844,98.88018035888672,172.5800018310547,25.99972152709961,23.53535270690918
2022-06-06,388.664794921875,97.05648803710938,171.82000732421875,26.112838745117188,23.587080001831055
2022-06-07,392.3929748535156,98.10469818115234,172.94000244140625,26.286869049072266,23.561216354370117
2022-06-08,388.126708984375,97.2354507446289,172.77999877929688,26.521804809570312,23.630184173583984
2022-06-09,378.89599609375,97.55927276611328,172.22999572753906,26.5653133392334,23.80260467529297
2022-06-10,367.9096374511719,96.95423889160156,174.5399932861328,26.304269790649414,23.992267608642578
2022-06-13,353.9408874511719,93.9118881225586,169.92999267578125,26.008424758911133,24.225034713745117
2022-06-14,352.874267578125,92.72734832763672,168.57000732421875,25.721281051635742,24.276758193969727
2022-06-15,357.9049987792969,94.45731353759766,170.77000427246094,25.73868179321289,24.08709716796875
2022-06-16,346.0597229003906,95.2072525024414,172.69000244140625,25.85179901123047,23.85433006286621
2022-06-17,346.8056945800781,95.51400756835938,171.27000427246094,24.929452896118164,24.095718383789062
2022-06-21,355.5361022949219,93.89484405517578,170.6300048828125,24.86854362487793,24.009510040283203
2022-06-22,354.8915100097656,96.47698974609375,171.30999755859375,24.424772262573242,23.97502326965332
2022-06-23,358.3703918457031,97.26956176757812,170.25999450683594,23.8765869140625,24.00088882446289
2022-06-24,369.764404296875,95.92308807373047,170.08999633789062,24.10282325744629,23.94916343688965
2022-06-27,368.3519592285156,95.10494995117188,169.89999389648438,24.05061149597168,23.906057357788086
2022-06-28,360.8254699707031,95.54811096191406,169.6199951171875,24.337757110595703,24.04399299621582
2022-06-29,360.53167724609375,97.03943634033203,169.49000549316406,23.92009162902832,24.181928634643555
2022-06-30,357.6025695800781,97.89163970947266,168.4600067138672,23.18047332763672,24.104339599609375
2022-07-01,361.384765625,98.89664459228516,168.32000732421875,23.29359245300293,24.181928634643555
2022-07-05,362.0672607421875,99.67369842529297,164.75,21.727344512939453,24.526769638061523
2022-07-06,363.2900390625,98.0000991821289,162.13999938964844,21.405393600463867,24.63884162902832
2022-07-07,368.7310791015625,97.13768768310547,162.22999572753906,22.29293441772461,24.6474609375
2022-07-08,368.4277648925781,96.06175231933594,162.3000030517578,22.68449592590332,24.630220413208008
2022-07-11,364.2190246582031,97.71830749511719,161.42999267578125,22.640993118286133,24.91471290588379
2022-07-12,360.99609375,98.29895782470703,160.8300018310547,21.614225387573242,24.906091690063477
2022-07-13,359.1002502441406,99.42606353759766,161.60000610351562,21.736045837402344,24.854368209838867
2022-07-14,358.2281799316406,98.61486053466797,159.3300018310547,21.53591537475586,25.02678680419922
2022-07-15,365.0721740722656,99.16991424560547,159.00999450683594,21.814359664916992,24.880229949951172
2022-07-18,362.0578308105469,98.13671112060547,159.16000366210938,22.223323822021484,24.74229621887207
2022-07-19,371.84027099609375,97.6073226928711,159.5399932861328,22.31033706665039,24.587116241455078
2022-07-20,374.2100830078125,97.86347198486328,158.0399932861328,22.29293441772461,24.656084060668945
2022-07-21,378.020751953125,99.55413055419922,160.27000427246094,21.91877555847168,24.587116241455078
2022-07-22,374.5133972167969,101.2277603149414,160.6699981689453,21.65773582458496,24.55263328552246
2022-07-25,374.96844482421875,100.23722839355469,160.22999572753906,22.04929542541504,24.51814842224121
2022-07-26,370.5322570800781,100.31414031982422,160.0399932861328,22.092802047729492,24.707809448242188
2022-07-27,380.1534423828125,99.75054168701172,161.6699981689453,22.59748077392578,24.50090789794922
2022-07-28,384.9216003417969,100.54467010498047,163.63999938964844,22.614885330200195,24.483665466308594
2022-07-29,390.5332336425781,100.27142333984375,164.10000610351562,22.719301223754883,24.38883399963379
2022-08-01,389.3767395019531,102.68629455566406,165.02999877929688,22.258127212524414,24.294002532958984
2022-08-02,386.80792236328125,100.51348876953125,164.0500030517578,22.1450138092041,24.449180603027344
2022-08-03,392.8651428222656,102.09605407714844,164.4499969482422,21.95357894897461,24.51814842224121
2022-08-04,392.5997619628906,102.06181335449219,167.1699981689453,21.718645095825195,24.36297035217285
2022-08-05,391.9361877441406,99.63239288330078,165.2899932861328,21.64033317565918,24.569873809814453
2022-08-08,391.481201171875,101.24060821533203,166.69000244140625,21.90137481689453,24.535388946533203
2022-08-09,389.92657470703125,100.84709167480469,167.1999969482422,22.0841007232666,24.5095272064209
2022-08-10,398.1166076660156,100.18843078613281,166.77999877929688,22.388648986816406,24.242277145385742
2022-08-11,398.1166076660156,97.85309600830078,166.33999633789062,22.823719024658203,24.259519577026367
2022-08-12,404.8563232421875,98.84538269042969,167.8699951171875,22.701900482177734,24.35434913635254
2022-08-15,406.5246276855469,98.7598648071289,165.7100067138672,22.4234561920166,24.569873809814453
2022-08-16,407.3208923339844,99.17049407958984,165.4199981689453,22.171113967895508,24.56125259399414
2022-08-17,404.42974853515625,98.1353988647461,164.35000610351562,22.258127212524414,24.59573745727539
2022-08-18,405.60516357421875,98.28080749511719,163.9199981689453,22.59748077392578,24.785400390625
2022-08-19,400.1546630859375,96.69824981689453,162.72000122070312,22.58877944946289,24.940576553344727
2022-08-22,391.8223876953125,96.37319946289062,161.63999938964844,22.78891372680664,25.14748191833496
2022-08-23,390.87451171875,95.84284210205078,162.77000427246094,23.16307258605957,25.044029235839844
2022-08-24,392.12579345703125,95.14137268066406,163.25,23.40671157836914,25.061269760131836
2022-08-25,397.66168212890625,96.46729278564453,163.75,23.076059341430664,25.018165588378906
2022-08-26,384.2012023925781,97.19441986083984,161.75999450683594,23.17177391052246,25.112995147705078
2022-08-29,381.6607971191406,96.39030456542969,161.86000061035156,23.511127471923828,25.121618270874023
2022-08-30,377.4709167480469,96.62981414794922,160.50999450683594,22.858524322509766,25.112995147705078
2022-08-31,374.5987243652344,95.70597839355469,159.27000427246094,22.379947662353516,25.09575653076172
2022-09-01,375.7742004394531,93.95376586914062,157.8699951171875,21.90137481689453,25.319902420043945
2022-09-02,371.8118591308594,94.48526000976562,159.25999450683594,22.04929542541504,25.328521728515625
2022-09-06,370.40899658203125,92.14497375488281,158.3300018310547,21.91877555847168,25.475078582763672
2022-09-07,377.0633239746094,93.60227966308594,159.94000244140625,21.396692276000977,25.294038772583008
2022-09-08,379.5279541015625,92.64215087890625,158.97999572753906,21.483705520629883,25.34576416015625
2022-09-09,385.4239501953125,92.84789276123047,159.82000732421875,22.092802047729492,25.164722442626953
2022-09-12,389.5664367675781,92.08499908447266,160.6300048828125,22.39735221862793,25.035409927368164
2022-09-13,372.6270751953125,92.29927825927734,158.5399932861328,22.28423500061035,25.3802490234375
2022-09-14,374.04901123046875,92.616455078125,157.92999267578125,22.379947662353516,25.328521728515625
2022-09-15,369.80230712890625,92.55646514892578,154.97999572753906,21.727344512939453,25.34576416015625
2022-09-16,366.9810791015625,91.78492736816406,155.83999633789062,21.649030685424805,25.34576416015625
2022-09-19,369.8269958496094,91.99925994873047,155.9600067138672,21.718645095825195,25.328521728515625
2022-09-20,365.5819091796875,91.08199310302734,155.07000732421875,21.69253921508789,25.44921875
2022-09-21,359.2047424316406,92.60787200927734,155.7899932861328,21.56201934814453,25.69922637939453
2022-09-22,356.1875305175781,90.24187469482422,155.6999969482422,21.622928619384766,25.73371124267578
2022-09-23,350.21966552734375,90.61052703857422,153.00999450683594,20.892013549804688,26.138896942138672
2022-09-26,346.7550048828125,88.8788833618164,151.22999572753906,20.404735565185547,26.432010650634766
2022-09-27,345.8699035644531,86.53858184814453,151.5399932861328,20.622270584106445,26.44063377380371
2022-09-28,352.67535400390625,89.43610382080078,154.69000244140625,21.19655990600586,26.095792770385742
2022-09-29,345.3083801269531,88.97318267822266,154.66000366210938,21.066038131713867,25.992340087890625
2022-09-30,339.9686279296875,87.82447814941406,154.6699981689453,20.80500030517578,25.992340087890625
2022-10-03,348.9442443847656,89.21995544433594,158.42999267578125,21.274873733520508,25.871646881103516
2022-10-04,359.7568054199219,88.97077178955078,160.6999969482422,21.849166870117188,25.518186569213867
2022-10-05,358.919189453125,88.12007141113281,159.80999755859375,22.240726470947266,25.759572982788086
2022-10-06,355.2166442871094,87.63026428222656,159.6300048828125,22.379947662353516,26.01820182800293
2022-10-07,345.3083801269531,86.77957916259766,157.8800048828125,22.614885330200195,26.12165641784668
2022-10-10,342.6717834472656,85.43050384521484,155.47999572753906,22.362546920776367,26.23373031616211
2022-10-11,340.5016174316406,85.8085708618164,155.16000366210938,22.04059410095215,26.2509708404541
2022-10-12,339.37847900390625,86.22962188720703,155.99000549316406,22.04059410095215,26.2509708404541
2022-10-13,348.3350830078125,85.40471649169922,154.91000366210938,22.345144271850586,26.078550338745117
2022-10-14,340.3969421386719,84.7000732421875,152.97999572753906,21.90137481689453,26.25959014892578
2022-10-17,349.1441345214844,84.28764343261719,153.4199981689453,21.849166870117188,25.992340087890625
2022-10-18,353.2463684082031,84.48529052734375,153.75,21.614225387573242,25.97509765625
2022-10-19,350.7431335449219,82.9471435546875,151.69000244140625,21.605525970458984,26.16476058959961
2022-10-20,347.80206298828125,81.52934265136719,151.4499969482422,21.622928619384766,26.182003021240234
2022-10-21,356.25421142578125,80.05992126464844,154.14999389648438,21.649030685424805,25.957857131958008
2022-10-24,360.6134338378906,79.39826965332031,153.64999389648438,21.709941864013672,25.983718872070312
2022-10-25,366.3719177246094,81.70977783203125,154.0,21.831762313842773,25.69922637939453
2022-10-26,363.6116943359375,82.88697814941406,154.97999572753906,22.240726470947266,25.431974411010742
2022-10-27,361.6699523925781,83.75485229492188,154.74000549316406,22.275531768798828,25.630258560180664
2022-10-28,370.27435302734375,83.17916107177734,153.16000366210938,22.014490127563477,25.673364639282227
2022-10-31,367.5997619628906,82.58626556396484,151.91000366210938,21.857866287231445,25.88888931274414
2022-11-01,365.99127197265625,83.35807037353516,153.4600067138672,22.188518524169922,25.880268096923828
2022-11-02,356.80615234375,82.99629974365234,152.38999938964844,22.388648986816406,25.992340087890625
2022-11-03,353.1322021484375,82.54833221435547,151.80999755859375,22.371244430541992,26.20786476135254
2022-11-04,358.21490478515625,81.16149139404297,156.47000122070312,23.128267288208008,25.716468811035156
2022-11-07,361.6414489746094,80.3517837524414,155.85000610351562,22.92813491821289,25.569910049438477
2022-11-08,363.5926513671875,81.23041534423828,159.4499969482422,22.649690628051758,25.45783805847168
2022-11-09,356.1018981933594,81.49742889404297,158.64999389648438,22.127609252929688,25.647499084472656
2022-11-10,375.67108154296875,84.6329345703125,163.47999572753906,22.327741622924805,25.061269760131836
2022-11-11,379.30712890625,84.32282257080078,164.55999755859375,22.754108428955078,24.699188232421875
2022-11-14,376.0804138183594,84.1161117553711,164.9199981689453,22.41475486755371,24.811262130737305
2022-11-15,379.2879943847656,85.47711181640625,165.5,22.67579460144043,24.725051879882812
2022-11-16,376.39459228515625,87.34637451171875,165.1199951171875,22.4234561920166,24.67332649230957
2022-11-17,375.24285888671875,86.42469787597656,163.9199981689453,22.04929542541504,24.768156051635742
2022-11-18,376.94659423828125,85.83030700683594,162.7899932861328,21.892669677734375,24.83712387084961
2022-11-21,375.5760192871094,86.19209289550781,161.8800048828125,21.814359664916992,25.052648544311523
2022-11-22,380.63006591796875,87.41529083251953,162.07000732421875,22.04059410095215,24.897472381591797
2022-11-23,383.02862548828125,88.93994140625,163.0800018310547,21.736045837402344,24.63884162902832
2022-11-25,382.9430236816406,88.63848114013672,163.22000122070312,21.54461669921875,24.63884162902832
2022-11-28,376.83233642578125,88.88829040527344,161.92999267578125,21.41409683227539,24.819883346557617
2022-11-29,376.1850891113281,87.84599304199219,162.72999572753906,21.69253921508789,24.86298942565918
2022-11-30,388.0352783203125,88.49203491210938,164.80999755859375,22.17981719970703,24.664705276489258
2022-12-01,387.7497253417969,91.3189697265625,167.83999633789062,22.066699981689453,24.36297035217285
2022-12-02,387.30230712890625,92.46739196777344,167.25999450683594,21.831762313842773,24.337106704711914
2022-12-05,380.33502197265625,91.17218780517578,164.38999938964844,21.266172409057617,24.535388946533203
2022-12-06,374.8525695800781,92.34651947021484,164.83999633789062,20.92681884765625,24.55263328552246
2022-12-07,374.21484375,94.52240753173828,166.3300018310547,20.822399139404297,24.47504234313965
2022-12-08,377.1464538574219,94.26338195800781,166.47000122070312,20.787595748901367,24.39745330810547
2022-12-09,374.3291015625,91.81116485595703,167.05999755859375,20.813701629638672,24.449180603027344
2022-12-12,379.72589111328125,92.1047134399414,165.67999267578125,21.039936065673828,24.466421127319336
2022-12-13,382.6003723144531,92.99405670166016,168.50999450683594,21.387990951538086,24.250896453857422
2022-12-14,380.1542053222656,93.39129638671875,168.10000610351562,21.55331802368164,24.138824462890625
2022-12-15,370.8549499511719,93.75568389892578,165.35000610351562,21.29227638244629,24.36297035217285
2022-12-16,366.4765930175781,92.70835876464844,166.7899932861328,21.022533416748047,24.40607452392578
2022-12-19,363.3689880371094,91.150390625,166.32000732421875,20.983139038085938,24.41216278076172
2022-12-20,363.8662414550781,89.53182220458984,169.0800018310547,21.079435348510742,24.246919631958008
2022-12-21,369.3069152832031,89.75686645507812,168.8000030517578,21.350805282592773,24.307798385620117
2022-12-22,364.038330078125,89.73954772949219,166.75999450683594,21.079435348510742,24.342588424682617
2022-12-23,366.13238525390625,88.42391967773438,167.25999450683594,21.4646053314209,24.333890914916992
2022-12-27,364.6885681152344,86.67554473876953,168.6699981689453,21.657190322875977,24.325191497802734
2022-12-28,360.15625,86.16484069824219,167.91000366210938,21.412080764770508,24.41216278076172
2022-12-29,366.6391296386719,87.14292907714844,168.85000610351562,21.385820388793945,24.264314651489258
2022-12-30,365.6734313964844,86.17353820800781,169.63999938964844,21.578407287597656,24.1860408782959
2023-01-03,364.13397216796875,87.81804656982422,171.05999755859375,21.061925888061523,24.446950912475586
2023-01-04,366.9451599121094,89.0211410522461,172.6699981689453,20.68550682067871,24.3599796295166
2023-01-05,362.7570495605469,89.39335632324219,170.52000427246094,20.580461502075195,24.586101531982422
2023-01-06,371.0758361816406,91.03787231445312,173.7100067138672,20.69426155090332,24.264314651489258
2023-01-09,370.865478515625,91.52256774902344,174.10000610351562,20.93937110900879,24.11646842956543
2023-01-10,373.46630859375,90.00786590576172,174.74000549316406,20.93937110900879,24.133861541748047
2023-01-11,378.18988037109375,91.47064208984375,174.6199951171875,21.31578826904297,24.133861541748047
2023-01-12,379.5667724609375,93.2709732055664,176.63999938964844,21.490867614746094,23.899044036865234
2023-01-13,381.0393371582031,92.39676666259766,178.75999450683594,21.700963973999023,23.890348434448242
2023-01-17,380.34124755859375,91.79953002929688,177.58999633789062,21.84977912902832,23.959922790527344
2023-01-18,374.33642578125,94.02398681640625,177.0800018310547,21.61342430114746,23.959922790527344
2023-01-19,371.611328125,93.43540954589844,179.88999938964844,21.832271575927734,23.899044036865234
2023-01-20,378.53411865234375,91.92074584960938,179.2899932861328,21.963579177856445,23.864259719848633
2023-01-23,383.0759582519531,91.48793029785156,179.6300048828125,22.016101837158203,23.899044036865234
2023-01-24,382.664794921875,92.8035888671875,180.27999877929688,21.8935489654541,23.872957229614258
2023-01-25,382.8081970214844,93.02864074707031,181.11000061035156,21.832271575927734,23.7946834564209
2023-01-26,387.01544189453125,92.59584045410156,179.47000122070312,21.928564071655273,23.855562210083008
2023-01-27,387.9046936035156,92.36213684082031,179.22000122070312,21.683454513549805,23.890348434448242
2023-01-30,383.0377197265625,92.02458953857422,178.75999450683594,21.403329849243164,23.977317810058594
2023-01-31,388.66961669921875,92.76029968261719,179.41000366210938,21.770994186401367,23.92513656616211
2023-02-01,392.80035400390625,93.87539672851562,181.6699981689453,21.359560012817383,23.699016571044922
2023-02-02,398.5183410644531,93.99687194824219,177.89999389648438,21.201988220214844,23.855562210083008
2023-02-03,394.2824401855469,92.5910873413086,173.4600067138672,20.667999267578125,24.168651580810547
2023-02-06,391.8728332519531,91.90556335449219,173.82000732421875,20.729278564453125,24.307798385620117
2023-02-07,396.9979553222656,91.16795349121094,173.97999572753906,21.12320327758789,24.264314651489258
2023-02-08,392.656982421875,91.60183715820312,174.41000366210938,21.16697120666504,24.290407180786133
2023-02-09,389.25286865234375,90.73403930664062,173.02999877929688,21.000648498535156,24.255617141723633
2023-02-10,390.1612854003906,89.71875762939453,173.36000061035156,21.298280715942383,24.333890914916992
2023-02-13,394.7414245605469,90.47373962402344,172.47999572753906,21.254512786865234,24.264314651489258
2023-02-14,394.5596923828125,90.26544952392578,172.61000061035156,21.324542999267578,24.246919631958008
2023-02-15,395.8410339355469,89.42372131347656,170.88999938964844,21.096940994262695,24.41216278076172
2023-02-16,390.3907470703125,88.15679168701172,170.75,21.035663604736328,24.446950912475586
2023-02-17,389.4154968261719,88.84232330322266,171.25999450683594,20.878093719482422,24.429555892944336
2023-02-21,381.60345458984375,87.11544799804688,170.6199951171875,20.904354095458984,24.507827758789062
2023-02-22,381.0775451660156,87.91381072998047,169.66000366210938,20.632984161376953,24.586101531982422
2023-02-23,383.1047058105469,88.77289581298828,169.57000732421875,20.79055404663086,24.594797134399414
2023-02-24,379.01220703125,87.6187515258789,168.35000610351562,20.720523834228516,24.77743148803711
2023-02-27,380.3030090332031,87.86174774169922,169.00999450683594,20.73802947998047,24.6469783782959
2023-02-28,378.8974304199219,88.26092529296875,169.77999877929688,20.79930877685547,24.716552734375
2023-03-01,377.4440612792969,87.31269073486328,170.75999450683594,21.158218383789062,24.586101531982422
2023-03-02,380.3795166015625,86.53849029541016,170.66000366210938,21.079435348510742,24.716552734375
2023-03-03,386.47998046875,88.63497161865234,172.49000549316406,21.412080764770508,24.620885848999023
2023-03-06,386.7477111816406,87.94772338867188,171.6199951171875,21.307035446166992,24.586101531982422
2023-03-07,380.8193664550781,88.4870834350586,168.6199951171875,20.869340896606445,24.890491485595703
2023-03-08,381.4408874511719,88.57405853271484,168.5399932861328,20.755537033081055,24.881793975830078
2023-03-09,374.4034118652344,88.79157257080078,170.1999969482422,20.501676559448242,24.812219619750977
2023-03-10,369.0009765625,91.85362243652344,173.8699951171875,20.720523834228516,24.655675888061523
2023-03-13,368.47503662109375,92.06242370605469,177.86000061035156,20.589214324951172,24.429555892944336
2023-03-14,374.56597900390625,90.54875183105469,176.8300018310547,20.326595306396484,24.429555892944336
2023-03-15,372.2232666015625,92.29727935791016,178.2100067138672,19.853885650634766,24.690462112426758
2023-03-16,378.7539978027344,91.57524871826172,178.57000732421875,19.915163040161133,24.664371490478516
2023-03-17,374.32525634765625,92.94972229003906,183.77000427246094,19.853885650634766,24.525222778320312
2023-03-20,377.92474365234375,92.13200378417969,183.83999633789062,19.93267059326172,24.386072158813477
2023-03-21,382.8870849609375,91.34036254882812,180.3699951171875,20.002702713012695,24.37737464904785
2023-03-22,376.3602294921875,92.55826568603516,183.44000244140625,20.055225372314453,24.194738388061523
2023-03-23,377.3776550292969,92.55826568603516,185.74000549316406,20.002702713012695,24.229528427124023
2023-03-24,379.8539733886719,92.94972229003906,183.64999389648438,20.0989933013916,24.37737464904785
2023-03-27,380.56427001953125,90.76622772216797,181.9499969482422,20.475412368774414,24.299102783203125
2023-03-28,379.7099609375,90.93155670166016,183.44000244140625,20.571706771850586,24.212133407592773
2023-03-29,385.22906494140625,90.74887084960938,182.52999877929688,20.440399169921875,24.273012161254883
2023-03-30,387.4847106933594,91.16642761230469,184.17999267578125,20.589214324951172,24.159954071044922
2023-03-31,392.9461669921875,92.53217315673828,183.22000122070312,20.781801223754883,24.246919631958008
2023-04-03,394.4434509277344,92.96734619140625,184.5399932861328,21.12320327758789,24.133861541748047
2023-04-04,392.2550354003906,93.4295654296875,187.97999572753906,21.096940994262695,24.038196563720703
2023-04-05,391.22802734375,94.40636444091797,187.8300018310547,21.17572784423828,24.107770919799805
2023-04-06,392.7541198730469,94.65050506591797,186.49000549316406,21.114450454711914,24.125164031982422
2023-04-10,393.1572570800781,93.12432861328125,185.11000061035156,21.114450454711914,24.264314651489258
2023-04-11,393.2628173828125,93.31619262695312,186.27999877929688,21.228248596191406,24.17734718322754
2023-04-12,391.65997314453125,93.22024536132812,187.19000244140625,21.394575119018555,24.046894073486328
2023-04-13,396.8622131347656,92.4876937866211,189.72000122070312,21.394575119018555,23.933835983276367
2023-04-14,395.892822265625,91.6417465209961,186.36000061035156,21.42083740234375,24.072982788085938
2023-04-17,397.3133850097656,90.55159759521484,185.52999877929688,21.333297729492188,24.194738388061523
2023-04-18,397.572509765625,90.87427520751953,186.25,21.377065658569336,24.107770919799805
2023-04-19,397.50531005859375,90.78705596923828,185.36000061035156,21.079435348510742,24.159954071044922
2023-04-20,395.3360900878906,91.56326293945312,186.08999633789062,20.89560317993164,24.159954071044922
2023-04-21,395.64324951171875,91.04869079589844,184.25,20.851831436157227,24.133861541748047
2023-04-24,396.05596923828125,91.92952728271484,184.80999755859375,21.018156051635742,24.055591583251953
2023-04-25,389.76904296875,93.28131103515625,185.75,20.720523834228516,24.168651580810547
2023-04-26,388.1181640625,92.28710174560547,184.74000549316406,20.40538215637207,24.090377807617188
2023-04-27,395.8448486328125,91.37137603759766,184.75,20.431644439697266,24.09907341003418
2023-04-28,399.223388671875,92.84524536132812,184.8000030517578,20.624229431152344,24.133861541748047
2023-05-01,398.8203125,90.16809844970703,183.97000122070312,20.44915199279785,24.255617141723633
2023-05-02,394.337890625,92.41509246826172,187.52000427246094,19.985193252563477,24.194738388061523
2023-05-03,391.631103515625,92.93092346191406,189.11000061035156,19.731332778930664,24.064287185668945
2023-05-04,388.85723876953125,92.01290130615234,190.44000244140625,19.810115814208984,24.090377807617188
2023-05-05,396.05596923828125,91.70690155029297,187.4600067138672,20.25656509399414,24.055591583251953
2023-05-08,396.16156005859375,90.42164611816406,187.69000244140625,20.352859497070312,24.090377807617188
2023-05-09,394.42425537109375,90.0981674194336,189.02000427246094,20.414134979248047,24.168651580810547
2023-05-10,396.26708984375,90.97247314453125,188.75,20.352859497070312,24.125164031982422
2023-05-11,395.5760498046875,91.93419647216797,187.1300048828125,20.002702713012695,24.281709671020508
2023-05-12,395.0577697753906,91.16478729248047,186.80999755859375,19.845130920410156,24.43825340270996
2023-05-15,396.42071533203125,90.22055053710938,187.2100067138672,20.072734832763672,24.368677139282227
2023-05-16,393.7715759277344,89.94954681396484,184.8699951171875,19.853885650634766,24.429555892944336
2023-05-17,398.5515441894531,89.6872329711914,184.22999572753906,20.090242385864258,24.473039627075195
2023-05-18,402.3908996582031,89.02274322509766,181.83999633789062,19.906408309936523,24.655675888061523
2023-05-19,401.805419921875,88.39323425292969,183.63999938964844,19.88014793395996,24.586101531982422
2023-05-22,401.9685363769531,88.07848358154297,183.2100067138672,19.897653579711914,24.603492736816406
2023-05-23,397.45733642578125,88.33203125,183.42999267578125,19.9764404296875,24.67306900024414
2023-05-24,394.57781982421875,87.8948745727539,181.9499969482422,19.985193252563477,24.760038375854492
2023-05-25,397.994873046875,87.67633056640625,180.1999969482422,19.670053482055664,24.873098373413086
2023-05-26,403.14910888671875,88.38451385498047,180.9199981689453,19.985193252563477,24.86440086364746
2023-05-30,403.30267333984375,89.26753234863281,182.0399932861328,19.521236419677734,24.83831024169922
2023-05-31,401.0663757324219,90.04569244384766,182.32000732421875,19.30238914489746,24.881793975830078
2023-06-01,404.8768310546875,90.39897918701172,183.75999450683594,19.617528915405273,24.586101531982422
2023-06-02,410.73187255859375,89.40839385986328,181.0500030517578,19.87139320373535,24.84700584411621
2023-06-05,409.94476318359375,89.24180603027344,182.13999938964844,19.81886863708496,24.80352210998535
2023-06-06,410.83740234375,89.7677993774414,182.33999633789062,19.845130920410156,24.881793975830078
2023-06-07,409.4168395996094,88.43528747558594,180.14999389648438,19.923917770385742,24.890491485595703
2023-06-08,411.89324951171875,89.46974182128906,182.52999877929688,19.95893096923828,24.690462112426758
2023-06-09,412.6322937011719,89.34701538085938,182.0399932861328,19.836376190185547,24.768733978271484
2023-06-12,416.3756103515625,89.60999298095703,181.8800048828125,19.565006256103516,24.77743148803711
2023-06-13,419.1208190917969,88.724609375,180.5399932861328,19.82762336730957,24.699159622192383
2023-06-14,419.6199035644531,89.4346694946289,180.63999938964844,19.87139320373535,24.577404022216797
2023-06-15,424.82220458984375,90.2938003540039,181.91000366210938,20.291582107543945,24.43825340270996
2023-06-16,423.3751525878906,89.94314575195312,181.6300048828125,20.54544448852539,24.481735229492188
2023-06-20,421.1785888671875,90.56555938720703,179.75,20.36161231994629,24.551311492919922
2023-06-21,419.0206298828125,90.78469848632812,179.49000549316406,20.65924644470215,24.43825340270996
2023-06-22,420.53314208984375,89.68891143798828,177.7100067138672,20.274072647094727,24.525222778320312
2023-06-23,417.3538818359375,90.58306884765625,178.1999969482422,20.055225372314453,24.655675888061523
2023-06-26,415.648681640625,90.67952728271484,178.50999450683594,20.08148765563965,24.62958526611328
2023-06-27,420.2055969238281,90.44281005859375,177.69000244140625,19.757591247558594,24.568706512451172
2023-06-28,420.4175720214844,90.82854461669922,177.27999877929688,19.69631576538086,24.681764602661133
2023-06-29,422.0745544433594,89.1892318725586,177.08999633789062,19.705068588256836,24.7861270904541
2023-06-30,427.0552978515625,90.24120330810547,178.27000427246094,19.87139320373535,24.681764602661133
2023-07-03,427.54669189453125,89.72959899902344,178.47000122070312,19.87139320373535,24.707855224609375
2023-07-05,426.910888671875,88.87696838378906,177.83999633789062,19.993947982788086,24.8209171295166
2023-07-06,423.5678405761719,87.61998748779297,177.30999755859375,19.950180053710938,24.760038375854492
2023-07-07,422.4984436035156,87.09257507324219,178.63999938964844,20.116500854492188,24.551311492919922
2023-07-10,423.5678405761719,87.20685577392578,178.77999877929688,20.160274505615234,24.490432739257812
2023-07-11,426.265380859375,87.65513610839844,179.4499969482422,20.396625518798828,24.429555892944336
2023-07-12,429.6950378417969,88.63084411621094,181.8800048828125,20.54544448852539,24.142559051513672
2023-07-13,433.1054382324219,89.56258392333984,182.00999450683594,20.83432388305664,23.977317810058594
2023-07-14,432.8357238769531,89.03519439697266,181.42999267578125,20.69426155090332,24.020801544189453
2023-07-17,434.338623046875,89.07913208007812,181.55999755859375,20.527936935424805,23.994712829589844
2023-07-18,437.5660400390625,89.48345947265625,183.63999938964844,20.79930877685547,24.012104034423828
2023-07-19,438.5390625,90.49433898925781,183.6699981689453,20.913108825683594,24.107770919799805
2023-07-20,435.6296081542969,89.39558410644531,182.74000549316406,20.97438621520996,24.246919631958008
2023-07-21,435.6296081542969,89.42193603515625,182.17999267578125,21.08818817138672,24.31649398803711
2023-07-24,437.5756530761719,89.09672546386719,181.39999389648438,21.4646053314209,24.403465270996094
2023-07-25,438.7702941894531,88.9297103881836,182.41000366210938,21.543392181396484,24.37737464904785
2023-07-26,438.83770751953125,89.01762390136719,183.3000030517578,21.438344955444336,24.307798385620117
2023-07-27,435.92822265625,87.28595733642578,180.4199981689453,21.385820388793945,24.533918380737305
2023-07-28,440.1960754394531,87.73424530029297,181.86000061035156,21.51712989807129,24.499130249023438
2023-07-31,441.0343017578125,87.94519805908203,182.35000610351562,21.60466957092285,24.542613983154297
2023-08-01,439.77215576171875,86.5040512084961,180.4600067138672,21.490867614746094,24.655675888061523
2023-08-02,433.65460205078125,85.57857513427734,179.60000610351562,21.16697120666504,24.742645263671875
2023-08-03,432.4118347167969,83.60411071777344,179.5399932861328,21.36831283569336,24.725248336791992
2023-08-04,430.4561462402344,85.08493041992188,180.19000244140625,21.403329849243164,24.603492736816406
2023-08-07,434.2133483886719,84.24759674072266,179.77999877929688,21.412080764770508,24.620885848999023
2023-08-08,432.3251647949219,85.22598266601562,178.63999938964844,21.385820388793945,24.73394775390625
2023-08-09,429.4349365234375,85.66670989990234,177.7899932861328,21.534637451171875,24.751340866088867
2023-08-10,429.58905029296875,84.25637817382812,177.60000610351562,21.42083740234375,24.794824600219727
2023-08-11,429.3385925292969,84.0624771118164,177.60000610351562,21.385820388793945,24.84700584411621
2023-08-14,431.70855712890625,83.87737274169922,177.05999755859375,21.280773162841797,24.933977127075195
2023-08-15,426.67962646484375,83.36615753173828,176.58999633789062,21.02691078186035,24.942672729492188
2023-08-16,423.54852294921875,82.7138900756836,175.57000732421875,20.93937110900879,25.01224708557129
2023-08-17,420.32122802734375,82.36133575439453,175.3000030517578,20.99189567565918,25.003549575805664
2023-08-18,420.52349853515625,82.65218353271484,175.3300018310547,21.14071273803711,25.020944595336914
2023-08-21,423.2595520019531,81.5503921508789,175.80999755859375,21.08818817138672,24.994853973388672
2023-08-22,422.11309814453125,82.17620849609375,176.10000610351562,21.096940994262695,25.081823348999023
2023-08-23,426.8144836425781,84.21234893798828,177.88999938964844,21.14071273803711,24.994853973388672
2023-08-24,420.8992614746094,83.65701293945312,177.85000610351562,21.158218383789062,25.194881439208984
2023-08-25,423.8664855957031,83.93025970458984,177.6199951171875,21.36831283569336,25.22966957092285
2023-08-28,426.55438232421875,84.01837921142578,178.1300048828125,21.333297729492188,25.18618392944336
2023-08-29,432.7201232910156,84.89102935791016,179.8699951171875,21.412080764770508,25.047035217285156
2023-08-30,434.50244140625,84.8028793334961,180.32000732421875,21.438344955444336,25.003549575805664
2023-08-31,433.86651611328125,85.18191528320312,180.02000427246094,21.525882720947266,25.12530517578125
2023-09-01,434.6758117675781,83.85487365722656,180.11000061035156,21.779747009277344,25.281850814819336
2023-09-05,432.7972106933594,82.67908477783203,178.63999938964844,21.884794235229492,25.412302017211914
2023-09-06,429.88775634765625,82.8824462890625,177.8300018310547,21.937314987182617,25.42099952697754
2023-09-07,428.56787109375,83.11227416992188,178.02000427246094,21.8935489654541,25.48187828063965
2023-09-08,429.2132873535156,83.43054962158203,178.0800018310547,21.937314987182617,25.50796890258789
2023-09-11,432.0361328125,82.82938385009766,178.41000366210938,22.068626403808594,25.386213302612305
2023-09-12,429.6661376953125,83.30677795410156,177.49000549316406,22.147409439086914,25.429698944091797
2023-09-13,430.1670837402344,83.28907775878906,177.0800018310547,22.21744155883789,25.447092056274414
2023-09-14,433.87615966796875,82.68791961669922,177.1699981689453,22.401277542114258,25.603635787963867
2023-09-15,428.6487731933594,82.1839828491211,178.33999633789062,22.348752975463867,25.586240768432617
2023-09-18,428.9001159667969,82.65257263183594,179.38999938964844,22.34000015258789,25.54275894165039
2023-09-19,428.0106201171875,82.04256439208984,179.22000122070312,22.357505798339844,25.560152053833008
2023-09-20,424.07574462890625,82.29890441894531,179.35000610351562,22.173673629760742,25.603635787963867
2023-09-21,417.0665283203125,80.18598175048828,178.0500030517578,22.103641510009766,25.621028900146484
2023-09-22,416.1286926269531,80.83135986328125,178.6199951171875,22.12114906311035,25.681909561157227
2023-09-25,417.87860107421875,78.8421630859375,177.6999969482422,22.016101837158203,25.777572631835938
2023-09-26,411.7394104003906,78.56812286376953,176.27999877929688,21.98984146118164,25.855846405029297
2023-09-27,411.9037780761719,78.16143798828125,174.10000610351562,22.112396240234375,25.977603912353516
2023-09-28,414.291748046875,78.40013885498047,173.22999572753906,22.086132049560547,25.838451385498047
2023-09-29,413.2862854003906,78.40899658203125,171.4499969482422,21.84977912902832,25.855846405029297
2023-10-02,413.1219787597656,77.09639739990234,169.64999389648438,21.683454513549805,26.055871963500977
2023-10-03,407.59185791015625,75.43793487548828,169.16000366210938,21.587160110473633,26.08196449279785
2023-10-04,410.5599060058594,76.50215911865234,169.13999938964844,20.983139038085938,26.003690719604492
2023-10-05,410.4052734375,76.12081146240234,168.8300018310547,20.860586166381836,25.916723251342773
2023-10-06,415.2779235839844,75.19847869873047,169.6999969482422,20.93937110900879,25.864543914794922
2023-10-09,417.9366149902344,76.96336364746094,172.82000732421875,21.377065658569336,25.855846405029297
2023-10-10,420.1119079589844,76.85693359375,172.52999877929688,21.324542999267578,25.794967651367188
2023-10-11,421.8328552246094,78.46217346191406,173.7899932861328,21.201988220214844,25.794967651367188
2023-10-12,419.2611389160156,76.33367919921875,173.25999450683594,21.193233489990234,26.012388229370117
2023-10-13,417.1728515625,77.69947814941406,178.8300018310547,21.75348472595215,26.02978515625
2023-10-16,421.5621337890625,76.44895935058594,177.9600067138672,21.683454513549805,25.916723251342773
2023-10-17,421.5427551269531,75.60643005371094,178.2899932861328,21.744731903076172,25.9254207611084
2023-10-18,415.9256896972656,74.9412841796875,180.8699951171875,21.937314987182617,26.021085739135742
2023-10-19,412.2711486816406,73.40696716308594,183.08999633789062,22.164918899536133,25.942813873291016
2023-10-20,407.2051696777344,73.82380676269531,183.58999633789062,21.998594284057617,25.95151138305664
2023-10-23,406.4993591308594,74.71068572998047,182.97000122070312,21.858531951904297,25.821056365966797
2023-10-24,409.5640869140625,75.69511413574219,182.9499969482422,21.622177124023438,25.96890640258789
2023-10-25,403.68597412109375,74.01007080078125,183.72000122070312,21.779747009277344,26.038482666015625
2023-10-26,398.8519592285156,75.14529418945312,184.00999450683594,21.59591293334961,26.0993595123291
2023-10-27,397.0441589355469,74.82601928710938,186.14999389648438,21.884794235229492,26.0645694732666
2023-10-30,401.79107666015625,74.48895263671875,185.10000610351562,21.534637451171875,25.960208892822266
2023-10-31,404.3144836425781,74.1253433227539,184.08999633789062,21.455852508544922,26.116750717163086
2023-11-01,408.6263732910156,75.7325668334961,183.50999450683594,21.490867614746094,26.12544822692871
2023-11-02,416.4573974609375,77.45899963378906,184.1199951171875,21.718469619750977,25.994993209838867
2023-11-03,420.2569580078125,77.98407745361328,184.7899932861328,21.60466957092285,25.751483917236328
2023-11-06,421.2237243652344,77.22764587402344,183.35000610351562,21.69220733642578,25.777572631835938
2023-11-07,422.4225769042969,78.36669921875,182.58999633789062,21.228248596191406,25.864543914794922
2023-11-08,422.73193359375,79.70160675048828,180.77000427246094,20.99189567565918,25.855846405029297
2023-11-09,419.4351501464844,77.86839294433594,181.49000549316406,20.93937110900879,25.96890640258789
2023-11-10,425.9803161621094,78.304443359375,179.50999450683594,21.044418334960938,25.95151138305664
2023-11-13,425.5743103027344,78.12644958496094,180.50999450683594,21.350805282592773,25.916723251342773
2023-11-14,433.83074951171875,79.89742279052734,182.1199951171875,21.31578826904297,25.50796890258789
2023-11-15,434.7491760253906,78.77610778808594,181.63999938964844,21.17572784423828,25.603635787963867
2023-11-16,435.2809753417969,79.75501251220703,183.69000244140625,20.667999267578125,25.621028900146484
2023-11-17,435.82232666015625,80.12876892089844,183.6699981689453,20.965633392333984,25.48187828063965
2023-11-20,439.17718505859375,80.61823272705078,183.3699951171875,21.228248596191406,25.403606414794922
2023-11-21,438.2199401855469,80.5826416015625,185.35000610351562,21.350805282592773,25.429698944091797
2023-11-22,439.911865234375,80.86741638183594,184.55999755859375,21.16697120666504,25.516666412353516
2023-11-24,440.1825256347656,79.91522216796875,185.52000427246094,21.02691078186035,25.403606414794922
2023-11-27,439.3898010253906,81.25008392333984,186.77000427246094,20.8868465423584,25.351425170898438
2023-11-28,439.82489013671875,81.4102554321289,189.25999450683594,21.14071273803711,25.26445770263672
2023-11-29,439.5155029296875,82.43368530273438,189.5399932861328,21.289527893066406,25.290546417236328
2023-11-30,441.2460632324219,81.4814682006836,188.75,20.930618286132812,25.473182678222656
2023-12-01,443.8564453125,83.01609802246094,192.00999450683594,20.83432388305664,25.39491081237793
2023-12-04,441.5264892578125,82.685791015625,187.86000061035156,20.69426155090332,25.50796890258789
2023-12-05,441.439453125,84.46234893798828,187.14999389648438,20.51042938232422,25.603635787963867
2023-12-06,439.6605529785156,85.58718872070312,187.83999633789062,20.011457443237305,25.664514541625977
2023-12-07,443.01531982421875,85.09618377685547,188.14999389648438,20.046470642089844,25.525362014770508
2023-12-08,444.919921875,84.39984130859375,185.63999938964844,20.134010314941406,25.621028900146484
2023-12-11,446.6504211425781,84.22127532958984,183.58999633789062,20.063980102539062,25.65581703186035
2023-12-12,448.6904602050781,84.47126007080078,183.49000549316406,19.757591247558594,25.586240768432617
2023-12-13,454.8778991699219,86.453125,187.6300048828125,19.985193252563477,25.368820190429688
2023-12-14,456.33782958984375,88.70204162597656,188.72999572753906,20.317842483520508,25.134004592895508
2023-12-15,455.5863952636719,88.80055236816406,187.0,20.352859497070312,25.299243927001953
2023-12-18,458.1491394042969,88.093017578125,187.85000610351562,20.498884201049805,25.295543670654297
2023-12-19,460.9351501464844,88.56768798828125,189.1300048828125,20.655014038085938,25.18451690673828
2023-12-20,454.54779052734375,89.16777801513672,188.10000610351562,20.416229248046875,25.295543670654297
2023-12-21,458.8577575683594,88.603515625,189.42999267578125,20.452964782714844,25.129003524780273
2023-12-22,459.7799377441406,88.20052337646484,190.27000427246094,20.416229248046875,25.1197509765625
2023-12-26,461.7213439941406,88.45128631591797,191.72000122070312,20.61827850341797,25.064239501953125
2023-12-27,462.5561828613281,90.01861572265625,192.58999633789062,20.526437759399414,24.934709548950195
2023-12-28,462.7308654785156,89.36480712890625,191.47000122070312,20.351940155029297,25.017976760864258
2023-12-29,461.39129638671875,88.5587387084961,191.1699981689453,20.241731643676758,25.064239501953125
2024-01-02,458.8092041015625,88.04825592041016,190.72000122070312,20.076417922973633,25.27703857421875
2024-01-03,455.06219482421875,88.41545867919922,189.1300048828125,20.33357048034668,25.360309600830078
2024-01-04,453.5964660644531,87.0719985961914,189.32000732421875,20.223363876342773,25.360309600830078
2024-01-05,454.2177429199219,86.23910522460938,189.35000610351562,20.324386596679688,25.360309600830078
2024-01-08,460.7021179199219,87.08993530273438,187.8699951171875,20.03049659729004,25.314048767089844
2024-01-09,460.0032043457031,86.53462219238281,187.92999267578125,20.177440643310547,25.397319793701172
2024-01-10,462.6047058105469,86.13162231445312,187.5,20.03968048095703,25.351057052612305
2024-01-11,462.40087890625,86.6152572631836,187.8699951171875,20.186626434326172,25.36956214904785
2024-01-12,462.7211608886719,86.44509887695312,189.7100067138672,20.260099411010742,25.397319793701172
2024-01-16,461.0224609375,84.92253875732422,187.91000366210938,20.085603713989258,25.61937141418457
2024-01-17,458.4597473144531,84.78816986083984,185.83999633789062,20.05805015563965,25.637874603271484
2024-01-18,462.5367736816406,84.00003814697266,187.3699951171875,20.186626434326172,25.665630340576172
2024-01-19,468.30279541015625,84.26873779296875,187.92999267578125,20.149890899658203,25.628623962402344
2024-01-22,469.29302978515625,84.77029418945312,187.22000122070312,20.232547760009766,25.637874603271484
2024-01-23,470.66162109375,84.09855651855469,187.9499969482422,20.342756271362305,25.7026424407959
2024-01-24,471.1761474609375,83.60598754882812,186.39999389648438,20.517253875732422,25.628623962402344
2024-01-25,473.7388000488281,84.15229797363281,187.13999938964844,20.673383712768555,25.7026424407959
2024-01-26,473.1369934082031,83.9910888671875,187.00999450683594,20.76522445678711,25.7026424407959
2024-01-29,476.8839416503906,84.95835876464844,188.3300018310547,20.59072494506836,25.7026424407959
2024-01-30,476.5150451660156,85.72859954833984,188.58999633789062,20.72848892211914,25.68413734436035
2024-01-31,468.7396240234375,86.57048797607422,188.4499969482422,20.50806999206543,25.7489013671875
2024-02-01,474.87457275390625,88.2686538696289,190.41000366210938,20.260099411010742,25.61937141418457
2024-02-02,479.8737487792969,86.31890106201172,188.61000061035156,20.03049659729004,25.850675582885742
2024-02-05,478.12646484375,84.57582092285156,187.57000732421875,20.11315155029297,25.989459991455078
2024-02-06,479.51458740234375,85.40242767333984,188.5500030517578,20.186626434326172,25.915441513061523
2024-02-07,483.51397705078125,84.98910522460938,188.5,20.278467178344727,25.887685775756836
2024-02-08,483.7275085449219,84.49494934082031,188.3300018310547,20.3886775970459,25.915441513061523
2024-02-09,486.5231628417969,84.32423400878906,187.60000610351562,20.44378089904785,25.89693832397461
2024-02-12,486.3096008300781,84.42304992675781,187.11000061035156,20.452964782714844,25.924694061279297
2024-02-13,479.6116638183594,82.97644805908203,184.52999877929688,20.33357048034668,26.12824249267578
2024-02-14,483.9701843261719,83.39877319335938,184.4199981689453,20.140705108642578,26.081981658935547
2024-02-15,487.3094787597656,83.83006286621094,185.66000366210938,20.186626434326172,25.980205535888672
2024-02-16,484.8826599121094,83.34486389160156,186.33999633789062,20.232547760009766,25.989459991455078
2024-02-20,482.21319580078125,83.41675567626953,187.47000122070312,20.122337341308594,25.952449798583984
2024-02-21,482.6500549316406,82.82374572753906,187.47999572753906,20.204994201660156,25.924694061279297
2024-02-22,492.6387023925781,83.22805786132812,187.55999755859375,20.260099411010742,25.924694061279297
2024-02-23,492.97845458984375,84.34220123291016,188.6199951171875,19.96620750427246,25.943199157714844
2024-02-26,491.17291259765625,84.09060668945312,188.1999969482422,20.149890899658203,25.89693832397461
2024-02-27,492.0853576660156,83.49760437011719,188.0,20.306018829345703,25.915441513061523
2024-02-28,491.4350280761719,84.0277099609375,188.33999633789062,20.223363876342773,25.93394660949707
2024-02-29,493.20166015625,84.6207504272461,189.30999755859375,20.195810317993164,25.989459991455078
2024-03-01,497.8320007324219,85.14801025390625,192.88999938964844,20.29683494567871,25.943199157714844
2024-03-04,497.2981262207031,84.80549621582031,196.00999450683594,20.36112403869629,25.943199157714844
2024-03-05,492.32806396484375,86.01325988769531,197.19000244140625,20.204994201660156,25.915441513061523
2024-03-06,494.82281494140625,86.51802062988281,198.80999755859375,20.37030792236328,25.822919845581055
2024-03-07,499.7345886230469,86.43689727783203,199.94000244140625,20.425413131713867,25.693389892578125
2024-03-08,496.735107421875,86.28368377685547,201.6300048828125,20.36112403869629,25.7026424407959
2024-03-11,496.3080139160156,86.23859405517578,202.0,20.53562355041504,25.730396270751953
2024-03-12,501.64703369140625,85.51753997802734,199.7899932861328,20.48051643371582,25.7489013671875
2024-03-13,500.8606262207031,85.1029281616211,201.19000244140625,20.76522445678711,25.721145629882812
2024-03-14,499.8705749511719,83.79600524902344,200.35000610351562,20.829513549804688,25.859928131103516
2024-03-15,496.4381408691406,83.76898193359375,199.7100067138672,20.902986526489258,25.887685775756836
2024-03-18,499.3885192871094,83.5166015625,200.02999877929688,21.095849990844727,25.943199157714844
2024-03-19,502.1636657714844,83.75096130371094,199.8000030517578,21.086666107177734,26.007965087890625
2024-03-20,506.808349609375,83.72390747070312,202.17999267578125,21.03156280517578,25.887685775756836
2024-03-21,508.4831237792969,83.90419006347656,201.97000122070312,21.004011154174805,26.0634765625
2024-03-22,507.5191955566406,84.70636749267578,200.35000610351562,20.857065200805664,26.202260971069336
2024-03-25,506.1170654296875,84.28273010253906,200.99000549316406,21.03156280517578,26.137495040893555
2024-03-26,505.18231201171875,84.5170669555664,201.63999938964844,20.866249084472656,26.1560001373291
2024-03-27,509.427734375,85.3553237915039,203.10000610351562,20.847881317138672,26.174503326416016
2024-03-28,509.3304138183594,85.28321838378906,205.72000122070312,21.095849990844727,26.24852180480957
2024-04-01,508.4442138671875,83.69343566894531,207.82000732421875,21.196876525878906,26.350296020507812
2024-04-02,505.2114562988281,83.23223114013672,210.88999938964844,21.389741897583008,26.31328773498535
2024-04-03,505.7664489746094,83.21414184570312,212.74000549316406,21.646896362304688,26.19300651550293
2024-04-04,499.593017578125,83.81098175048828,211.52000427246094,21.702001571655273,26.19300651550293
2024-04-05,504.8121337890625,82.64443969726562,215.13999938964844,21.812210083007812,26.220766067504883
2024-04-08,505.0946044921875,82.63538360595703,216.47999572753906,21.80302619934082,26.183753967285156
2024-04-09,505.6788635253906,83.404052734375,217.6699981689453,21.68363380432129,26.174503326416016
2024-04-10,500.615478515625,81.5864028930664,215.61000061035156,21.793842315673828,26.452070236206055
2024-04-11,504.39349365234375,81.21564483642578,219.8000030517578,21.757104873657227,26.4705753326416
2024-04-12,497.43133544921875,81.64971160888672,216.88999938964844,21.784656524658203,26.68337631225586
2024-04-15,491.1994323730469,80.3836669921875,220.9499969482422,21.812210083007812,26.72963523864746
2024-04-16,490.3036193847656,79.85017395019531,221.22000122070312,21.77547264099121,26.766645431518555
2024-04-17,487.40185546875,80.73635864257812,219.58999633789062,21.43566131591797,26.68337631225586
2024-04-18,486.3989562988281,80.32943725585938,220.33999633789062,21.426477432250977,26.738889694213867
2024-04-19,482.1534729003906,80.61878967285156,221.02999877929688,21.527503967285156,26.738889694213867
2024-04-22,486.5937194824219,80.48313903808594,215.57000732421875,21.527503967285156,26.74814224243164
2024-04-23,492.3679504394531,80.51028442382812,215.0399932861328,21.61934471130371,26.637115478515625
2024-04-24,492.1342468261719,79.94058227539062,214.63999938964844,21.5917911529541,26.664871215820312
2024-04-25,490.2646484375,79.37989807128906,215.9199981689453,21.711183547973633,26.609357833862305
2024-04-26,494.90936279296875,79.7958755493164,216.6199951171875,21.72955322265625,26.72963523864746
2024-04-29,496.6620178222656,80.465087890625,216.17999267578125,21.711183547973633,26.646366119384766
2024-04-30,488.7943420410156,79.7778091430664,211.8699951171875,21.43566131591797,26.81290626525879
2024-05-01,487.2071533203125,80.36583709716797,213.7899932861328,21.123403549194336,26.7851505279541
2024-05-02,491.7642517089844,80.71068572998047,213.1300048828125,21.196876525878906,26.581600189208984
2024-05-03,497.85980224609375,81.52738952636719,212.9600067138672,21.224430084228516,26.50758171081543
2024-05-06,503.0010681152344,81.84500885009766,215.1999969482422,21.463214874267578,26.535341262817383
2024-05-07,503.55615234375,82.34410858154297,214.2100067138672,21.444847106933594,26.609357833862305
2024-05-08,503.604736328125,81.84500885009766,213.5800018310547,21.334636688232422,26.646366119384766
2024-05-09,506.5064697265625,82.24431610107422,216.9499969482422,21.417293548583984,26.55384635925293
2024-05-10,507.1589660644531,81.7815170288086,218.7100067138672,21.38055992126465,26.590852737426758
2024-05-13,507.2270812988281,81.990234375,216.25999450683594,21.518320083618164,26.581600189208984
2024-05-14,509.55426025390625,82.45304107666016,218.08999633789062,21.426477432250977,26.52608871459961
2024-05-15,515.8641357421875,83.57828521728516,220.88999938964844,21.499950408935547,26.359548568725586
2024-05-16,514.8026733398438,83.49664306640625,220.02999877929688,21.5550537109375,26.424314498901367
2024-05-17,515.5427856445312,82.93399047851562,223.66000366210938,21.77547264099121,26.424314498901367
2024-05-20,516.13671875,82.68898010253906,224.55999755859375,21.968339920043945,26.461322784423828
2024-05-21,517.402587890625,83.11547088623047,224.22999572753906,21.876497268676758,26.461322784423828
2024-05-22,515.912841796875,83.21531677246094,220.11000061035156,21.564237594604492,26.544593811035156
2024-05-23,512.1444702148438,82.67990112304688,215.72000122070312,21.454030990600586,26.60010528564453
2024-05-24,515.5330200195312,82.92488861083984,215.9199981689453,21.600976943969727,26.516834259033203
2024-05-28,515.893310546875,81.73613739013672,218.19000244140625,21.986709594726562,26.479827880859375
2024-05-29,512.2806396484375,80.74696350097656,216.16000366210938,21.757104873657227,26.62786293029785
2024-05-30,508.8824768066406,81.52738952636719,216.57000732421875,21.47239875793457,26.544593811035156
2024-05-31,513.5175170898438,82.08096313476562,215.3000030517578,21.371374130249023,26.52608871459961
2024-06-03,513.9360961914062,83.40857696533203,217.22000122070312,21.06829833984375,26.387304306030273
2024-06-04,514.5106201171875,84.38290405273438,215.27000427246094,20.857065200805664,26.396556854248047
2024-06-05,520.6256103515625,85.0020751953125,217.82000732421875,20.930538177490234,26.433565139770508
2024-06-06,520.615966796875,84.8746109008789,219.42999267578125,21.2060604095459,26.396556854248047
2024-06-07,519.9830322265625,83.31753540039062,211.60000610351562,20.902986526489258,26.618610382080078
2024-06-10,521.5895385742188,82.76206970214844,213.5399932861328,21.2060604095459,26.68337631225586
2024-06-11,522.8458862304688,83.61799621582031,214.14999389648438,21.178508758544922,26.720382690429688
2024-06-12,527.139892578125,84.24630737304688,214.72000122070312,21.25197982788086,26.60010528564453
2024-06-13,528.2013549804688,85.48470306396484,212.97000122070312,21.270347595214844,26.701879501342773
2024-06-14,528.5226440429688,86.20404052734375,215.72999572753906,21.187692642211914,26.82215690612793
2024-06-17,532.7291259765625,85.3481216430664,214.61000061035156,21.26116371154785,26.75739288330078
2024-06-18,534.0825805664062,86.13118743896484,215.47000122070312,21.43566131591797,26.74814224243164
2024-06-20,532.6317749023438,85.55754089355469,218.16000366210938,21.481582641601562,26.859169006347656
2024-06-21,531.9176635742188,85.55754089355469,214.77999877929688,21.307085037231445,26.923933029174805
2024-06-24,530.1885986328125,85.9035415649414,215.6300048828125,21.481582641601562,26.831409454345703
2024-06-25,532.2303466796875,86.04926300048828,214.55999755859375,21.27953338623047,26.859169006347656
2024-06-26,532.8945922851562,84.81998443603516,212.5800018310547,21.316268920898438,26.988698959350586
2024-06-27,533.7346801757812,85.15687561035156,214.99000549316406,21.426477432250977,26.951688766479492
2024-06-28,531.6343383789062,83.57247161865234,215.00999450683594,21.334636688232422,26.951688766479492
2024-07-01,532.728515625,82.130126953125,215.57000732421875,21.61016082763672,26.960941314697266
2024-07-02,536.3136596679688,82.76953125,215.55999755859375,21.637712478637695,26.923933029174805
2024-07-03,538.7069702148438,83.85657501220703,217.99000549316406,21.757104873657227,26.81290626525879
2024-07-05,541.8134155273438,84.55081176757812,220.92999267578125,21.839763641357422,26.720382690429688
2024-07-08,542.4385986328125,84.73348999023438,218.19000244140625,21.54587173461914,26.766645431518555
2024-07-09,542.9661865234375,84.35897064208984,218.55999755859375,21.398923873901367,26.803653717041016
2024-07-10,548.3389282226562,84.62388610839844,219.36000061035156,21.398923873901367,26.775897979736328
2024-07-11,543.61083984375,85.4460220336914,223.25,21.47239875793457,26.637115478515625
2024-07-12,547.0396728515625,85.81140899658203,223.11000061035156,21.389741897583008,26.544593811035156
2024-07-15,548.5441284179688,84.82484436035156,223.8300018310547,21.233612060546875,26.590852737426758
2024-07-16,551.7970581054688,86.02149963378906,228.2899932861328,21.178508758544922,26.590852737426758
2024-07-17,544.0601806640625,86.03976440429688,227.22999572753906,21.178508758544922,26.4705753326416
2024-07-18,539.879150390625,85.38207244873047,225.77999877929688,21.02237892150879,26.590852737426758
2024-07-19,536.2941284179688,84.87965393066406,221.72999572753906,20.737672805786133,26.664871215820312
2024-07-22,541.8232421875,84.63301086425781,221.8000030517578,20.792776107788086,26.646366119384766
2024-07-23,540.9733276367188,84.51428985595703,222.5800018310547,20.599910736083984,26.692626953125
2024-07-24,528.7135009765625,83.60081481933594,221.8000030517578,20.59072494506836,26.68337631225586
2024-07-25,525.958740234375,84.28590393066406,218.3300018310547,20.636646270751953,26.68337631225586
2024-07-26,531.8493041992188,84.94361114501953,220.6300048828125,20.425413131713867,26.664871215820312
2024-07-29,532.161865234375,85.40033721923828,220.32000732421875,20.33357048034668,26.738889694213867
2024-07-30,529.4656982421875,85.72918701171875,222.52000427246094,20.2692813873291,26.75739288330078
2024-07-31,538.0720825195312,86.60612487792969,226.5500030517578,20.737672805786133,26.609357833862305
2024-08-01,530.452392578125,87.35307312011719,225.77000427246094,20.489700317382812,26.701879501342773
2024-08-02,520.5762939453125,90.07513427734375,225.33999633789062,20.11315155029297,26.433565139770508
2024-08-05,505.4151306152344,90.55171203613281,222.47999572753906,20.076417922973633,26.28553009033203
2024-08-06,510.07476806640625,88.52621459960938,220.6999969482422,19.911104202270508,26.368799209594727
2024-08-07,506.6654357910156,87.90298461914062,220.5500030517578,20.094785690307617,26.424314498901367
2024-08-08,518.3781127929688,87.36223602294922,224.00999450683594,20.278467178344727,26.461322784423828
2024-08-09,520.6640625,88.22377014160156,224.55999755859375,20.397859573364258,26.433565139770508
2024-08-12,520.9376831054688,88.5445556640625,228.41000366210938,20.682567596435547,26.433565139770508
2024-08-13,529.5046997070312,89.15860748291016,228.05999755859375,20.489700317382812,26.294782638549805
2024-08-14,531.17529296875,89.71766662597656,226.1999969482422,20.36112403869629,26.322540283203125
2024-08-15,540.27978515625,88.99364471435547,226.91000366210938,20.526437759399414,26.415061950683594
2024-08-16,541.4910888671875,89.30525207519531,231.99000549316406,20.397859573364258,26.28553009033203
2024-08-19,546.6685791015625,89.71766662597656,231.61000061035156,20.28765106201172,26.146747589111328
2024-08-20,545.779541015625,90.43257904052734,232.4600067138672,20.204994201660156,26.054224014282227
2024-08-21,547.6550903320312,90.4875717163086,232.14999389648438,20.10396957397461,25.97095489501953
2024-08-22,543.3567504882812,89.58936309814453,229.3699951171875,20.085603713989258,26.09123420715332
2024-08-23,549.1301879882812,90.1759262084961,232.02000427246094,20.44378089904785,25.869178771972656
2024-08-26,547.8212280273438,89.9468002319336,232.75999450683594,20.655014038085938,25.924694061279297
2024-08-27,548.5733642578125,89.79100036621094,233.38999938964844,20.55398941040039,25.8414249420166
2024-08-28,545.3887939453125,89.68102264404297,231.75,20.306018829345703,25.989459991455078
2024-08-29,545.4375610351562,89.38772583007812,232.9499969482422,20.53562355041504,26.081981658935547
2024-08-30,550.644287109375,88.43457794189453,231.2899932861328,20.306018829345703,26.1560001373291
2024-09-03,539.3125610351562,89.88092803955078,230.2899932861328,19.901920318603516,26.202260971069336
2024-09-04,538.2088012695312,91.03950500488281,230.42999267578125,19.754974365234375,26.072729110717773
2024-09-05,536.8997192382812,91.55442810058594,232.35000610351562,19.800893783569336,26.035720825195312
2024-09-06,527.8636474609375,91.54521942138672,230.6300048828125,19.534557342529297,26.072729110717773
2024-09-09,533.7737426757812,91.94058990478516,231.60000610351562,19.58966064453125,26.183753967285156
2024-09-10,536.0986938476562,92.58427429199219,232.6199951171875,19.304954528808594,26.19300651550293
2024-09-11,541.598388671875,92.51070404052734,232.25,19.479450225830078,26.220766067504883
2024-09-12,546.1605224609375,92.07854461669922,236.3300018310547,19.855998992919922,26.109737396240234
2024-09-13,549.0130004882812,92.3268051147461,238.67999267578125,19.892736434936523,26.072729110717773
2024-09-16,549.8238525390625,93.17274475097656,238.66000366210938,20.03968048095703,25.989459991455078
2024-09-17,550.0484619140625,92.7221908569336,237.33999633789062,20.177440643310547,26.072729110717773
2024-09-18,548.4171142578125,91.57279968261719,235.50999450683594,20.048864364624023,26.100486755371094
2024-09-19,557.7755126953125,91.2693862915039,239.1699981689453,20.407045364379883,25.989459991455078
2024-09-20,556.8114013671875,90.91996002197266,242.2100067138672,20.407045364379883,26.035720825195312
2024-09-23,558.202880859375,90.72688293457031,242.67999267578125,20.416229248046875,26.072729110717773
2024-09-24,559.7999267578125,90.70846557617188,246.07000732421875,20.756038665771484,25.924694061279297
2024-09-25,558.5653076171875,89.95449829101562,245.72999572753906,20.58154296875,26.100486755371094
2024-09-26,560.77978515625,90.16598510742188,246.97999572753906,20.397859573364258,25.980205535888672
2024-09-27,559.9664916992188,90.63491821289062,245.02000427246094,20.498884201049805,25.97095489501953
2024-09-30,562.2103271484375,90.20276641845703,243.05999755859375,20.452964782714844,26.072729110717773
2024-10-01,557.1739501953125,90.85401153564453,245.61000061035156,20.81114387512207,26.183753967285156
2024-10-02,557.4090576171875,90.08838653564453,245.66000366210938,20.98564338684082,26.294782638549805
2024-10-03,556.3900146484375,89.23970031738281,245.49000549316406,21.28871726989746,26.3780517578125
2024-10-04,561.4461669921875,88.1419677734375,245.0,21.343822479248047,26.52608871459961
2024-10-07,556.370361328125,87.477783203125,244.1699981689453,21.637712478637695,26.544593811035156
2024-10-08,561.6322631835938,87.62537384033203,242.3699951171875,21.132587432861328,26.544593811035156
2024-10-09,565.5223999023438,87.12723541259766,241.0500030517578,20.948904037475586,26.664871215820312
2024-10-10,564.53271484375,86.78592681884766,242.82000732421875,21.36219024658203,26.65561866760254
2024-10-11,567.9132690429688,86.43537139892578,245.47000122070312,21.38055992126465,26.674123764038086
2024-10-14,572.5578002929688,86.49996948242188,245.07000732421875,21.0499324798584,26.75739288330078
2024-10-15,568.1093139648438,87.55158996582031,245.9199981689453,20.645830154418945,26.775897979736328
2024-10-16,570.5784912109375,87.92058563232422,247.14999389648438,20.59072494506836,26.849916458129883
2024-10-17,570.6275024414062,86.52764892578125,248.6300048828125,20.61827850341797,26.933185577392578
2024-10-18,572.8223876953125,86.59221649169922,251.27000427246094,20.50806999206543,26.859169006347656
2024-10-21,571.8817138671875,85.07935333251953,251.22000122070312,20.572359085083008,26.979446411132812
2024-10-22,571.5780029296875,85.1623764038086,253.92999267578125,20.930538177490234,27.0072021484375
2024-10-23,566.355224609375,84.93177795410156,250.8699951171875,20.81114387512207,27.0997257232666
2024-10-24,567.5801391601562,85.47602081298828,252.8000030517578,20.801959991455078,26.99795150756836
2024-10-25,567.3840942382812,84.99633026123047,253.32000732421875,20.948904037475586,27.090473175048828
2024-10-28,569.1381225585938,84.7657241821289,253.3300018310547,20.3886775970459,27.090473175048828
2024-10-29,570.0592651367188,84.89485931396484,256.0899963378906,20.351940155029297,27.0997257232666
2024-10-30,568.3345947265625,85.1439437866211,257.5,20.609094619750977,27.034957885742188
2024-10-31,557.1935424804688,85.28231811523438,253.50999450683594,20.746854782104492,27.016454696655273
2024-11-01,559.5452270507812,84.07996368408203,252.47000122070312,20.526437759399414,27.12748146057129
2024-11-04,558.3399047851562,85.38504028320312,252.8300018310547,20.87543296813965,27.025705337524414
2024-11-05,565.0912475585938,85.83859252929688,253.39999389648438,21.004011154174805,26.91468048095703
2024-11-06,579.1426391601562,83.48758697509766,245.6999969482422,20.7744083404541,27.349533081054688
2024-11-07,583.6205444335938,84.53349304199219,249.64999389648438,20.98564338684082,27.12748146057129
2024-11-08,586.1486206054688,85.60718536376953,247.9600067138672,20.664199829101562,27.31252670288086
2024-11-11,586.7072143554688,85.1906967163086,242.13999938964844,20.33357048034668,27.469812393188477
2024-11-12,584.8847045898438,83.9133529663086,240.0500030517578,20.223363876342773,27.590091705322266
2024-11-13,585.1688232421875,83.11737060546875,237.6300048828125,20.159074783325195,27.747379302978516
2024-11-14,581.4061279296875,83.59867858886719,237.00999450683594,20.140705108642578,27.85840606689453
2024-11-15,573.9590454101562,83.37652587890625,236.58999633789062,20.03968048095703,27.830650329589844
2024-11-18,576.3107299804688,83.5246353149414,241.08999633789062,20.498884201049805,27.69186782836914
2024-11-19,578.41748046875,83.95039367675781,243.25,20.563173294067383,27.682613372802734
2024-11-20,578.6134643554688,83.6819839477539,244.6199951171875,20.55398941040039,27.82139778137207
2024-11-21,581.7196044921875,83.61717224121094,246.66000366210938,20.700937271118164,27.91391944885254
2024-11-22,583.5225830078125,83.6634521484375,249.83999633789062,20.719303131103516,28.061954498291016
2024-11-25,585.5020141601562,85.8293228149414,242.47999572753906,20.425413131713867,27.867658615112305
2024-11-26,588.5592041015625,85.4961166381836,242.9499969482422,20.425413131713867,27.9046688079834
2024-11-27,586.77587890625,86.08849334716797,243.49000549316406,20.315204620361328,27.664108276367188
2024-11-29,590.4208984375,86.97705841064453,245.58999633789062,20.33357048034668,27.617849349975586
2024-12-02,591.479248046875,87.1860580444336,243.44000244140625,20.186626434326172,27.784387588500977
2024-12-03,591.7534790039062,86.43370056152344,243.92999267578125,20.416229248046875,27.775136947631836
2024-12-04,595.4279174804688,87.36248779296875,244.6699981689453,20.306018829345703,27.765884399414062
2024-12-05,594.4481201171875,87.53897094726562,242.86000061035156,20.278467178344727,27.617849349975586
2024-12-06,595.5750122070312,87.66899108886719,242.9499969482422,20.122337341308594,27.69186782836914
2024-12-09,592.5079956054688,86.8609390258789,245.36000061035156,20.315204620361328,27.738126754760742
2024-12-10,590.6658935546875,86.45228576660156,248.58999633789062,20.36112403869629,27.802892684936523
2024-12-11,595.2321166992188,85.63493347167969,250.9600067138672,20.61827850341797,27.895414352416992
2024-12-12,592.1651000976562,84.59469604492188,247.27999877929688,20.53562355041504,27.98793601989746
2024-12-13,592.0474243164062,83.73091125488281,244.2899932861328,20.526437759399414,27.997188568115234
2024-12-16,594.5755004882812,83.98168182373047,244.8800048828125,20.416229248046875,27.950927734375
2024-12-17,592.1259155273438,84.18601989746094,243.94000244140625,20.278467178344727,27.978683471679688
2024-12-18,574.478515625,83.13336181640625,239.25999450683594,20.094785690307617,28.30251121520996
2024-12-19,574.3019409179688,81.87458038330078,239.60000610351562,20.094785690307617,28.35802459716797
2024-12-20,581.199951171875,82.3407974243164,242.10000610351562,20.223363876342773,28.219242095947266
2024-12-23,584.680419921875,81.58554077148438,240.9600067138672,20.238842010498047,28.322710037231445
2024-12-24,591.1790771484375,81.9305191040039,241.44000244140625,20.354934692382812,28.400068283081055
2024-12-26,591.218505859375,81.8839111328125,243.07000732421875,20.296886444091797,28.34204864501953
2024-12-27,584.9949951171875,81.21256256103516,241.39999389648438,20.393630981445312,28.293699264526367
2024-12-30,578.3192749023438,81.86524963378906,240.6300048828125,20.57744598388672,28.322710037231445
2024-12-31,576.2152709960938,81.42703247070312,242.1300048828125,20.683862686157227,28.448415756225586
2025-01-02,574.7994995117188,81.65081024169922,245.4199981689453,20.887025833129883,28.690160751342773
2025-01-03,581.9864501953125,81.38973999023438,243.49000549316406,20.780607223510742,28.603132247924805
2025-01-06,585.3390502929688,81.0261001586914,243.19000244140625,20.819305419921875,28.41940689086914
2025-01-07,578.722412109375,80.11233520507812,244.55999755859375,20.91604995727539,28.525774002075195
2025-01-08,579.5679321289062,80.21491241455078,245.86000061035156,20.877351760864258,28.63214111328125
2025-01-10,570.7193603515625,79.68341064453125,248.2100067138672,21.438467025756836,28.77718734741211
2025-01-13,571.604248046875,79.65546417236328,245.74000549316406,21.5932559967041,28.864215850830078
2025-01-14,572.3906860351562,79.52491760253906,247.02999877929688,21.583581924438477,28.680490493774414
2025-01-15,582.8024291992188,80.89556884765625,248.8800048828125,21.931861877441406,28.63214111328125
2025-01-16,581.6817016601562,81.1566162109375,250.60000610351562,21.83511734008789,28.63214111328125
2025-01-17,587.5216674804688,81.29649353027344,249.27000427246094,21.738372802734375,28.738508224487305
2025-01-21,592.8995971679688,82.02378845214844,253.1300048828125,21.631956100463867,28.371057510375977
2025-01-22,596.2324829101562,81.59485626220703,254.42999267578125,21.612606048583984,28.41940689086914
2025-01-23,599.48681640625,80.9608154296875,254.07000732421875,21.53521156311035,28.40973663330078
2025-01-24,597.7367553710938,81.32444763183594,255.64999389648438,21.544885635375977,28.235681533813477
2025-01-27,589.2816162109375,82.28485107421875,252.99000549316406,21.21595573425293,28.245349884033203
2025-01-28,594.3449096679688,82.22888946533203,255.17999267578125,21.235305786132812,28.361387252807617
2025-01-29,591.6804809570312,82.06104278564453,254.1999969482422,21.274002075195312,28.41940689086914
2025-01-30,594.856201171875,82.36875915527344,258.04998779296875,21.293350219726562,28.41940689086914
2025-01-31,591.6903076171875,81.82795715332031,258.55999755859375,21.25465202331543,28.535444259643555
2025-02-03,587.70849609375,82.49420928955078,259.94000244140625,21.419116973876953,28.661149978637695
2025-02-04,591.6510009765625,82.7468490600586,262.5,21.47716522216797,28.400068283081055
2025-02-05,594.0498657226562,84.113037109375,264.1300048828125,21.34172248840332,28.35171890258789
2025-02-06,596.1145629882812,84.07559204101562,263.42999267578125,21.351396560668945,28.332378387451172
2025-02-07,590.6580200195312,83.53287506103516,263.8999938964844,21.36107063293457,28.458086013793945
2025-02-10,594.6693115234375,83.28022766113281,268.3699951171875,21.670652389526367,28.545114517211914
2025-02-11,595.1216430664062,82.7468490600586,267.3900146484375,21.83511734008789,28.448415756225586
2025-02-12,593.2044067382812,81.6240005493164,267.6700134277344,21.5932559967041,28.467756271362305
2025-02-13,599.4671630859375,82.98078155517578,270.30999755859375,21.699676513671875,28.235681533813477
2025-02-14,599.4376831054688,83.42060089111328,266.2900085449219,21.7093505859375,28.158323287963867
2025-02-18,601.197509765625,82.43804931640625,270.70001220703125,22.02860450744629,28.21634292602539
2025-02-19,602.6133422851562,82.54100799560547,270.8500061035156,22.20274543762207,28.245349884033203
2025-02-20,600.1062622070312,82.84979248046875,270.989990234375,22.231767654418945,28.022947311401367
2025-02-21,589.842041015625,83.85102844238281,270.739990234375,21.92218589782715,28.119644165039062
2025-02-24,587.1578979492188,84.09431457519531,272.2099914550781,21.844791412353516,28.13898468017578
2025-02-25,584.2379150390625,85.54470825195312,268.6199951171875,21.60293197631836,28.032615661621094
2025-02-26,584.5328369140625,86.04997253417969,269.0299987792969,21.419116973876953,28.090635299682617
2025-02-27,575.2025146484375,85.44176483154297,264.92999267578125,21.44814109802246,28.293699264526367
2025-02-28,584.178955078125,86.48978424072266,263.2699890136719,21.283676147460938,28.41940689086914
2025-03-03,573.9441528320312,86.8934326171875,266.739990234375,21.148235321044922,28.14865493774414
2025-03-04,567.1504516601562,85.82332611083984,269.05999755859375,21.21595573425293,27.897239685058594
2025-03-05,573.24609375,85.13809204101562,269.6199951171875,21.157909393310547,27.55879783630371
2025-03-06,563.0703125,84.85648345947266,268.25,21.051490783691406,27.539459228515625
2025-03-07,566.2261962890625,84.58427429199219,268.3900146484375,21.235305786132812,27.452430725097656
2025-03-10,551.1444702148438,85.46663665771484,266.0400085449219,21.099863052368164,27.471771240234375
2025-03-11,546.5628662109375,84.85648345947266,269.1600036621094,21.21595573425293,27.317054748535156
2025-03-12,549.4633178710938,84.34960174560547,270.3299865722656,21.21595573425293,27.384742736816406
2025-03-13,542.138671875,85.09115600585938,275.1300048828125,21.138561248779297,27.481441497802734
2025-03-14,553.3369750976562,84.6406021118164,275.239990234375,21.25465202331543,27.452430725097656
2025-03-17,557.6039428710938,85.06300354003906,276.7300109863281,21.399770736694336,27.346065521240234
2025-03-18,551.5770263671875,85.14746856689453,279.9599914550781,21.351396560668945,27.326725006103516
2025-03-19,557.5842895507812,85.58866119384766,281.1099853515625,21.48683738708496,27.394412994384766
2025-03-20,555.9718017578125,85.64496612548828,280.75,21.525535583496094,27.471771240234375
2025-03-21,556.1553344726562,85.13809204101562,278.489990234375,21.399770736694336,27.55879783630371
2025-03-24,566.1151733398438,84.26512908935547,277.25,21.47716522216797,27.607147216796875
2025-03-25,567.4760131835938,84.2557373046875,278.4700012207031,21.506187438964844,27.57813835144043
2025-03-26,560.7013549804688,83.70191192626953,278.239990234375,21.47716522216797,27.70384407043457
2025-03-27,559.2123413085938,83.4578628540039,281.9700012207031,21.53521156311035,27.616817474365234
2025-03-28,547.95068359375,84.61244201660156,284.05999755859375,21.467491149902344,27.56846809387207
2025-03-31,551.6289672851562,85.44786071777344,288.1400146484375,21.767396926879883,27.59747886657715
2025-04-01,553.18701171875,86.18830108642578,287.57000732421875,21.777070999145508,27.62648582458496
2025-04-02,556.6878051757812,86.13177490234375,288.1600036621094,21.912511825561523,27.51045036315918
2025-04-03,529.2537231445312,86.5274429321289,286.4200134277344,21.032142639160156,27.026962280273438
2025-04-04,498.26971435546875,87.469482421875,279.7200012207031,20.267866134643555,27.326725006103516
2025-04-07,497.3821716308594,84.8317642211914,273.7099914550781,19.948610305786133,27.442760467529297
2025-04-08,489.591796875,83.23026275634766,275.20001220703125,19.50358772277832,27.317054748535156
2025-04-09,541.0084228515625,83.72014617919922,285.3800048828125,20.20981788635254,27.35573387145996
2025-04-10,517.3018798828125,81.41209411621094,292.3500061035156,19.958282470703125,26.785219192504883
2025-04-11,526.531982421875,81.85486602783203,297.92999267578125,20.248516082763672,26.543476104736328
2025-04-14,531.64013671875,82.4389419555664,296.2300109863281,20.258190155029297,26.45644760131836
2025-04-15,530.151123046875,82.7309799194336,297.7799987792969,20.20981788635254,26.60149383544922
2025-04-16,518.366943359375,83.19259643554688,307.4700012207031,20.46135139465332,26.37908935546875
2025-04-17,519.1064453125,82.4577865600586,306.1199951171875,20.674190521240234,26.398427963256836
2025-04-21,506.7503356933594,81.01642608642578,315.5899963378906,20.500049591064453,26.147014617919922
2025-04-22,519.9349365234375,81.46863555908203,311.1099853515625,20.59679412841797,26.29206085205078
2025-04-23,527.991455078125,82.25995635986328,303.6499938964844,20.44200325012207,26.53380584716797
2025-04-24,539.1051635742188,83.12663269042969,308.07000732421875,20.625816345214844,26.417766571044922
2025-04-25,543.0003662109375,83.73896789550781,304.7300109863281,20.65484046936035,26.485454559326172
2025-04-28,543.2074584960938,84.26651763916016,309.07000732421875,20.538747787475586,26.321069717407227
2025-04-29,546.6292724609375,84.97305297851562,306.05999755859375,20.277538299560547,26.408098220825195
2025-04-30,546.8462524414062,84.2853775024414,303.7699890136719,19.900236129760742,26.50479507446289
2025-05-01,550.7216796875,83.85798645019531,297.4599914550781,19.996980667114258,26.65951156616211
2025-05-02,558.8966674804688,82.95030212402344,297.9800109863281,20.08405113220215,26.620832443237305
2025-05-05,555.6918334960938,82.48699188232422,306.8800048828125,19.967958450317383,26.57248306274414
2025-05-06,551.047119140625,82.76117706298828,315.4800109863281,20.267866134643555,26.408098220825195
2025-05-07,553.3645629882812,83.11103820800781,310.75,20.01633071899414,26.60149383544922
2025-05-08,557.2202758789062,82.18441009521484,304.6300048828125,20.277538299560547,26.823896408081055
2025-05-09,556.5103149414062,82.3073501586914,306.8399963378906,20.432329177856445,26.746540069580078
2025-05-12,574.9015502929688,81.54146575927734,298.19000244140625,20.567771911621094,27.123659133911133
2025-05-13,578.6982421875,81.21053314208984,299.4599914550781,20.887025833129883,26.891584396362305
2025-05-14,579.437744140625,80.67160034179688,293.1600036621094,20.780607223510742,26.949604034423828
2025-05-15,582.2678833007812,81.38072967529297,297.8399963378906,20.57744598388672,26.881916046142578
2025-05-16,585.9559936523438,81.59819793701172,294.239990234375,20.500049591064453,26.959272384643555
2025-05-19,586.596923828125,81.36183166503906,298.0299987792969,20.471027374267578,26.775548934936523
2025-05-20,584.6246948242188,80.77560424804688,303.5799865722656,20.732234954833984,26.698190689086914
2025-05-21,574.7733154296875,79.39515686035156,305.82000732421875,20.70321273803711,26.5821533203125
2025-05-22,575.0001831054688,79.8111801147461,303.1099853515625,20.59679412841797,26.65951156616211
2025-05-23,571.0753784179688,79.94355773925781,309.75,20.712886810302734,26.46611785888672
2025-05-27,582.9483032226562,81.05925750732422,304.5,20.529071807861328,26.611164093017578
2025-05-28,579.5757446289062,80.70941925048828,303.80999755859375,20.46135139465332,26.698190689086914
2025-05-29,581.8635864257812,81.45636749267578,305.6099853515625,20.354934692382812,26.553142547607422
2025-05-30,581.2127685546875,81.57929229736328,303.6000061035156,20.20014190673828,26.543476104736328
2025-06-02,584.4866943359375,80.820068359375,311.6700134277344,20.625816345214844,26.35974884033203
2025-06-03,587.8197631835938,80.67769622802734,308.9100036621094,20.76125717163086,26.53380584716797
2025-06-04,587.6619873046875,81.98738861083984,310.8999938964844,20.683862686157227,26.417766571044922
2025-06-05,584.8218994140625,82.04431915283203,309.3299865722656,20.780607223510742,26.398427963256836
2025-06-06,590.8275146484375,81.00038146972656,305.17999267578125,20.945072174072266,26.53380584716797
2025-06-09,591.3599243164062,81.08580017089844,306.6199951171875,20.964420318603516,26.46611785888672
2025-06-10,594.7127685546875,81.50335693359375,306.7099914550781,20.91604995727539,26.49512481689453
2025-06-11,593.0167236328125,81.75011444091797,308.3699951171875,21.25465202331543,26.398427963256836
2025-06-12,595.3734741210938,82.72761535644531,312.20001220703125,21.25465202331543,26.205034255981445
2025-06-13,588.7171020507812,81.93045043945312,316.2900085449219,21.912511825561523,26.272722244262695
2025-06-16,594.318359375,81.10476684570312,311.7799987792969,21.8641414642334,26.30173110961914
2025-06-17,589.2398681640625,82.09178161621094,311.94000244140625,22.328510284423828,26.475786209106445
2025-06-18,589.1510620117188,82.23412322998047,310.260009765625,22.38655662536621,26.52413558959961
2025-06-20,587.7673950195312,82.08226776123047,310.1300048828125,22.50265121459961,26.49512481689453
2025-06-23,593.5730590820312,82.3479995727539,311.0799865722656,21.670652389526367,26.38875961303711
2025-06-24,600.1304321289062,82.94591522216797,306.19000244140625,21.148235321044922,26.253381729125977
2025-06-25,600.4666748046875,83.05030059814453,307.1199951171875,21.119211196899414,26.185693740844727
2025-06-26,605.16455078125,83.4678726196289,306.7799987792969,21.196605682373047,26.07932472229004
2025-06-27,608.1712646484375,82.93640899658203,301.2200012207031,21.090187072753906,26.127676010131836
2025-06-30,611.0791015625,83.75261688232422,304.8299865722656,21.099863052368164,25.992298126220703
2025-07-01,610.8812866210938,83.96025085449219,307.54998779296875,21.21595573425293,25.982629776000977
2025-07-02,613.650634765625,83.42681121826172,309.25,21.564233779907227,25.963289260864258
2025-07-03,618.4869995117188,82.84574127197266,307.1400146484375,21.5545597076416,26.0889949798584
2025-07-07,613.8780517578125,82.05509948730469,307.3699951171875,21.53521156311035,26.176023483276367
2025-07-08,613.5418090820312,81.95030975341797,304.1600036621094,21.60293197631836,26.195363998413086
2025-07-09,617.2210693359375,82.80763244628906,305.5199890136719,21.564233779907227,26.195363998413086
2025-07-10,618.9617309570312,82.86477661132812,306.20001220703125,21.496511459350586,26.243711471557617
2025-07-11,616.7858276367188,81.72169494628906,309.1400146484375,21.777070999145508,26.321069717407227
2025-07-14,617.9628295898438,81.55021667480469,308.010009765625,21.5932559967041,26.38875961303711
2025-07-15,615.3220825195312,80.97866821289062,306.7300109863281,21.5545597076416,26.53380584716797
2025-07-16,617.3792724609375,81.09297943115234,308.260009765625,21.583581924438477,26.43710708618164
2025-07-17,621.1573486328125,81.07394409179688,307.5899963378906,21.757720947265625,26.553142547607422
2025-07-18,620.7024536132812,81.1977767944336,308.3900146484375,21.796419143676758,26.51446533203125
2025-07-21,621.87939453125,81.92173767089844,313.1300048828125,21.748046875,26.340410232543945
2025-07-22,621.9683837890625,82.41706848144531,316.1000061035156,21.7093505859375,26.205034255981445
2025-07-23,627.2598266601562,81.95984649658203,312.17999267578125,21.651302337646484,26.166353225708008
2025-07-24,627.4674072265625,81.81694793701172,310.2699890136719,21.670652389526367,26.234041213989258
2025-07-25,630.1181030273438,82.33133697509766,307.3999938964844,21.44814109802246,26.29206085205078
2025-07-28,629.9598388671875,81.79790496826172,305.4100036621094,21.670652389526367,26.59182357788086
2025-07-29,628.29833984375,83.17913055419922,306.25,21.951210021972656,26.65951156616211
2025-07-30,627.5070190429688,82.75047302246094,300.9599914550781,21.9028377532959,26.920595169067383
2025-07-31,625.1531372070312,82.79810333251953,302.9599914550781,21.719024658203125,26.978612899780273
2025-08-01,614.9066772460938,83.97521209716797,309.1099853515625,21.370746612548828,26.65951156616211
2025-08-04,624.2530517578125,84.20469665527344,310.9100036621094,21.293350219726562,26.64984130859375
2025-08-05,621.088134765625,84.46288299560547,311.1600036621094,21.10953712463379,26.64984130859375
2025-08-06,625.845458984375,83.97521209716797,310.5,21.06116485595703,26.49512481689453
2025-08-07,625.3212280273438,83.8317642211914,313.1199951171875,21.12888526916504,26.475786209106445
2025-08-08,630.1972045898438,83.4684066772461,313.04998779296875,21.12888526916504,26.52413558959961
2025-08-11,628.9509887695312,83.56403350830078,308.54998779296875,21.157909393310547,26.630502700805664
2025-08-12,635.6468505859375,83.14330291748047,308.2699890136719,21.07084083557129,26.49512481689453
2025-08-13,637.82275390625,83.8317642211914,309.2099914550781,21.04181671142578,26.42743682861328
2025-08-14,637.882080078125,83.21022033691406,307.25,21.12888526916504,26.52413558959961
2025-08-15,636.388671875,82.61738586425781,307.42999267578125,21.06116485595703,26.43710708618164
2025-08-18,636.2501220703125,82.37832641601562,306.95001220703125,21.080514907836914,26.50479507446289
2025-08-19,632.7984008789062,82.85643768310547,305.2699890136719,20.91604995727539,26.57248306274414
2025-08-20,631.1170043945312,83.03810119628906,308.3599853515625,21.148235321044922,26.553142547607422
2025-08-21,628.5851440429688,82.62693786621094,307.2900085449219,21.274002075195312,26.688520431518555
2025-08-22,638.2380981445312,83.23892211914062,310.5799865722656,21.36107063293457,26.42743682861328
2025-08-25,635.4292602539062,82.99987030029297,309.8299865722656,21.467491149902344,26.64017105102539
2025-08-26,638.0897216796875,82.95205688476562,312.0799865722656,21.30302619934082,26.57248306274414
2025-08-27,639.543701171875,82.85643768310547,312.7099914550781,21.32237434387207,26.5821533203125
2025-08-28,641.8085327148438,83.4014892578125,315.0299987792969,21.457815170288086,26.485454559326172
2025-08-29,637.9810180664062,82.80860900878906,318.07000732421875,21.48683738708496,26.46611785888672
2025-09-02,633.2533569335938,82.19239044189453,325.5899963378906,21.83511734008789,26.64017105102539
2025-09-03,636.6853637695312,83.09465026855469,328.1400146484375,21.641630172729492,26.59182357788086
2025-09-04,642.00634765625,83.7281723022461,326.69000244140625,21.48683738708496,26.630502700805664
2025-09-05,640.14697265625,85.0047607421875,331.04998779296875,21.312700271606445,26.49512481689453
2025-09-08,641.7195434570312,86.13739776611328,334.82000732421875,21.457815170288086,26.408098220825195
2025-09-09,643.203125,85.64785766601562,334.05999755859375,21.51586151123047,26.51446533203125
2025-09-10,645.0625,86.13739776611328,335.260009765625,21.66097640991211,26.53380584716797
2025-09-11,650.4232177734375,86.71332550048828,334.760009765625,21.496511459350586,26.44677734375
2025-09-12,650.2054443359375,86.3389663696289,335.4200134277344,21.62228012084961,26.485454559326172
2025-09-15,653.6671142578125,86.54054260253906,338.9100036621094,21.815767288208008,26.398427963256836
2025-09-16,652.7671508789062,86.722900390625,339.5899963378906,22.038280487060547,26.234041213989258
2025-09-17,651.9561157226562,86.50213623046875,336.9700012207031,21.806095123291016,26.321069717407227
2025-09-18,655.0023803710938,85.6094741821289,335.6199951171875,21.7093505859375,26.44677734375
2025-09-19,658.2465209960938,85.44629669189453,339.17999267578125,21.53521156311035,26.52413558959961
2025-09-22,661.3607177734375,85.13916015625,345.04998779296875,21.53521156311035,26.42743682861328
2025-09-23,657.7606201171875,85.73426055908203,346.4599914550781,21.757720947265625,26.408098220825195
2025-09-24,655.6678466796875,85.40792083740234,343.32000732421875,21.9028377532959,26.60149383544922
2025-09-25,652.6429443359375,85.40792083740234,344.75,22.057626724243164,26.785219192504883
2025-09-26,656.3819580078125,85.33111572265625,346.739990234375,22.067302703857422,26.688520431518555
2025-09-29,658.2266845703125,86.03182983398438,352.4599914550781,21.88348960876465,26.630502700805664
2025-09-30,660.7061157226562,85.7822494506836,355.4700012207031,21.796419143676758,26.60149383544922
2025-10-01,662.95751953125,86.00377655029297,356.0299987792969,21.757720947265625,26.59182357788086
2025-10-02,663.7210693359375,86.25423431396484,354.7900085449219,21.612606048583984,26.630502700805664
2025-10-03,663.7113037109375,86.09046936035156,357.6400146484375,21.680326461791992,26.5821533203125
2025-10-06,666.0914916992188,85.40660858154297,364.3800048828125,21.9028377532959,26.707860946655273
2025-10-07,663.6219482421875,85.89783477783203,366.260009765625,21.989906311035156,26.862577438354492
2025-10-08,667.5791625976562,85.96525573730469,372.29998779296875,22.018930435180664,26.920595169067383
2025-10-09,665.6452026367188,85.89783477783203,365.42999267578125,21.815767288208008,27.104320526123047
2025-10-10,647.6542358398438,87.28485107421875,369.1199951171875,21.351396560668945,26.968942642211914
2025-10-13,657.5919189453125,87.23668670654297,378.0899963378906,21.62228012084961,27.065641403198242
2025-10-14,656.78857421875,87.5160140991211,380.7900085449219,21.380420684814453,26.988283157348633
2025-10-15,659.7044067382812,87.32337188720703,387.3900146484375,21.457815170288086,26.910924911499023
2025-10-16,655.2116088867188,87.97834014892578,396.45001220703125,21.419116973876953,26.80455780029297
2025-10-17,658.9308471679688,87.84349060058594,388.989990234375,21.399770736694336,26.833566665649414
2025-10-20,665.7840576171875,88.18061828613281,403.1499938964844,21.612606048583984,26.901254653930664
2025-10-21,665.7741088867188,88.61405181884766,377.239990234375,21.390094757080078,27.00762367248535
2025-10-22,662.3128051757812,88.67183685302734,377.2799987792969,21.728696823120117,26.978612899780273
2025-10-23,666.2402954101562,88.06502532958984,378.7900085449219,22.096324920654297,26.988283157348633
2025-10-24,671.6851806640625,88.10356140136719,377.5199890136719,22.106000900268555,26.988283157348633
2025-10-27,679.6095581054688,88.40214538574219,367.010009765625,22.057626724243164,26.959272384643555
2025-10-28,681.41455078125,88.63330841064453,364.3800048828125,21.85446548461914,26.9399356842041
2025-10-29,681.7418823242188,87.73754119873047,363.0,21.970558166503906,27.094650268554688
2025-10-30,674.2440185546875,87.22704315185547,370.1300048828125,21.98023223876953,27.201017379760742
2025-10-31,676.4556274414062,86.96699523925781,368.1199951171875,22.13502311706543,27.27837562561035
2025-11-03,677.72509765625,86.7494888305664,368.7799987792969,22.299488067626953,27.297714233398438
2025-11-04,669.691650390625,86.94281005859375,362.32000732421875,22.144697189331055,27.384742736816406
2025-11-05,672.012451171875,85.9954833984375,366.510009765625,22.076976776123047,27.394412994384766
2025-11-06,664.8021850585938,86.76880645751953,366.07000732421875,22.106000900268555,27.249366760253906
2025-11-07,665.4567260742188,86.58515167236328,368.30999755859375,22.15437126159668,27.230026245117188
2025-11-10,675.8406982421875,86.56583404541016,378.3800048828125,22.39623260498047,27.249366760253906
2025-11-11,677.387939453125,86.96215057373047,379.8699951171875,22.54134750366211,27.2106876373291
2025-11-12,677.7648315429688,87.11682891845703,385.989990234375,22.289813995361328,27.220355987548828
2025-11-13,666.5180053710938,86.4014892578125,382.8699951171875,22.173721313476562,27.14299964904785
2025-11-14,666.4088134765625,85.9084701538086,375.9599914550781,22.222091674804688,27.181678771972656
2025-11-17,660.2003173828125,86.12114715576172,371.6499938964844,22.193069458007812,27.249366760253906
2025-11-18,654.65625,86.09213256835938,374.3500061035156,22.376882553100586,27.27837562561035
2025-11-19,657.185302734375,85.91813659667969,374.9599914550781,22.15437126159668,27.452430725097656
2025-11-20,647.1683349609375,86.25648498535156,374.8500061035156,21.94153594970703,27.471771240234375
2025-11-21,653.6148681640625,86.51748657226562,374.2699890136719,21.796419143676758,27.452430725097656
2025-11-24,663.2351684570312,87.01049041748047,380.20001220703125,21.9028377532959,27.452430725097656
2025-11-25,669.4735717773438,87.23282623291016,380.0799865722656,21.786745071411133,27.375072479248047
2025-11-26,674.09521484375,87.61947631835938,383.1199951171875,22.018930435180664,27.297714233398438
2025-11-28,677.7747192382812,87.20381164550781,387.8800048828125,22.309162139892578,27.27837562561035
2025-12-01,674.6803588867188,86.11824798583984,389.75,22.367210388183594,27.268707275390625
2025-12-02,675.9299926757812,86.15705108642578,387.239990234375,22.270465850830078,27.259037017822266
2025-12-03,678.2706298828125,86.39957427978516,386.8800048828125,22.376882553100586,27.123659133911133
2025-12-04,678.7664794921875,85.93392181396484,387.1300048828125,22.4349308013916,27.181678771972656
2025-12-05,680.0557861328125,85.53617095947266,386.44000244140625,22.570371627807617,27.152667999267578
2025-12-08,678.0126953125,85.25482177734375,385.4200134277344,22.289813995361328,27.191349029541016
2025-12-09,677.4276123046875,85.34214782714844,387.3999938964844,22.24144172668457,27.230026245117188
2025-12-10,681.92041015625,85.67198944091797,389.04998779296875,22.376882553100586,27.084980010986328
2025-12-11,683.5072021484375,85.55558013916016,393.239990234375,22.357534408569336,26.988283157348633
2025-12-12,676.1581420898438,84.73095703125,395.44000244140625,22.173721313476562,27.026962280273438
2025-12-15,675.1365966796875,84.78917694091797,395.79998779296875,22.067302703857422,27.00762367248535
2025-12-16,673.2918701171875,85.25482177734375,395.8900146484375,21.844791412353516,26.978612899780273
2025-12-17,665.8832397460938,85.1772232055664,399.2900085449219,22.106000900268555,27.036630630493164
2025-12-18,670.9115600585938,85.58467102050781,398.57000732421875,21.951210021972656,27.055971145629883
2025-12-19,676.9923095703125,85.2652359008789,399.0199890136719,22.106000900268555,27.14299964904785
2025-12-22,681.2098999023438,85.0802001953125,408.2300109863281,22.389999389648438,27.030000686645508
2025-12-23,684.3233032226562,85.21654510498047,413.6400146484375,22.639999389648438,26.940000534057617
2025-12-24,686.7305297851562,85.73271179199219,411.92999267578125,22.6299991607666,26.950000762939453
2025-12-26,686.660888671875,85.45027923583984,416.739990234375,22.700000762939453,26.969999313354492
2025-12-29,684.2138671875,85.77165985107422,398.6000061035156,22.489999771118164,26.979999542236328
2025-12-30,683.3783569335938,85.56715393066406,398.8900146484375,22.639999389648438,27.049999237060547
2025-12-31,678.3152465820312,84.88540649414062,396.30999755859375,22.360000610351562,27.030000686645508
2026-01-02,679.55859375,84.75880432128906,398.2799987792969,22.389999389648438,27.110000610351562
2026-01-05,684.0845336914062,85.1775894165039,408.760009765625,22.809999465942383,27.06999969482422
2026-01-06,688.1529541015625,85.00227355957031,413.17999267578125,22.799999237060547,27.15999984741211
2026-01-07,685.9347534179688,85.49897766113281,409.2300109863281,22.59000015258789,27.200000762939453
2026-01-08,685.8651123046875,85.0704574584961,411.489990234375,22.8799991607666,27.270000457763672
2026-01-09,690.4010009765625,85.63532257080078,414.4700012207031,22.899999618530273,27.329999923706055
2026-01-12,691.4852294921875,85.3821029663086,422.2300109863281,23.190000534057617,27.280000686645508
2026-01-13,690.1026000976562,85.5281982421875,421.6300048828125,23.3700008392334,27.350000381469727
2026-01-14,686.7106323242188,86.02489471435547,425.94000244140625,23.389999389648438,27.329999923706055
2026-01-15,688.5806884765625,86.00540161132812,423.3299865722656,23.200000762939453,27.43000030517578
2026-01-16,688.0037231445312,85.50871276855469,421.2900085449219,23.15999984741211,27.43000030517578
2026-01-20,673.9981689453125,84.38871765136719,437.2300109863281,23.479999542236328,27.209999084472656
2026-01-21,681.77685546875,85.03150177001953,443.6000061035156,23.75,27.270000457763672
2026-01-22,685.3379516601562,85.4015884399414,451.7900085449219,23.739999771118164,27.149999618530273
2026-01-23,685.5865478515625,85.63532257080078,458.0,24.18000030517578,26.90999984741211
2026-01-26,689.0680541992188,86.04434967041016,464.70001220703125,24.290000915527344,26.780000686645508
2026-01-27,691.8134765625,85.50871276855469,476.1000061035156,24.6200008392334,26.469999313354492
2026-01-28,691.7438354492188,85.31392669677734,494.55999755859375,24.940000534057617,26.6299991607666
2026-01-29,690.3711547851562,85.33340454101562,495.8999938964844,25.299999237060547,26.59000015258789
2026-01-30,688.3120727539062,84.85619354248047,444.95001220703125,24.43000030517578,26.850000381469727
2026-02-02,691.7339477539062,84.6137466430664,427.1300048828125,23.540000915527344,26.989999771118164
2026-02-03,685.885009765625,84.81903839111328,454.2900085449219,24.149999618530273,26.920000076293945
2026-02-04,682.5626831054688,84.60396575927734,453.9700012207031,24.190000534057617,27.010000228881836
2026-02-05,674.0379638671875,85.52294158935547,441.8800048828125,23.760000228881836,27.09000015258789
2026-02-06,686.96923828125,85.58159637451172,455.4599914550781,24.010000228881836,27.010000228881836
2026-02-09,690.2816772460938,85.56204223632812,467.0299987792969,24.25,26.790000915527344
2026-02-10,688.4613037109375,86.54945373535156,462.3999938964844,24.139999389648438,26.799999237060547
2026-02-11,688.3021850585938,86.08995819091797,467.6300048828125,24.3700008392334,26.829999923706055
2026-02-12,677.668701171875,87.23380279541016,451.3900146484375,23.799999237060547,26.81999969482422
2026-02-13,678.1461181640625,87.71282958984375,462.6199951171875,23.8799991607666,26.81999969482422
2026-02-17,679.2402954101562,87.85948181152344,448.20001220703125,23.59000015258789,26.90999984741211
2026-02-18,682.662109375,87.52706909179688,458.2799987792969,24.209999084472656,27.079999923706055
2026-02-19,680.8616333007812,87.61507415771484,459.55999755859375,24.43000030517578,27.1200008392334
2026-02-20,685.7855834960938,87.40977478027344,468.6199951171875,24.600000381469727,27.09000015258789
2026-02-23,678.7827758789062,87.73237609863281,481.2799987792969,24.75,27.09000015258789
2026-02-24,683.7164916992188,87.88880157470703,474.6099853515625,24.719999313354492,27.110000610351562
2026-02-25,689.4859008789062,87.89859008789062,473.4200134277344,24.75,27.079999923706055
2026-02-26,685.6561889648438,88.2505111694336,477.4800109863281,24.760000228881836,27.100000381469727
2026-02-27,682.3637084960938,88.78821563720703,483.75,25.100000381469727,27.079999923706055
2026-03-02,682.751708984375,87.8966064453125,490.0,25.809999465942383,27.329999923706055
2026-03-03,676.7337036132812,87.72003936767578,468.1400146484375,25.90999984741211,27.459999084472656
2026-03-04,681.5082397460938,87.44539642333984,471.79998779296875,26.139999389648438,27.40999984741211
2026-03-05,677.70849609375,87.09228515625,466.1300048828125,26.520000457763672,27.479999542236328
2026-03-06,668.82568359375,86.76858520507812,473.510009765625,27.510000228881836,27.469999313354492
2026-03-09,674.6845703125,87.52387237548828,472.5299987792969,27.139999389648438,27.459999084472656
2026-03-10,673.6002807617188,86.59203338623047,477.8599853515625,27.600000381469727,27.450000762939453
2026-03-11,672.7548217773438,85.47383117675781,476.239990234375,28.1299991607666,27.549999237060547
2026-03-12,662.5390625,85.30707550048828,466.8800048828125,28.860000610351562,27.68000030517578
2026-03-13,658.7890014648438,84.88529968261719,460.8399963378906,28.709999084472656,27.889999389648438
2026-03-16,665.493408203125,85.54248809814453,460.42999267578125,28.309999465942383,27.729999542236328
2026-03-17,667.2440185546875,85.77790069580078,459.2699890136719,28.760000228881836,27.68000030517578
2026-03-18,657.9335327148438,85.29727172851562,444.739990234375,29.270000457763672,27.850000381469727
2026-03-19,656.3121948242188,85.817138671875,426.4100036621094,28.84000015258789,27.579999923706055
2026-03-20,646.9034423828125,84.18888092041016,413.3800048828125,28.940000534057617,27.68000030517578
2026-03-23,653.6959228515625,84.73816680908203,404.0400085449219,27.75,27.559999465942383
2026-03-24,651.5015869140625,84.36543273925781,404.1300048828125,28.239999771118164,27.649999618530273
2026-03-25,655.1322021484375,85.1795654296875,416.2900085449219,28.170000076293945,27.700000762939453
2026-03-26,643.432373046875,84.46353149414062,400.6400146484375,28.440000534057617,27.809999465942383
2026-03-27,632.4606323242188,84.00250244140625,414.70001220703125,29.100000381469727,27.84000015258789
2026-03-30,630.3460693359375,85.12071228027344,414.5799865722656,29.260000228881836,27.979999542236328
2026-03-31,648.6688842773438,85.03243255615234,430.2900085449219,28.950000762939453,27.780000686645508
2026-04-01,653.5562744140625,84.94872283935547,437.82000732421875,28.68000030517578,27.729999542236328
2026-04-02,654.144775390625,85.47067260742188,429.4100036621094,29.329999923706055,27.860000610351562
2026-04-06,657.23681640625,85.33280181884766,427.6499938964844,29.479999542236328,27.829999923706055
2026-04-07,657.5260009765625,85.32294464111328,431.80999755859375,29.3700008392334,27.75
2026-04-08,674.27294921875,85.59868621826172,434.5299987792969,28.559999465942383,27.530000686645508
2026-04-09,678.162841796875,85.38203430175781,437.9100036621094,28.709999084472656,27.479999542236328
2026-04-10,677.7140502929688,85.17522430419922,437.1300048828125,28.5,27.440000534057617
2026-04-13,684.3369750976562,85.43128204345703,435.3599853515625,28.959999084472656,27.3799991607666
2026-04-14,692.675537109375,85.88428497314453,445.0899963378906,28.84000015258789,27.31999969482422
2026-04-15,698.1414184570312,85.51005554199219,440.4599914550781,28.889999389648438,27.290000915527344
2026-04-16,699.8569946289062,84.96842193603516,440.0799865722656,29.110000610351562,27.3700008392334
2026-04-17,708.3152465820312,85.74641418457031,445.92999267578125,28.290000915527344,27.360000610351562
2026-04-20,706.8988037109375,85.7267074584961,442.0899963378906,28.670000076293945,27.31999969482422
2026-04-21,702.2708129882812,85.25401306152344,429.57000732421875,29.209999084472656,27.469999313354492
2026-04-22,709.3825073242188,85.42142486572266,435.260009765625,29.510000228881836,27.479999542236328
2026-04-23,706.6295776367188,85.23431396484375,431.0400085449219,29.889999389648438,27.530000686645508
2026-04-24,712.10546875,85.39187622070312,433.25,29.860000610351562,27.479999542236328
2026-04-27,713.332275390625,84.96842193603516,429.8900146484375,30.09000015258789,27.450000762939453
2026-04-28,709.8612060546875,85.05706024169922,421.9100036621094,30.34000015258789,27.530000686645508
2026-04-29,709.7515258789062,84.39723205566406,417.4100036621094,31.079999923706055,27.610000610351562
2026-04-30,716.8132934570312,84.3184585571289,423.6600036621094,31.100000381469727,27.360000610351562
2026-05-01,718.7982177734375,84.61992645263672,423.17999267578125,30.809999465942383,27.40999984741211
2026-05-04,716.1649780273438,83.97743225097656,414.7099914550781,31.329999923706055,27.479999542236328
2026-05-05,721.9102172851562,84.44200897216797,418.2699890136719,31.200000762939453,27.5
2026-05-06,731.9443359375,85.0844955444336,430.9599914550781,30.209999084472656,27.350000381469727
2026-05-07,729.7001342773438,84.65946960449219,431.67999267578125,30.25,27.40999984741211
2026-05-08,735.724609375,85.0844955444336,433.7699890136719,30.299999237060547,27.34000015258789
2026-05-11,737.4002685546875,84.57050323486328,434.6499938964844,31.059999465942383,27.350000381469727
2026-05-12,736.2831420898438,84.00709533691406,432.92999267578125,31.690000534057617,27.450000762939453
2026-05-13,740.4025268554688,83.81929779052734,430.5,31.3700008392334,27.510000228881836
2026-05-14,746.2474975585938,83.93790435791016,427.2099914550781,31.149999618530273,27.6200008392334
2026-05-15,737.2706298828125,82.6924819946289,417.2900085449219,31.190000534057617,27.770000457763672
2026-05-18,736.751953125,82.59363555908203,418.42999267578125,31.3799991607666,27.700000762939453
2026-05-19,731.8446044921875,82.05987548828125,411.5,31.610000610351562,27.790000915527344
2026-05-20,739.3452758789062,82.93959045410156,417.3999938964844,30.8799991607666,27.729999542236328
2026-05-21,740.8114624023438,83.2459945678711,416.989990234375,30.700000762939453,27.729999542236328
2026-05-22,743.7239990234375,83.70067596435547,413.82000732421875,30.540000915527344,27.770000457763672
2026-05-26,748.6613159179688,84.1158218383789,414.0,30.030000686645508,27.75
2026-05-27,748.5316162109375,84.31350708007812,408.489990234375,29.489999771118164,27.75
2026-05-28,752.6609497070312,84.74842071533203,412.7699890136719,29.719999313354492,27.700000762939453
2026-05-29,754.5361328125,84.76819610595703,417.1199951171875,29.479999542236328,27.65999984741211
2026-06-01,756.5908203125,84.81383514404297,411.260009765625,29.989999771118164,27.760000228881836
2026-06-02,757.6182250976562,84.99246215820312,411.95001220703125,30.1200008392334,27.760000228881836
2026-06-03,752.3018798828125,84.65506744384766,407.8699951171875,30.290000915527344,27.860000610351562
2026-06-04,755.1445922851562,84.8436050415039,411.2699890136719,29.8799991607666,27.84000015258789
2026-06-05,735.65478515625,84.406982421875,396.239990234375,29.229999542236328,28.020000457763672
2026-06-08,737.3204345703125,83.97036743164062,397.2699890136719,29.469999313354492,28.030000686645508
2026-06-09,735.1560668945312,84.4665298461914,390.7799987792969,29.06999969482422,28.010000228881836
2026-06-10,723.56591796875,84.22836303710938,374.5799865722656,29.170000076293945,28.049999237060547
2026-06-11,735.8642578125,85.3199234008789,386.32000732421875,28.850000381469727,27.950000762939453
2026-06-12,739.843994140625,85.11153411865234,386.5400085449219,28.549999237060547,27.950000762939453
2026-06-15,752.890380859375,85.06192016601562,396.54998779296875,28.219999313354492,27.969999313354492
2026-06-16,748.4019775390625,85.52831268310547,397.6300048828125,27.899999618530273,27.93000030517578
2026-06-17,739.0560302734375,85.66724395751953,388.6000061035156,27.709999084472656,28.18000030517578
2026-06-18,746.739990234375,86.08401489257812,387.1199951171875,27.6299991607666,28.299999237060547
2026-06-22,744.3900146484375,85.42906951904297,384.5899963378906,27.40999984741211,28.360000610351562
2026-06-23,733.5800170898438,85.5382308959961,377.32000732421875,27.1200008392334,28.450000762939453
2026-06-24,733.239990234375,86.70916748046875,365.9200134277344,26.450000762939453,28.530000686645508
2026-06-25,734.2999877929688,86.67940521240234,369.4599914550781,26.93000030517578,28.479999542236328
2026-06-26,728.989990234375,86.6893310546875,373.6300048828125,26.56999969482422,28.459999084472656
2026-06-29,741.0,86.77863311767578,368.5799865722656,26.559999465942383,28.3700008392334
2026-06-30,746.77001953125,85.75653839111328,368.3800048828125,26.65999984741211,28.40999984741211
2026-07-01,745.760009765625,85.1768798828125,370.6000061035156,26.450000762939453,28.489999771118164
2026-07-02,744.780029296875,85.16692352294922,378.1300048828125,26.56999969482422,28.34000015258789
2026-07-06,751.280029296875,85.1071548461914,382.1300048828125,27.0,28.31999969482422
2026-07-07,747.7100219726562,84.21077728271484,377.489990234375,27.350000381469727,28.399999618530273
2026-07-08,745.4000244140625,84.02153778076172,374.45001220703125,27.799999237060547,28.360000610351562
2026-07-09,751.7100219726562,84.15100860595703,378.17999267578125,27.579999923706055,28.360000610351562
2026-07-10,754.9500122070312,84.13109588623047,377.010009765625,27.520000457763672,28.389999389648438
2026-07-13,749.1699829101562,83.63310241699219,367.1300048828125,28.329999923706055,28.5
2026-07-14,751.8300170898438,83.74266052246094,372.1499938964844,28.6299991607666,28.389999389648438
2026-07-15,754.8099975585938,83.90201568603516,372.3500061035156,28.790000915527344,28.25
2026-07-16,750.719970703125,83.87213134765625,364.9599914550781,28.459999084472656,28.34000015258789
2026-07-17,743.2899780273438,84.1808853149414,368.4100036621094,28.979999542236328,28.329999923706055
2026-07-20,742.0900268554688,83.55342102050781,367.6000061035156,29.139999389648438,28.389999389648438
2026-07-21,748.280029296875,83.32434844970703,374.80999755859375,29.56999969482422,28.479999542236328
2026-07-22,747.4099731445312,83.105224609375,379.1199951171875,29.860000610351562,28.450000762939453
2026-07-23,738.1799926757812,82.8363037109375,371.5199890136719,30.309999465942383,28.559999465942383
2026-07-24,738.9299926757812,82.91598510742188,371.8999938964844,30.100000381469727,28.579999923706055
2026-07-27,739.0900268554688,83.41397857666016,374.6300048828125,29.010000228881836,28.600000381469727
2026-07-28,740.8599853515625,83.90201568603516,369.3699951171875,28.600000381469727,28.579999923706055
2026-07-29,729.4600219726562,82.51759338378906,371.0799865722656,29.420000076293945,28.420000076293945
2026-07-30,741.6900024414062,82.4677963256836,377.1600036621094,29.31999969482422,28.139999389648438
2026-07-31,747.030029296875,81.91999816894531,371.5400085449219,29.450000762939453,28.170000076293945
2026-08-03,757.6699829101562,82.19000244140625,371.7099914550781,28.8799991607666,28.170000076293945
2026-08-04,771.3300170898438,82.81999969482422,374.1600036621094,28.309999465942383,28.15999984741211
2026-08-05,769.7899780273438,83.0,389.6400146484375,28.479999542236328,28.09000015258789
2026-08-06,768.5599975585938,82.5199966430664,389.6700134277344,28.860000610351562,28.190000534057617
2026-08-07,773.260009765625,82.76000213623047,398.4700012207031,28.90999984741211,28.06999969482422
2026-08-10,773.030029296875,82.05999755859375,402.5400085449219,29.93000030517578,28.139999389648438
2026-08-11,770.5599975585938,82.19000244140625,400.9599914550781,29.969999313354492,28.139999389648438
2026-08-12,772.489990234375,82.11000061035156,404.9200134277344,30.110000610351562,28.200000762939453
2026-08-13,777.8800048828125,82.58999633789062,398.9599914550781,29.780000686645508,28.18000030517578
2026-08-14,776.3400268554688,82.04000091552734,401.4800109863281,30.0,28.110000610351562
2026-08-17,772.6699829101562,81.3499984741211,405.489990234375,30.559999465942383,28.100000381469727
2026-08-18,767.4500122070312,81.66000366210938,398.54998779296875,30.479999542236328,28.139999389648438
2026-08-19,769.0599975585938,83.0199966430664,413.8399963378906,30.760000228881836,27.8799991607666
2026-08-20,762.5999755859375,82.33999633789062,415.260009765625,31.110000610351562,27.90999984741211
2026-08-21,765.719970703125,82.05000305175781,423.3599853515625,31.260000228881836,27.899999618530273
2026-08-24,763.469970703125,82.55999755859375,426.69000244140625,30.940000534057617,27.959999084472656
2026-08-25,765.9099731445312,83.47000122070312,428.07000732421875,30.43000030517578,27.940000534057617
2026-08-26,766.0800170898438,83.30000305175781,421.32000732421875,30.5,28.020000457763672
2026-08-27,770.2750244140625,83.07499694824219,422.3599853515625,30.844999313354492,28.014999389648438
