date,SPY,TLT,GLD,DBC,UUP
2007-03-01,98.26806640625,48.99046325683594,65.81999969482422,20.329021453857422,20.549209594726562
2007-03-02,96.98121643066406,49.2360954284668,63.709999084472656,20.142215728759766,20.540979385375977
2007-03-05,96.05806732177734,49.3180046081543,62.93000030517578,19.84170913696289,20.672651290893555
2007-03-06,97.70156860351562,49.17058563232422,64.1500015258789,20.028512954711914,20.65619468688965
2007-03-07,97.6036605834961,49.361656188964844,64.30000305175781,20.304655075073242,20.57390022277832
2007-03-08,98.42890930175781,49.3180046081543,64.4800033569336,20.337142944335938,20.672651290893555
2007-03-09,98.45687103271484,48.79936599731445,64.25,20.069122314453125,20.70557403564453
2007-03-12,98.603759765625,48.99046325683594,64.37000274658203,19.8823184967041,20.63973617553711
2007-03-13,96.68743133544922,49.28521728515625,63.720001220703125,19.72800636291504,20.59035873413086
2007-03-14,97.40778350830078,49.061431884765625,63.939998626708984,19.768611907958984,20.540979385375977
2007-03-15,97.54065704345703,49.055946350097656,63.97999954223633,19.646785736083984,20.540979385375977
2007-03-16,97.26756286621094,49.045047760009766,64.62000274658203,19.69551658630371,20.4669132232666
2007-03-19,98.44013977050781,48.94132995605469,64.73999786376953,19.792980194091797,20.57390022277832
2007-03-20,98.98078155517578,48.96863555908203,65.2699966430664,19.81734275817871,20.450454711914062
2007-03-21,100.6097412109375,48.99046325683594,65.81999969482422,19.84983253479004,20.39284896850586
2007-03-22,100.53248596191406,48.60291290283203,65.76000213623047,20.174705505371094,20.39284896850586
2007-03-23,100.67994689941406,48.46642303466797,65.1500015258789,20.182825088500977,20.516292572021484
2007-03-26,100.54655456542969,48.52650833129883,65.83999633789062,20.272165298461914,20.450454711914062
2007-03-27,100.30785369873047,48.44460678100586,65.69999694824219,20.329021453857422,20.442224502563477
2007-03-28,99.57762908935547,48.34636306762695,66.05000305175781,20.52394676208496,20.442224502563477
2007-03-29,99.68291473388672,48.28084182739258,65.6500015258789,20.92191505432129,20.4669132232666
2007-03-30,99.7040023803711,48.18806457519531,65.73999786376953,20.613283157348633,20.40107536315918
2007-04-02,99.81634521484375,48.268028259277344,65.8499984741211,20.41023826599121,20.450454711914062
2007-04-03,100.89058685302734,48.207767486572266,65.83000183105469,20.329021453857422,20.47514533996582
2007-04-04,101.00294494628906,48.257057189941406,66.80999755859375,20.556432723999023,20.450454711914062
2007-04-05,101.27679443359375,48.0762825012207,66.86000061035156,20.597042083740234,20.38461685180664
2007-04-09,101.41716003417969,47.75851058959961,66.52999877929688,20.385875701904297,20.516292572021484
2007-04-10,101.5365982055664,47.900962829589844,67.16000366210938,20.670141220092773,20.450454711914062
2007-04-11,101.12229919433594,47.86808395385742,67.08000183105469,20.637649536132812,20.450454711914062
2007-04-12,101.5716781616211,47.87905502319336,66.98999786376953,20.759479522705078,20.327011108398438
2007-04-13,102.03509521484375,47.73115539550781,67.83999633789062,20.873186111450195,20.31878089904785
2007-04-16,103.00406646728516,47.99411392211914,68.4000015258789,20.71074867248535,20.236486434936523
2007-04-17,103.27788543701172,48.26258850097656,68.0,20.49957847595215,20.228256225585938
2007-04-18,103.40425872802734,48.5036735534668,68.37999725341797,20.50769805908203,20.203567504882812
2007-04-19,103.3761978149414,48.421443939208984,67.52999877929688,20.450847625732422,20.203567504882812
2007-04-20,104.35213470458984,48.295433044433594,68.69999694824219,20.735111236572266,20.129499435424805
2007-04-23,103.95894622802734,48.47078323364258,68.26000213623047,20.873186111450195,20.236486434936523
2007-04-24,104.00109100341797,48.651615142822266,67.7300033569336,20.58892059326172,20.21179962158203
2007-04-25,104.9560546875,48.481689453125,67.88999938964844,20.995014190673828,20.178878784179688
2007-04-26,105.07534790039062,48.131046295166016,66.87000274658203,20.848819732666016,20.26117515563965
2007-04-27,104.99112701416016,48.120094299316406,67.55999755859375,20.954404830932617,20.195337295532227
2007-04-30,104.12044525146484,48.62416076660156,67.08999633789062,20.767601013183594,20.154190063476562
2007-05-01,104.38726043701172,48.659358978271484,66.69000244140625,20.808212280273438,20.277633666992188
2007-05-02,104.9981460571289,48.63184356689453,66.66000366210938,20.64577293395996,20.29409408569336
2007-05-03,105.5669174194336,48.52189254760742,67.48999786376953,20.743234634399414,20.31878089904785
2007-05-04,105.96710205078125,48.719825744628906,68.19000244140625,20.702625274658203,20.244718551635742
2007-05-07,105.9881820678711,48.851829528808594,68.25,20.605161666870117,20.29409408569336
2007-05-08,105.84767150878906,48.74182891845703,67.87999725341797,20.47521209716797,20.351701736450195
2007-05-09,106.13556671142578,48.549354553222656,67.44999694824219,20.369626998901367,20.376388549804688
2007-05-10,105.0262451171875,48.66487121582031,66.0,20.288410186767578,20.40107536315918
2007-05-11,105.92495727539062,48.494422912597656,66.44999694824219,20.58892059326172,20.417537689208984
2007-05-14,105.6932144165039,48.367916107177734,66.27999877929688,20.515825271606445,20.40107536315918
2007-05-15,105.72136688232422,48.35141372680664,66.54000091552734,20.7188720703125,20.33523941040039
2007-05-16,106.44452667236328,48.318424224853516,65.5999984741211,20.515825271606445,20.425764083862305
2007-05-17,106.23389434814453,48.12046432495117,65.05999755859375,20.68638038635254,20.47514533996582
2007-05-18,107.16072082519531,47.801509857177734,65.5199966430664,20.653894424438477,20.43399429321289
2007-05-21,107.10458374023438,47.944549560546875,65.66999816894531,20.856943130493164,20.491601943969727
2007-05-22,107.02031707763672,47.69704055786133,65.19999694824219,20.556432723999023,20.499832153320312
2007-05-23,107.03435516357422,47.559566497802734,65.54000091552734,20.653894424438477,20.483369827270508
2007-05-24,106.06541442871094,47.60358428955078,64.75,20.540191650390625,20.516292572021484
2007-05-25,106.5077133178711,47.493587493896484,64.94000244140625,20.791967391967773,20.499832153320312
2007-05-29,106.89391326904297,47.48811340332031,65.06999969482422,20.337142944335938,20.5080623626709
2007-05-30,107.76457977294922,47.58708572387695,64.72000122070312,20.532068252563477,20.540979385375977
2007-05-31,107.65223693847656,47.49909591674805,65.54000091552734,20.7188720703125,20.5080623626709
2007-06-01,108.18582153320312,47.24956512451172,66.44000244140625,20.873186111450195,20.516292572021484
2007-06-04,108.19992065429688,47.46487808227539,66.54000091552734,21.059988021850586,20.43399429321289
2007-06-05,107.77161407470703,47.166778564453125,66.37000274658203,20.97876739501953,20.376388549804688
2007-06-06,106.61307525634766,47.14469528198242,66.41000366210938,20.970645904541016,20.40930938720703
2007-06-07,104.68920135498047,46.30004119873047,65.26000213623047,21.07623291015625,20.540979385375977
2007-06-08,106.05132293701172,46.26143264770508,64.22000122070312,20.702625274658203,20.6068172454834
2007-06-11,106.23389434814453,46.12890625,64.69999694824219,21.100595474243164,20.65619468688965
2007-06-12,105.07534790039062,45.46092987060547,64.0999984741211,21.043745040893555,20.69734001159668
2007-06-13,106.648193359375,46.00191879272461,64.52999877929688,21.311763763427734,20.738489151000977
2007-06-14,107.3292236328125,45.886024475097656,64.5999984741211,21.514812469482422,20.763179779052734
2007-06-15,107.93997192382812,46.20066833496094,64.8499984741211,21.644763946533203,20.647966384887695
2007-06-18,107.8130111694336,46.106834411621094,64.94999694824219,21.644763946533203,20.623275756835938
2007-06-19,108.08097076416016,46.53744125366211,65.4800033569336,21.433591842651367,20.631505966186523
2007-06-20,106.57894134521484,46.16202163696289,64.70999908447266,21.45796012878418,19.849695205688477
2007-06-21,107.17131042480469,45.94124221801758,64.55999755859375,21.360498428344727,20.65619468688965
2007-06-22,106.16285705566406,46.239349365234375,64.77999877929688,21.311763763427734,20.532752990722656
2007-06-25,105.65518951416016,46.4932746887207,64.43000030517578,21.230548858642578,20.598587036132812
2007-06-26,104.56922149658203,46.50434494018555,63.619998931884766,20.98689079284668,20.56566619873047
2007-06-27,106.05711364746094,46.54850769042969,63.66999816894531,20.954404830932617,20.598587036132812
2007-06-28,106.04303741455078,46.53744125366211,64.26000213623047,20.889427185058594,20.598587036132812
2007-06-29,106.07828521728516,47.01776123046875,64.2699966430664,20.873186111450195,20.47514533996582
2007-07-02,107.03727722167969,47.2649040222168,65.0199966430664,21.00313377380371,20.36815643310547
2007-07-03,107.42517852783203,46.976715087890625,64.73999786376953,21.02750015258789,20.33523941040039
2007-07-05,107.31234741210938,46.45026779174805,64.41999816894531,21.22242546081543,20.43399429321289
2007-07-06,107.87641906738281,46.2618522644043,64.95999908447266,21.401107788085938,20.39284896850586
2007-07-09,107.9610824584961,46.4281005859375,65.37999725341797,21.35237693786621,20.40107536315918
2007-07-10,106.42383575439453,47.215023040771484,65.61000061035156,21.50669288635254,20.26117515563965
2007-07-11,107.1783447265625,46.72736358642578,65.44000244140625,21.555423736572266,20.236486434936523
2007-07-12,108.8707275390625,46.56659698486328,66.0199966430664,21.612274169921875,20.203567504882812
2007-07-13,109.19511413574219,46.69407272338867,66.02999877929688,21.644763946533203,20.22002601623535
2007-07-16,109.18101501464844,47.1429443359375,65.81999969482422,21.263036727905273,20.21179962158203
2007-07-17,109.12460327148438,47.043212890625,65.75,21.133089065551758,20.21179962158203
2007-07-18,108.92713165283203,47.22053527832031,66.62000274658203,21.376739501953125,20.195337295532227
2007-07-19,109.35026550292969,47.20946502685547,67.01000213623047,21.449838638305664,20.187108993530273
2007-07-20,108.24307250976562,47.63616180419922,67.58000183105469,21.441715240478516,20.154190063476562
2007-07-23,108.57461547851562,47.558616638183594,67.47000122070312,21.344255447387695,20.195337295532227
2007-07-24,106.69174194335938,47.73594284057617,67.47000122070312,21.18181610107422,20.038978576660156
2007-07-25,106.91036987304688,47.830108642578125,66.9000015258789,21.36861801147461,20.21179962158203
2007-07-26,104.37885284423828,48.229148864746094,65.6500015258789,21.14120864868164,20.121273040771484
2007-07-27,102.32679748535156,48.367713928222656,65.41000366210938,21.344255447387695,20.28586196899414
2007-07-30,103.92753601074219,48.229148864746094,65.7699966430664,21.100595474243164,20.31878089904785
2007-07-31,102.75692749023438,48.57823944091797,65.79000091552734,21.27115821838379,20.28586196899414
2007-08-01,103.25760650634766,48.473114013671875,65.93000030517578,21.23866844177246,20.29409408569336
2007-08-02,104.0826416015625,48.595489501953125,65.88999938964844,21.27115821838379,20.327011108398438
2007-08-03,101.4030532836914,48.91815185546875,66.69000244140625,21.03562355041504,20.137731552124023
2007-08-06,103.10253143310547,48.5621223449707,66.5199966430664,20.743234634399414,20.178878784179688
2007-08-07,104.20258331298828,48.523170471191406,66.4800033569336,20.856943130493164,20.236486434936523
2007-08-08,105.65518951416016,47.933448791503906,66.7699966430664,20.824453353881836,20.178878784179688
2007-08-09,102.52423095703125,48.000179290771484,65.45999908447266,20.662017822265625,20.33523941040039
2007-08-10,102.0447006225586,47.88895797729492,66.56999969482422,20.735111236572266,20.351701736450195
2007-08-13,102.41140747070312,48.02802658081055,66.26000213623047,20.58892059326172,20.40930938720703
2007-08-14,100.84593963623047,48.1559944152832,66.29000091552734,20.653894424438477,20.540979385375977
2007-08-15,99.45677947998047,47.98354721069336,66.12999725341797,20.808212280273438,20.631505966186523
2007-08-16,100.20421600341797,48.47866439819336,64.68000030517578,20.450847625732422,20.57390022277832
2007-08-17,102.0447006225586,48.283973693847656,65.01000213623047,20.43460464477539,20.516292572021484
2007-08-20,101.99539947509766,48.311767578125,65.12000274658203,20.491458892822266,20.56566619873047
2007-08-21,102.19983673095703,48.545440673828125,65.06999969482422,20.45897102355957,20.57390022277832
2007-08-22,103.41275787353516,48.46754837036133,65.4000015258789,20.50769805908203,20.516292572021484
2007-08-23,103.32105255126953,48.634429931640625,65.30999755859375,20.572675704956055,20.483369827270508
2007-08-24,104.59745788574219,48.87367248535156,66.11000061035156,20.816329956054688,20.39284896850586
2007-08-27,103.6242904663086,49.12957000732422,65.9800033569336,20.840696334838867,20.376388549804688
2007-08-28,101.34660339355469,49.2130126953125,65.58999633789062,20.621410369873047,20.376388549804688
2007-08-29,103.33518981933594,49.07951354980469,66.06999969482422,20.816329956054688,20.35993003845215
2007-08-30,103.06019592285156,49.407779693603516,65.80000305175781,20.856943130493164,20.450454711914062
2007-08-31,104.07559967041016,49.44670867919922,66.5199966430664,20.86506462097168,20.40107536315918
2007-09-04,105.12631225585938,49.47014617919922,67.44000244140625,21.100595474243164,20.43399429321289
2007-09-05,104.21660614013672,49.866790771484375,67.55999755859375,21.14120864868164,20.35993003845215
2007-09-06,104.45638275146484,49.738250732421875,68.86000061035156,21.059988021850586,20.302322387695312
2007-09-07,103.00374603271484,50.442100524902344,69.38999938964844,21.19805908203125,20.187108993530273
2007-09-10,102.80630493164062,50.833160400390625,69.62000274658203,21.344255447387695,20.16242027282715
2007-09-11,104.00509643554688,50.79408645629883,70.5199966430664,21.39298439025879,20.187108993530273
2007-09-12,104.27310943603516,50.60414123535156,70.45999908447266,21.62039566040039,20.088354110717773
2007-09-13,105.00641632080078,50.15163040161133,70.08000183105469,21.45796012878418,20.145959854125977
2007-09-14,104.9993896484375,50.2242546081543,69.98999786376953,21.47420310974121,20.195337295532227
2007-09-17,104.43521881103516,50.464454650878906,70.97000122070312,21.725982666015625,20.178878784179688
2007-09-18,107.50971984863281,50.08460998535156,71.69999694824219,21.807201385498047,20.113040924072266
2007-09-19,108.14444732666016,49.62097930908203,71.43000030517578,21.994001388549805,20.104814529418945
2007-09-20,107.38288116455078,48.68252182006836,72.72000122070312,22.335119247436523,19.956682205200195
2007-09-21,107.67263793945312,49.09589385986328,72.33999633789062,22.489439010620117,19.964914321899414
2007-09-24,107.4742202758789,49.23554229736328,72.27999877929688,22.44882583618164,19.956682205200195
2007-09-25,107.26168060302734,49.06235122680664,72.33000183105469,22.28639030456543,19.907304763793945
2007-09-26,107.8284683227539,49.10704803466797,72.0,22.318878173828125,19.973142623901367
2007-09-27,108.46613311767578,49.44776153564453,72.69999694824219,22.90365219116211,19.940223693847656
2007-09-28,108.10482788085938,49.55953598022461,73.51000213623047,22.830554962158203,19.792089462280273
2007-10-01,109.32349395751953,49.842742919921875,73.9000015258789,22.595020294189453,19.8167781829834
2007-10-02,109.17466735839844,49.999752044677734,72.3499984741211,22.140195846557617,19.940223693847656
2007-10-03,108.95503997802734,49.85394287109375,71.9000015258789,22.164562225341797,19.99782943725586
2007-10-04,109.12505340576172,50.04460144042969,72.87000274658203,22.473194122314453,19.973142623901367
2007-10-05,110.42167663574219,49.50625991821289,73.4000015258789,22.538166046142578,19.940223693847656
2007-10-08,109.83358764648438,49.46699905395508,72.52999877929688,22.067100524902344,20.06366539001465
2007-10-09,110.86801147460938,49.40531921386719,73.08999633789062,22.22141456604004,19.989599227905273
2007-10-10,110.68377685546875,49.433353424072266,73.36000061035156,22.48131561279297,19.931991577148438
2007-10-11,110.15241241455078,49.38290023803711,73.91000366210938,22.733089447021484,19.94845199584961
2007-10-12,110.76177215576172,49.14174270629883,74.58999633789062,22.83867645263672,19.9155330657959
2007-10-15,109.82645416259766,49.152984619140625,75.13999938964844,23.228527069091797,19.890844345092773
2007-10-16,108.95503997802734,49.169761657714844,75.12000274658203,23.252891540527344,19.9155330657959
2007-10-17,109.28803253173828,49.708152770996094,74.5,23.131061553955078,19.907304763793945
2007-10-18,108.89126586914062,49.98292922973633,76.0,23.545276641845703,19.78386116027832
2007-10-19,106.0430679321289,50.728755950927734,75.69999694824219,23.480300903320312,19.742713928222656
2007-10-22,106.65951538085938,50.73436737060547,74.5999984741211,23.415327072143555,19.907304763793945
2007-10-23,107.52384948730469,50.66709518432617,75.2300033569336,23.252891540527344,19.78386116027832
2007-10-24,107.32544708251953,51.04283905029297,75.5199966430664,23.334110260009766,19.75094223022461
2007-10-25,107.58053588867188,50.86894989013672,76.02999877929688,23.878273010253906,19.709796905517578
2007-10-26,108.84162139892578,50.751197814941406,77.69000244140625,24.243759155273438,19.627500534057617
2007-10-29,109.20304107666016,50.94746017456055,78.12000274658203,24.6417293548584,19.594581604003906
2007-10-30,108.4449462890625,50.919395446777344,77.3499984741211,24.089441299438477,19.63572883605957
2007-10-31,109.57148742675781,50.459571838378906,78.62000274658203,24.771678924560547,19.545204162597656
2007-11-01,107.0066146850586,51.115196228027344,77.93000030517578,24.454925537109375,19.611040115356445
2007-11-02,107.12706756591797,51.27861404418945,79.83000183105469,24.982851028442383,19.4217586517334
2007-11-05,106.31230163574219,51.256046295166016,79.75,24.820409774780273,19.5205135345459
2007-11-06,107.74349212646484,51.00819396972656,81.43000030517578,25.470157623291016,19.454675674438477
2007-11-07,104.79607391357422,51.09833526611328,82.23999786376953,25.3402099609375,19.355924606323242
2007-11-08,104.2646484375,51.00819396972656,82.2300033569336,25.27523422241211,19.339462280273438
2007-11-09,102.8334732055664,51.44188690185547,82.18000030517578,25.267112731933594,19.339462280273438
2007-11-12,101.81319427490234,51.627750396728516,78.30000305175781,24.714824676513672,19.5205135345459
2007-11-13,104.91647338867188,51.436256408691406,79.12000274658203,24.243759155273438,19.446449279785156
2007-11-14,104.62600708007812,51.492584228515625,80.27999877929688,24.787925720214844,19.454675674438477
2007-11-15,103.1169204711914,51.97697830200195,77.94999694824219,24.544265747070312,19.50405502319336
2007-11-16,103.29399108886719,52.050193786621094,77.75,24.625484466552734,19.479366302490234
2007-11-19,101.85570526123047,52.38819122314453,77.23999786376953,24.812286376953125,19.4217586517334
2007-11-20,102.47925567626953,52.33184814453125,79.47000122070312,25.429548263549805,19.240707397460938
2007-11-21,100.38204956054688,52.635990142822266,79.36000061035156,25.462039947509766,19.141956329345703
2007-11-23,102.117919921875,52.793701171875,81.25,25.69757080078125,19.281856536865234
2007-11-26,99.86479187011719,53.83574295043945,81.30000305175781,25.380821228027344,19.1830997467041
2007-11-27,101.01258087158203,53.32314682006836,80.0999984741211,25.177770614624023,19.29008674621582
2007-11-28,104.24345397949219,52.96271514892578,79.56999969482422,24.869142532348633,19.347694396972656
2007-11-29,104.27881622314453,53.41891860961914,78.27999877929688,24.925996780395508,19.454675674438477
2007-11-30,105.3274154663086,53.159786224365234,77.31999969482422,24.61736488342285,19.602811813354492
2007-12-03,104.63311004638672,53.58169174194336,78.27999877929688,24.796043395996094,19.561660766601562
2007-12-04,103.6978759765625,53.57602310180664,79.4000015258789,24.90974998474121,19.4217586517334
2007-12-05,105.43374633789062,52.93701934814453,78.62999725341797,24.72294807434082,19.660417556762695
2007-12-06,106.94285583496094,52.47330093383789,79.37000274658203,25.16965103149414,19.652189254760742
2007-12-07,106.92161560058594,51.88513946533203,78.5999984741211,25.088430404663086,19.685104370117188
2007-12-10,107.75054931640625,51.57415771484375,80.0,25.072189331054688,19.545204162597656
2007-12-11,104.79607391357422,52.58641052246094,78.83999633789062,25.29147720336914,19.50405502319336
2007-12-12,105.83051300048828,52.043514251708984,80.48999786376953,25.981836318969727,19.578123092651367
2007-12-13,105.61083984375,51.477996826171875,78.5,25.7056941986084,19.643959045410156
2007-12-14,104.27174377441406,51.240509033203125,78.5199966430664,25.52701187133789,19.890844345092773
2007-12-17,102.78388214111328,51.698551177978516,78.12999725341797,25.402164459228516,20.05681037902832
2007-12-18,103.3578109741211,52.03219223022461,79.25,25.29396629333496,19.865951538085938
2007-12-19,103.3578109741211,52.722145080566406,79.23999786376953,25.53533363342285,19.92403793334961
2007-12-20,104.00961303710938,52.60902786254883,78.66999816894531,25.42713165283203,19.957229614257812
2007-12-21,105.5089340209961,51.839927673339844,80.0999984741211,25.72676658630371,20.007020950317383
2007-12-24,106.29243469238281,51.59676742553711,80.13999938964844,25.91819953918457,19.874250411987305
2007-12-26,106.52037048339844,51.14436340332031,81.5199966430664,26.226154327392578,19.799564361572266
2007-12-27,105.1812973022461,51.70193099975586,81.55999755859375,26.31770896911621,19.67508888244629
2007-12-28,104.91776275634766,52.50818634033203,83.0,26.23447608947754,19.542320251464844
2007-12-31,104.141357421875,52.82612609863281,82.45999908447266,26.26776695251465,19.666793823242188
2008-01-02,103.22966003417969,53.5869140625,84.86000061035156,26.99188232421875,19.49253273010254
2008-01-03,103.17981719970703,53.51312255859375,85.56999969482422,27.199962615966797,19.534021377563477
2008-01-04,100.65122985839844,53.52448272705078,85.12999725341797,27.041820526123047,19.32656478881836
2008-01-07,100.56575012207031,53.75728225708008,84.7699966430664,26.550756454467773,19.517427444458008
2008-01-08,98.9417953491211,53.69481658935547,86.77999877929688,26.792125701904297,19.49253273010254
2008-01-09,99.98175811767578,53.79701232910156,86.55000305175781,26.525789260864258,19.641897201538086
2008-01-10,100.63701629638672,53.07025146484375,88.25,26.40093994140625,19.45103645324707
2008-01-11,99.8249740600586,53.48471450805664,88.58000183105469,26.64230728149414,19.542320251464844
2008-01-14,100.62989044189453,53.683467864990234,89.54000091552734,26.975234985351562,19.442739486694336
2008-01-15,98.41470336914062,54.2852897644043,87.98999786376953,26.64230728149414,19.426145553588867
2008-01-16,97.56708526611328,53.893516540527344,86.69999694824219,26.392614364624023,19.666793823242188
2008-01-17,95.03853607177734,54.591915130615234,86.5,26.05136489868164,19.63360023498535
2008-01-18,94.06270599365234,54.21720886230469,87.41999816894531,26.151247024536133,19.691688537597656
2008-01-22,93.1082763671875,54.79631423950195,88.16999816894531,26.0596923828125,19.72488021850586
2008-01-23,95.34481811523438,54.671390533447266,87.88999938964844,25.568626403808594,19.666793823242188
2008-01-24,96.14969635009766,53.57554626464844,90.08000183105469,26.201183319091797,19.500825881958008
2008-01-25,94.7607650756836,54.47835159301758,90.30000305175781,26.783802032470703,19.55061912536621
2008-01-28,96.32776641845703,54.27395248413086,91.75,26.90865135192871,19.426145553588867
2008-01-29,96.80500030517578,53.90489196777344,91.1500015258789,27.133373260498047,19.417844772338867
2008-01-30,96.09269714355469,53.5528678894043,92.05999755859375,26.900325775146484,19.301673889160156
2008-01-31,97.84490203857422,53.93330383300781,91.4000015258789,27.033498764038086,19.45103645324707
2008-02-01,99.41900634765625,54.25747299194336,89.3499984741211,26.559078216552734,19.525724411010742
2008-02-04,98.16542053222656,53.699119567871094,89.0999984741211,27.025175094604492,19.49253273010254
2008-02-05,95.53709411621094,54.109352111816406,87.68000030517578,26.800451278686523,19.699983596801758
2008-02-06,94.76790618896484,53.94408416748047,88.94999694824219,26.675601959228516,19.699983596801758
2008-02-07,95.39468383789062,52.781829833984375,89.8499984741211,27.000202178955078,19.890844345092773
2008-02-08,94.78214263916016,53.38577651977539,91.0,27.807546615600586,19.83275604248047
2008-02-11,95.26647186279297,53.60797882080078,91.33000183105469,27.99065589904785,19.7912654876709
2008-02-12,96.14969635009766,53.28889083862305,89.33000183105469,27.424686431884766,19.72488021850586
2008-02-13,97.13263702392578,52.724822998046875,89.44000244140625,27.6494083404541,19.758071899414062
2008-02-14,96.27789306640625,51.949981689453125,89.70999908447266,28.207056045532227,19.691688537597656
2008-02-15,96.25651550292969,52.34881591796875,89.1500015258789,28.073883056640625,19.691688537597656
2008-02-19,96.52717590332031,51.81891632080078,91.58000183105469,28.989431381225586,19.658496856689453
2008-02-20,96.81208801269531,52.17788314819336,93.23999786376953,29.139245986938477,19.666793823242188
2008-02-21,96.0072250366211,52.73052978515625,93.25,28.981103897094727,19.525724411010742
2008-02-22,96.59839630126953,52.4286003112793,93.38999938964844,29.380617141723633,19.301673889160156
2008-02-25,97.81642150878906,51.89302444458008,92.73999786376953,29.66360092163086,19.401247024536133
2008-02-26,98.55006408691406,51.91009521484375,93.70999908447266,30.296159744262695,19.268476486206055
2008-02-27,98.4503402709961,51.955684661865234,94.77999877929688,30.254539489746094,19.144006729125977
2008-02-28,97.48876190185547,52.878658294677734,95.98999786376953,30.545856475830078,19.036128997802734
2008-02-29,95.3163070678711,53.6877326965332,96.18000030517578,30.046464920043945,19.0444278717041
2008-03-03,95.08837127685547,53.54930877685547,97.23999786376953,30.487592697143555,19.002933502197266
2008-03-04,94.72513580322266,53.02891540527344,95.18000030517578,30.379390716552734,19.052724838256836
2008-03-05,95.3234634399414,52.39420700073242,97.72000122070312,31.045242309570312,18.96144676208496
2008-03-06,93.35045623779297,52.674339294433594,96.5,31.278291702270508,18.861865997314453
2008-03-07,92.3888931274414,52.74301528930664,96.08999633789062,30.962011337280273,18.919954299926758
2008-03-10,91.1708755493164,53.52073669433594,95.87000274658203,31.544631958007812,18.861865997314453
2008-03-11,94.44735717773438,53.063255310058594,95.98999786376953,32.03569412231445,18.986337661743164
2008-03-12,93.56416320800781,54.086883544921875,97.01000213623047,32.3852653503418,18.65440559387207
2008-03-13,93.77068328857422,53.66371536254883,98.33999633789062,32.41856002807617,18.60462188720703
2008-03-14,92.31767272949219,54.3270378112793,98.70999908447266,32.37693786621094,18.637813568115234
2008-03-17,91.38459777832031,54.74453353881836,99.16999816894531,31.078535079956055,18.480146408081055
2008-03-18,95.18103790283203,54.532958984375,96.5,31.769350051879883,18.69590187072754
2008-03-19,92.82337951660156,55.43648910522461,93.04000091552734,30.396039962768555,18.712495803833008
2008-03-20,94.542724609375,55.57371520996094,89.91000366210938,29.172536849975586,18.911653518676758
2008-03-24,96.43241882324219,54.49860382080078,90.0999984741211,29.705217361450195,19.193796157836914
2008-03-25,96.5254898071289,54.72739028930664,92.7300033569336,30.004850387573242,18.770584106445312
2008-03-26,95.34442138671875,54.49860382080078,93.80000305175781,30.903751373291016,18.505041122436523
2008-03-27,95.04379272460938,54.115509033203125,93.45999908447266,31.2449951171875,18.538236618041992
2008-03-28,94.13470458984375,54.641578674316406,91.87999725341797,30.504241943359375,18.55483055114746
2008-03-31,94.46399688720703,54.83599853515625,90.41000366210938,29.771804809570312,18.588022232055664
2008-04-01,97.78531646728516,53.94356918334961,86.86000061035156,29.60533905029297,18.878461837768555
2008-04-02,97.84973907470703,54.05839157104492,89.2699966430664,30.487592697143555,18.69590187072754
2008-04-03,98.09309387207031,54.17905807495117,89.41999816894531,30.654056549072266,18.76228904724121
2008-04-04,97.98571014404297,54.672935485839844,90.25,30.87045669555664,18.579727172851562
2008-04-07,98.03585815429688,54.38578796386719,91.16999816894531,31.203384399414062,18.712495803833008
2008-04-08,97.93561553955078,54.19624710083008,90.3499984741211,31.328224182128906,18.712495803833008
2008-04-09,97.22698211669922,54.75907516479492,92.29000091552734,31.852581024169922,18.588022232055664
2008-04-10,97.36297607421875,54.575313568115234,91.7699966430664,31.711091995239258,18.67100715637207
2008-04-11,95.4732666015625,54.94282913208008,91.30000305175781,31.586246490478516,18.60462188720703
2008-04-14,95.15113830566406,54.621253967285156,91.11000061035156,31.80264663696289,18.60462188720703
2008-04-15,95.37303924560547,53.94356918334961,91.66000366210938,32.18550109863281,18.6295166015625
2008-04-16,97.95706939697266,53.41522979736328,93.2699966430664,32.49346923828125,18.44695281982422
2008-04-17,98.1002426147461,53.32331466674805,92.55999755859375,32.34364700317383,18.546533584594727
2008-04-18,99.12380981445312,53.27738952636719,90.62000274658203,32.36029815673828,18.67100715637207
2008-04-21,99.1739501953125,53.4898796081543,90.25,32.40190887451172,18.52993392944336
2008-04-22,98.73731231689453,53.67364501953125,90.2699966430664,32.60166549682617,18.463550567626953
2008-04-23,98.5798110961914,53.49559783935547,89.22000122070312,32.29370880126953,18.588022232055664
2008-04-24,99.00931549072266,53.041893005371094,87.22000122070312,31.752708435058594,18.795482635498047
2008-04-25,99.925537109375,52.7318115234375,87.2699966430664,32.335323333740234,18.84526824951172
2008-04-28,99.9470443725586,52.89259719848633,87.69000244140625,32.41023254394531,18.82037353515625
2008-04-29,99.55329895019531,53.09360122680664,85.80999755859375,31.62786102294922,18.895057678222656
2008-04-30,98.96633911132812,53.47264862060547,86.6500015258789,31.569595336914062,18.76228904724121
2008-05-01,101.01356506347656,53.47608947753906,83.98999786376953,30.837162017822266,18.919954299926758
2008-05-02,101.29271697998047,52.8017578125,84.58000183105469,31.619535446166992,19.019533157348633
2008-05-05,100.80596923828125,52.8017578125,86.2699966430664,32.277069091796875,18.928251266479492
2008-05-06,101.67926788330078,52.42132568359375,86.62999725341797,32.70154571533203,18.861865997314453
2008-05-07,99.8682632446289,52.64612579345703,85.81999969482422,32.75980758666992,18.986337661743164
2008-05-08,99.6105728149414,53.11875915527344,87.23999786376953,33.29248809814453,18.986337661743164
2008-05-09,99.42449188232422,53.314735412597656,87.41999816894531,33.80851745605469,18.861865997314453
2008-05-12,100.54114532470703,53.233985900878906,86.98999786376953,33.23421859741211,18.836971282958984
2008-05-13,100.55542755126953,52.65191650390625,85.38999938964844,33.417335510253906,18.919954299926758
2008-05-14,100.76302337646484,52.67497253417969,85.19999694824219,32.87632369995117,18.94484519958496
2008-05-15,102.0228042602539,53.15332794189453,87.0,33.2508659362793,18.928251266479492
2008-05-16,102.11587524414062,52.934329986572266,89.0999984741211,33.733612060546875,18.745689392089844
2008-05-19,102.39501190185547,53.003475189208984,89.38999938964844,33.783546447753906,18.84526824951172
2008-05-20,101.56471252441406,53.28014373779297,90.9000015258789,34.249637603759766,18.65440559387207
2008-05-21,99.84680938720703,53.29166793823242,91.95999908447266,35.2484130859375,18.521638870239258
2008-05-22,99.86109924316406,52.66343688964844,90.9800033569336,34.7407112121582,18.637813568115234
2008-05-23,98.52256774902344,52.893985748291016,91.2300033569336,34.80728530883789,18.52993392944336
2008-05-27,99.25270080566406,52.53660583496094,89.36000061035156,34.249637603759766,18.637813568115234
2008-05-28,99.7107925415039,52.06976318359375,89.13999938964844,34.466041564941406,18.720794677734375
2008-05-29,100.21187591552734,51.69512939453125,86.51000213623047,33.52553176879883,18.870162963867188
2008-05-30,100.46240234375,52.03514099121094,87.44999694824219,33.75025177001953,18.84526824951172
2008-06-02,99.42449188232422,52.235923767089844,87.95999908447266,34.199703216552734,18.82037353515625
2008-06-03,98.84468078613281,52.61191177368164,86.87999725341797,33.392356872558594,18.919954299926758
2008-06-04,98.79457092285156,52.14329528808594,86.6500015258789,32.892974853515625,18.969743728637695
2008-06-05,100.77018737792969,51.83097839355469,86.44999694824219,34.141441345214844,18.878461837768555
2008-06-06,97.55622100830078,52.50198745727539,89.05999755859375,35.0153694152832,18.662708282470703
2008-06-09,97.7924575805664,52.50198745727539,87.98999786376953,35.373260498046875,18.82037353515625
2008-06-10,97.30573272705078,52.160709381103516,85.55000305175781,35.231773376464844,19.019533157348633
2008-06-11,95.87408447265625,52.03922653198242,87.0199966430664,36.53017807006836,18.895057678222656
2008-06-12,96.2391357421875,51.51856994628906,85.5999984741211,36.52185821533203,19.052724838256836
2008-06-13,97.45600891113281,51.40868377685547,85.83000183105469,36.28880310058594,19.077619552612305
2008-06-16,97.51327514648438,51.4202766418457,87.01000213623047,36.255516052246094,18.9946346282959
2008-06-17,97.04084777832031,51.52439498901367,87.25,36.62173080444336,18.95314598083496
2008-06-18,96.09601593017578,51.95820236206055,88.27999877929688,37.12112045288086,18.936548233032227
2008-06-19,96.21768188476562,51.651641845703125,88.41999816894531,36.255516052246094,18.95314598083496
2008-06-20,94.65591430664062,51.95244216918945,88.94999694824219,36.505210876464844,18.828670501708984
2008-06-23,94.56237030029297,52.06239318847656,87.08999633789062,36.763221740722656,18.936548233032227
2008-06-24,94.3753433227539,52.40944290161133,87.47000122070312,36.771549224853516,18.88675880432129
2008-06-25,94.82136535644531,52.43259811401367,87.41999816894531,36.63005447387695,18.795482635498047
2008-06-26,92.24600219726562,52.78544998168945,90.61000061035156,37.84523010253906,18.679306030273438
2008-06-27,91.742431640625,53.4044189453125,91.47000122070312,37.945106506347656,18.621217727661133
2008-06-30,92.066162109375,53.41596984863281,91.4000015258789,37.27093505859375,18.662708282470703
2008-07-01,92.35389709472656,53.28944396972656,92.66000366210938,37.92845916748047,18.64611053466797
2008-07-02,90.77128601074219,53.5681037902832,93.16999816894531,38.65257263183594,18.55483055114746
2008-07-03,90.86476135253906,53.451969146728516,92.05999755859375,38.635921478271484,18.737394332885742
2008-07-07,89.93680572509766,53.69576644897461,91.2300033569336,38.111568450927734,18.720794677734375
2008-07-08,91.5337905883789,54.044132232666016,90.86000061035156,36.72993469238281,18.80377769470215
2008-07-09,89.7713394165039,54.282188415527344,91.5,36.704959869384766,18.67100715637207
2008-07-10,90.13821411132812,54.2763786315918,93.52999877929688,37.7037353515625,18.65440559387207
2008-07-11,89.08788299560547,53.50424575805664,95.16000366210938,38.22809600830078,18.52993392944336
2008-07-14,88.28221893310547,53.974456787109375,95.91000366210938,38.24474334716797,18.496746063232422
2008-07-15,87.03767395019531,53.957069396972656,96.16999816894531,37.02956771850586,18.480146408081055
2008-07-16,89.17425537109375,52.98170471191406,94.44000244140625,36.463592529296875,18.571426391601562
2008-07-17,90.0662841796875,52.7088737487793,94.22000122070312,35.6063117980957,18.60462188720703
2008-07-18,90.62741088867188,52.51144790649414,94.16999816894531,34.998714447021484,18.60462188720703
2008-07-21,90.67774200439453,52.714637756347656,95.12000274658203,35.4232063293457,18.538236618041992
2008-07-22,91.70647430419922,52.45341110229492,93.05999755859375,34.64915084838867,18.67100715637207
2008-07-23,92.20279693603516,52.348941802978516,90.56999969482422,33.86677932739258,18.745689392089844
2008-07-24,90.28929901123047,52.85980224609375,91.33000183105469,33.891754150390625,18.729093551635742
2008-07-25,90.26769256591797,52.33148193359375,91.69000244140625,33.46726608276367,18.75398826599121
2008-07-28,88.94403839111328,52.85980224609375,91.7300033569336,33.633731842041016,18.712495803833008
2008-07-29,90.84319305419922,52.644981384277344,90.58999633789062,33.2508659362793,18.870162963867188
2008-07-30,92.46179962158203,52.6972770690918,89.5199966430664,33.90839767456055,18.85356903076172
2008-07-31,91.23887634277344,53.219764709472656,90.08000183105469,33.62540817260742,18.85356903076172
2008-08-01,90.75684356689453,53.33744430541992,89.56999969482422,33.2508659362793,18.911653518676758
2008-08-04,89.91520690917969,53.215057373046875,88.13999938964844,32.152217864990234,18.919954299926758
2008-08-05,92.33951568603516,52.818885803222656,86.08000183105469,31.927494049072266,19.06102180480957
2008-08-06,92.74957275390625,52.603267669677734,86.63999938964844,31.586246490478516,19.119110107421875
2008-08-07,91.36836242675781,53.45981979370117,86.08999633789062,31.761030197143555,19.218690872192383
2008-08-08,93.06610870361328,53.60545349121094,84.43000030517578,30.87045669555664,19.525724411010742
2008-08-11,94.03005981445312,53.09275817871094,81.12999725341797,30.837162017822266,19.63360023498535
2008-08-12,93.05168151855469,53.58797836303711,80.5199966430664,30.570819854736328,19.59210968017578
2008-08-13,92.49058532714844,53.40154266357422,81.55999755859375,31.59456443786621,19.59210968017578
2008-08-14,93.18838500976562,53.74531936645508,79.3499984741211,31.319902420043945,19.70828628540039
2008-08-15,93.64157104492188,54.21147155761719,77.62999725341797,30.895421981811523,19.857650756835938
2008-08-18,92.36111450195312,54.42703628540039,78.80000305175781,31.07021141052246,19.799564361572266
2008-08-19,91.35395812988281,54.21727752685547,80.43000030517578,31.55295181274414,19.70828628540039
2008-08-20,91.77839660644531,54.36876678466797,80.05999755859375,31.80264663696289,19.766372680664062
2008-08-21,91.9366683959961,54.26969909667969,82.30000305175781,33.16763687133789,19.542320251464844
2008-08-22,93.26750183105469,54.234737396240234,81.08000183105469,32.04401397705078,19.741477966308594
2008-08-25,91.37554931640625,54.776641845703125,80.93000030517578,31.86090660095215,19.733179092407227
2008-08-26,91.64167785644531,54.8232536315918,81.2300033569336,31.877552032470703,19.849353790283203
2008-08-27,92.53375244140625,54.9165153503418,81.36000061035156,32.17718505859375,19.7912654876709
2008-08-28,93.65596771240234,54.92228317260742,82.18000030517578,31.544631958007812,19.857650756835938
2008-08-29,92.64887237548828,54.67757797241211,81.70999908447266,31.428104400634766,19.865951538085938
2008-09-02,92.0733413696289,55.18633270263672,79.19999694824219,30.612436294555664,20.05681037902832
2008-09-03,91.99420166015625,55.420265197753906,78.88999938964844,30.437650680541992,20.040212631225586
2008-09-04,89.22457885742188,55.864715576171875,78.38999938964844,30.004850387573242,20.197879791259766
2008-09-05,89.50517272949219,55.83549499511719,78.9800033569336,29.705217361450195,20.272563934326172
2008-09-08,91.35395812988281,56.06941604614258,78.86000061035156,29.63863182067871,20.38043975830078
2008-09-09,88.64189910888672,56.62492752075195,76.48999786376953,28.556631088256836,20.38873863220215
2008-09-10,89.00161743164062,56.27409744262695,74.22000122070312,28.598243713378906,20.521512985229492
2008-09-11,90.28929901123047,56.24483108520508,73.08000183105469,28.35687255859375,20.579599380493164
2008-09-12,90.70652770996094,55.51970672607422,75.55000305175781,28.548303604125977,20.18958282470703
2008-09-15,86.3902587890625,57.320796966552734,77.55999755859375,27.424686431884766,20.007020950317383
2008-09-16,87.83618927001953,57.30913543701172,76.79000091552734,26.867034912109375,20.297454833984375
2008-09-17,83.88681030273438,57.595645904541016,85.45999908447266,27.674379348754883,19.857650756835938
2008-09-18,86.37586212158203,56.753562927246094,82.80000305175781,27.724319458007812,19.94063377380371
2008-09-19,89.80618286132812,54.95240783691406,85.9800033569336,28.639860153198242,19.782968521118164
2008-09-22,87.77302551269531,54.946598052978516,89.18000030517578,29.630308151245117,19.334863662719727
2008-09-23,85.77603149414062,54.73603057861328,88.31999969482422,29.339000701904297,19.459339141845703
2008-09-24,86.05099487304688,54.9758186340332,86.70999908447266,29.097627639770508,19.65019989013672
2008-09-25,87.39678192138672,54.86470413208008,86.44999694824219,29.60533905029297,19.617000579833984
2008-09-26,87.44017028808594,55.26237487792969,86.63999938964844,29.25577163696289,19.617000579833984
2008-09-29,80.58824920654297,56.87055969238281,89.56999969482422,27.441329956054688,19.766372680664062
2008-09-30,83.92375946044922,55.48460006713867,85.06999969482422,28.207056045532227,20.28086280822754
2008-10-01,83.97442626953125,56.182640075683594,85.97000122070312,27.549530029296875,20.363845825195312
2008-10-02,80.92829895019531,56.63430404663086,82.33000183105469,26.026399612426758,20.645984649658203
2008-10-03,79.83577728271484,57.13285827636719,82.58999633789062,25.418813705444336,20.563003540039062
2008-10-06,75.76945495605469,58.171138763427734,84.27999877929688,24.336801528930664,20.811946868896484
2008-10-07,72.37606811523438,57.99516296386719,87.2699966430664,24.63644027709961,20.662580490112305
2008-10-08,70.55271911621094,57.16222381591797,89.41999816894531,24.994333267211914,20.596193313598633
2008-10-09,65.62538146972656,56.68118667602539,89.9000015258789,23.8290958404541,20.704072952270508
2008-10-10,64.03357696533203,56.282352447509766,83.22000122070312,22.77206039428711,20.737262725830078
2008-10-13,73.33109283447266,55.56083679199219,81.98999786376953,24.037174224853516,20.720666885375977
2008-10-14,72.24580383300781,55.203025817871094,82.19999694824219,23.596050262451172,20.71236801147461
2008-10-15,65.13334655761719,55.73100280761719,83.30999755859375,22.52236557006836,20.95301628112793
2008-10-16,67.84664154052734,55.44353485107422,79.29000091552734,22.097885131835938,21.06089210510254
2008-10-17,67.44145965576172,55.062278747558594,77.20999908447266,22.34758186340332,21.094087600708008
2008-10-20,71.49331665039062,55.5022087097168,78.5,22.797027587890625,21.260055541992188
2008-10-21,69.35885620117188,55.795501708984375,76.02999877929688,21.981365203857422,21.608579635620117
2008-10-22,65.58197784423828,56.927581787109375,71.70999908447266,20.940969467163086,21.865821838378906
2008-10-23,66.34168243408203,57.34989547729492,70.6500015258789,21.02420425415039,21.741350173950195
2008-10-24,62.97719955444336,56.739891052246094,72.20999908447266,20.183568954467773,22.30562973022461
2008-10-27,60.741432189941406,56.780914306640625,72.18000030517578,20.033750534057617,22.30562973022461
2008-10-28,67.83943176269531,55.95381164550781,73.79000091552734,20.583078384399414,22.048383712768555
2008-10-29,67.34740447998047,55.67229080200195,74.0,21.79825210571289,21.691558837890625
2008-10-30,69.6772232055664,55.167823791503906,72.70999908447266,20.89935874938965,21.66666603088379
2008-10-31,70.06069946289062,54.452239990234375,71.33999633789062,21.132404327392578,21.990297317504883
2008-11-03,70.26329803466797,54.599456787109375,71.0999984741211,20.89935874938965,22.098173141479492
2008-11-04,72.6509780883789,55.624149322509766,75.4800033569336,21.84819221496582,21.63347053527832
2008-11-05,69.59761047363281,56.283756256103516,72.80000305175781,21.28221893310547,21.70815658569336
2008-11-06,65.74111938476562,55.87742614746094,72.22000122070312,20.35003089904785,22.01519012451172
2008-11-07,67.91178131103516,55.51226806640625,72.5,20.375,21.96540069580078
2008-11-10,67.02183532714844,55.783206939697266,73.58000183105469,20.5081729888916,21.981996536254883
2008-11-11,64.95248413085938,55.94810485839844,72.05000305175781,20.11698341369629,22.322223663330078
2008-11-12,62.094444274902344,56.307373046875,70.0,19.52604103088379,22.37201499938965
2008-11-13,65.96542358398438,54.9587287902832,72.1500015258789,19.892257690429688,22.01519012451172
2008-11-14,62.67329025268555,56.04823684692383,73.30000305175781,19.767412185668945,22.197751998901367
2008-11-17,61.841251373291016,56.29557418823242,72.6500015258789,19.317960739135742,22.181156158447266
2008-11-18,63.00614547729492,57.01994705200195,72.51000213623047,19.026653289794922,22.247541427612305
2008-11-19,58.96875,58.48046112060547,72.26000213623047,18.810253143310547,22.322223663330078
2008-11-20,54.591339111328125,61.501705169677734,73.44999694824219,17.85309600830078,22.471593856811523
2008-11-21,57.53615951538086,60.61234664916992,78.8499984741211,18.161048889160156,22.36371421813965
2008-11-24,61.5228385925293,59.66422653198242,80.91000366210938,19.40951919555664,21.81603240966797
2008-11-25,61.97869110107422,61.41922378540039,80.87000274658203,18.76031494140625,21.558788299560547
2008-11-26,64.37364196777344,61.501705169677734,80.37999725341797,19.359580993652344,21.799440383911133
2008-11-28,65.18397521972656,62.26143264770508,80.30999755859375,18.51894187927246,22.031787872314453
2008-12-01,59.41014099121094,64.6457290649414,75.6500015258789,17.94464874267578,22.156261444091797
2008-12-02,61.696533203125,64.89389038085938,76.94999694824219,17.952970504760742,22.031787872314453
2008-12-03,63.17979431152344,65.07707977294922,76.18000030517578,17.744892120361328,22.064979553222656
2008-12-04,61.71821975708008,66.35934448242188,75.5,16.81270408630371,22.00689125061035
2008-12-05,63.62115478515625,65.2839126586914,74.5199966430664,16.396547317504883,22.098173141479492
2008-12-08,65.84241485595703,65.14208221435547,76.19999694824219,17.153953552246094,21.72475242614746
2008-12-09,64.75715637207031,66.43023681640625,76.33000183105469,16.77941131591797,21.782840728759766
2008-12-10,65.19849395751953,66.270751953125,79.75,17.28712272644043,21.658367156982422
2008-12-11,63.628387451171875,66.40072631835938,80.6500015258789,17.836448669433594,21.17707061767578
2008-12-12,64.38813018798828,66.40072631835938,80.80999755859375,18.22763442993164,21.12727928161621
2008-12-15,63.490909576416016,67.1571044921875,82.5999984741211,17.711917877197266,20.75970458984375
2008-12-16,66.4791488647461,68.81755065917969,84.45999908447266,17.96554946899414,20.258466720581055
2008-12-17,65.83518981933594,70.684814453125,85.43000030517578,17.720369338989258,20.016197204589844
2008-12-18,64.60519409179688,72.1679916381836,83.87000274658203,17.4498348236084,20.358713150024414
2008-12-19,64.32727813720703,72.24485778808594,82.62999725341797,17.331470489501953,20.667810440063477
2008-12-22,63.5030632019043,71.68936157226562,83.45999908447266,16.841115951538086,20.659456253051758
2008-12-23,62.84654235839844,71.59483337402344,82.62999725341797,16.908750534057617,20.64274787902832
2008-12-24,63.211246490478516,71.4411849975586,83.45999908447266,16.64666748046875,20.634395599365234
2008-12-26,63.57595443725586,71.67756652832031,85.5999984741211,16.908750534057617,20.52579116821289
2008-12-29,63.39361572265625,71.59162902832031,86.3499984741211,17.09474754333496,20.626041412353516
2008-12-30,64.89620971679688,72.27339172363281,85.9000015258789,17.196199417114258,20.534147262573242
2008-12-31,65.82257080078125,70.76155090332031,86.5199966430664,17.914823532104492,20.626041412353516
2009-01-02,67.80657196044922,68.98287200927734,86.2300033569336,18.540447235107422,20.81818389892578
2009-01-05,67.72635650634766,67.20417785644531,84.4800033569336,18.73489761352539,21.04374122619629
2009-01-06,68.1785659790039,66.5282974243164,85.12999725341797,19.225248336791992,21.010326385498047
2009-01-07,66.13623046875,66.78919219970703,82.75,18.24454116821289,20.876659393310547
2009-01-08,66.40608215332031,66.7358169555664,84.45999908447266,18.312177658081055,20.667810440063477
2009-01-09,64.98369598388672,66.83660888671875,83.91999816894531,18.100818634033203,20.98526382446289
2009-01-12,63.42279815673828,67.53026580810547,80.76000213623047,17.280746459960938,21.085508346557617
2009-01-13,63.539485931396484,67.60140991210938,80.87999725341797,17.568193435668945,21.327777862548828
2009-01-14,61.54090118408203,68.71609497070312,79.79000091552734,17.323015213012695,21.41131591796875
2009-01-15,61.562801361083984,68.82870483398438,80.38999938964844,17.306108474731445,21.402963638305664
2009-01-16,62.044189453125,67.76747131347656,82.70999908447266,17.3821964263916,21.219175338745117
2009-01-20,58.769107818603516,67.75555419921875,84.5199966430664,16.841115951538086,21.829017639160156
2009-01-21,61.30747985839844,65.61528015136719,84.1500015258789,16.908750534057617,21.636877059936523
2009-01-22,60.359222412109375,64.35240936279297,84.58000183105469,16.688936233520508,21.620166778564453
2009-01-23,60.621822357177734,63.848411560058594,88.52999877929688,17.46674156188965,21.611814498901367
2009-01-26,61.03760528564453,63.2911376953125,88.94999694824219,17.500558853149414,21.327777862548828
2009-01-27,61.6575927734375,64.77930450439453,88.37999725341797,17.02711296081543,21.302715301513672
2009-01-28,63.74374771118164,63.16066360473633,87.41999816894531,17.432924270629883,21.377901077270508
2009-01-29,61.67219543457031,61.70809555053711,89.5,17.22156524658203,21.544981002807617
2009-01-30,60.41761779785156,61.512451171875,91.30999755859375,17.12010955810547,21.678647994995117
2009-02-02,60.23525619506836,62.65687942504883,88.83999633789062,16.79039192199707,21.661935806274414
2009-02-03,61.081329345703125,61.164649963378906,88.47000122070312,16.595943450927734,21.394609451293945
2009-02-04,60.78230285644531,60.9505729675293,89.18000030517578,16.688936233520508,21.595104217529297
2009-02-05,61.686763763427734,61.004093170166016,90.12000274658203,17.060930252075195,21.661935806274414
2009-02-06,63.444698333740234,60.81389617919922,89.58999633789062,17.187746047973633,21.4781494140625
2009-02-09,63.53218460083008,61.01005172729492,88.31999969482422,17.09474754333496,21.336132049560547
2009-02-10,60.621822357177734,62.335838317871094,90.20999908447266,16.874935150146484,21.586750030517578
2009-02-11,60.979251861572266,63.14442443847656,92.29000091552734,16.773483276367188,21.620166778564453
2009-02-12,61.02301788330078,62.54987716674805,93.16999816894531,16.798847198486328,21.703710556030273
2009-02-13,60.366554260253906,60.885215759277344,92.55000305175781,16.494487762451172,21.636877059936523
2009-02-17,57.78438949584961,62.781822204589844,95.44999694824219,15.572959899902344,22.062931060791016
2009-02-18,57.64579391479492,62.246681213378906,96.91000366210938,15.479963302612305,22.163177490234375
2009-02-19,57.02579879760742,61.18839645385742,95.7699966430664,15.8604097366333,22.037866592407227
2009-02-20,56.47144317626953,61.78297805786133,97.80000305175781,15.682867050170898,21.728769302368164
2009-02-23,54.450958251953125,62.35368728637695,97.7300033569336,15.530688285827637,21.92926597595215
2009-02-24,56.51521682739258,62.288326263427734,94.7300033569336,15.826593399047852,21.81230926513672
2009-02-25,56.070289611816406,61.56893539428711,93.1500015258789,16.012588500976562,22.07963752746582
2009-02-26,55.15849304199219,60.92087936401367,93.05999755859375,16.35076332092285,22.062931060791016
2009-02-27,53.92578125,60.57012176513672,92.62999725341797,16.156312942504883,22.121408462524414
2009-03-02,51.496803283691406,61.572879791259766,90.93000030517578,15.344693183898926,22.346965789794922
2009-03-03,51.11021423339844,61.161521911621094,90.04000091552734,15.446146011352539,22.338613510131836
2009-03-04,52.32107162475586,60.881351470947266,88.98999786376953,15.987224578857422,22.213302612304688
2009-03-05,50.183868408203125,62.574440002441406,91.98999786376953,15.85195541381836,22.330259323120117
2009-03-06,50.27138900756836,62.157135009765625,92.29000091552734,16.232402801513672,22.221656799316406
2009-03-09,49.680564880371094,61.79348373413086,90.56999969482422,16.139404296875,22.346965789794922
2009-03-10,52.641998291015625,60.60708999633789,88.13999938964844,16.09713363647461,22.221656799316406
2009-03-11,52.98484420776367,61.26287841796875,89.22000122070312,15.589868545532227,21.979389190673828
2009-03-12,55.07097244262695,61.55497360229492,91.0999984741211,16.316946029663086,21.870786666870117
2009-03-13,55.501304626464844,61.2449951171875,91.30000305175781,16.173221588134766,21.89584732055664
2009-03-16,55.33354568481445,60.2791862487793,90.80000305175781,16.528305053710938,21.829017639160156
2009-03-17,57.02579879760742,59.9513053894043,90.04000091552734,16.883390426635742,21.79560089111328
2009-03-18,58.30229187011719,62.222713470458984,93.08999633789062,17.09474754333496,21.09386444091797
2009-03-19,57.580169677734375,62.30021667480469,94.3499984741211,17.4498348236084,20.843246459960938
2009-03-20,56.35404968261719,61.9544792175293,93.58999633789062,17.686555862426758,21.018678665161133
2009-03-23,60.40190887451172,61.41788864135742,92.08000183105469,18.058547973632812,20.910076141357422
2009-03-24,59.211795806884766,62.00218200683594,90.94999694824219,17.762643814086914,21.14398765563965
2009-03-25,59.836212158203125,61.16749954223633,91.9800033569336,17.492103576660156,20.976909637451172
2009-03-26,61.055721282958984,61.876949310302734,91.93000030517578,17.796459197998047,21.110572814941406
2009-03-27,59.95376968383789,62.33597946166992,90.69000244140625,17.46674156188965,21.36119270324707
2009-03-30,57.88210678100586,62.574440002441406,89.9800033569336,16.83266258239746,21.494855880737305
2009-03-31,58.418373107910156,63.02159881591797,90.27999877929688,16.908750534057617,21.41967010498047
2009-04-01,59.54971694946289,63.59670639038086,91.02999877929688,16.86648178100586,21.436378479003906
2009-04-02,61.29083251953125,62.8194694519043,88.80000305175781,17.517465591430664,21.152341842651367
2009-04-03,61.900569915771484,61.53406524658203,87.58999633789062,17.788009643554688,21.085508346557617
2009-04-06,61.41570281982422,61.27101516723633,85.2699966430664,17.568193435668945,21.185760498046875
2009-04-07,59.98317337036133,61.426422119140625,86.73999786376953,17.255382537841797,21.344484329223633
2009-04-08,60.62960433959961,61.97053527832031,86.61000061035156,17.3821964263916,21.35283851623535
2009-04-09,63.03925704956055,61.193302154541016,86.30999755859375,17.63582992553711,21.436378479003906
2009-04-13,63.05394744873047,61.75527572631836,87.87999725341797,17.711917877197266,21.152341842651367
2009-04-14,61.96665573120117,62.07813262939453,87.37000274658203,17.390649795532227,21.20246696472168
2009-04-15,62.62784194946289,61.97053527832031,87.5,17.280746459960938,21.235881805419922
2009-04-16,63.5461311340332,61.48028564453125,85.80999755859375,17.20465660095215,21.311067581176758
2009-04-17,63.972225189208984,60.80464172363281,85.22000122070312,17.07784080505371,21.528274536132812
2009-04-20,61.29083251953125,61.72538375854492,86.94999694824219,16.4353084564209,21.695354461669922
2009-04-21,62.48828125,61.11559295654297,86.88999938964844,16.494487762451172,21.64522933959961
2009-04-22,62.10626983642578,60.74489974975586,87.37999725341797,16.519851684570312,21.586750030517578
2009-04-23,62.71595764160156,60.73891067504883,88.80000305175781,16.73966407775879,21.344484329223633
2009-04-24,63.663692474365234,60.12904739379883,89.72000122070312,16.993295669555664,21.177404403686523
2009-04-27,63.06132125854492,60.38612365722656,89.01000213623047,16.570575714111328,21.428024291992188
2009-04-28,62.862945556640625,59.39959716796875,87.75,16.45221710205078,21.294361114501953
2009-04-29,64.19998168945312,58.873497009277344,88.33000183105469,16.83266258239746,21.14398765563965
2009-04-30,64.22203063964844,58.640296936035156,87.2699966430664,16.891841888427734,21.169050216674805
2009-05-01,64.56730651855469,58.23673629760742,86.94999694824219,17.399105072021484,21.118927001953125
2009-05-04,66.76386260986328,58.428619384765625,88.63999938964844,17.737279891967773,20.92678451538086
2009-05-05,66.5361328125,58.35664749145508,88.25,17.4836483001709,20.993616104125977
2009-05-06,67.68949127197266,58.21870422363281,89.54000091552734,17.94864273071289,20.95184898376465
2009-05-07,66.7491683959961,56.797420501708984,89.44000244140625,17.982458114624023,20.95184898376465
2009-05-08,68.30661010742188,56.93537521362305,89.9800033569336,18.430540084838867,20.57591438293457
2009-05-11,67.02831268310547,57.74494552612305,89.69000244140625,18.278364181518555,20.684518814086914
2009-05-12,66.82999420166016,57.95482635498047,90.69999694824219,18.46435546875,20.57591438293457
2009-05-13,65.14769744873047,58.58450698852539,91.08999633789062,18.25299835205078,20.65110206604004
2009-05-14,65.70597839355469,58.81242370605469,91.02999877929688,18.37135887145996,20.584270477294922
2009-05-15,65.16971588134766,58.794410705566406,91.55000305175781,17.906368255615234,20.726287841796875
2009-05-18,67.0209732055664,57.88288879394531,90.36000061035156,18.37981414794922,20.617687225341797
2009-05-19,66.9401626586914,57.57707214355469,90.95999908447266,18.37981414794922,20.509084701538086
2009-05-20,66.49203491210938,58.18273162841797,92.25,18.675718307495117,20.258466720581055
2009-05-21,65.53703308105469,56.7194938659668,93.8499984741211,18.523536682128906,20.124799728393555
2009-05-22,65.39743041992188,56.08979797363281,94.1500015258789,18.794076919555664,19.9827823638916
2009-05-26,67.0724105834961,55.244266510009766,93.76000213623047,18.836349487304688,20.024551391601562
2009-05-27,65.87493896484375,54.26669692993164,93.44999694824219,18.9208927154541,20.09138298034668
2009-05-28,66.79327392578125,55.05234146118164,94.23999786376953,19.26752281188965,20.10809326171875
2009-05-29,67.97599792480469,56.47356414794922,96.19999694824219,19.639514923095703,19.824054718017578
2009-06-01,69.6216049194336,54.804019927978516,95.7300033569336,20.180599212646484,19.77393341064453
2009-06-02,69.68035888671875,55.09883499145508,96.36000061035156,20.26513671875,19.59014320373535
2009-06-03,68.7988052368164,55.616249084472656,94.41000366210938,19.588788986206055,19.882532119750977
2009-06-04,69.44528198242188,54.46709060668945,96.2300033569336,20.307411193847656,19.840763092041016
2009-06-05,69.45996856689453,54.05195617675781,93.70999908447266,20.1975040435791,20.18328094482422
2009-06-08,69.17347717285156,53.91362762451172,93.55999755859375,20.146780014038086,20.191635131835938
2009-06-09,69.5261001586914,53.907562255859375,93.83000183105469,20.341228485107422,19.932659149169922
2009-06-10,69.34976959228516,53.05929183959961,93.86000061035156,20.26513671875,20.04961395263672
2009-06-11,69.65833282470703,53.648887634277344,93.69999694824219,20.451133728027344,19.849119186401367
2009-06-12,69.8493423461914,54.130184173583984,92.16999816894531,20.16368865966797,20.041261672973633
2009-06-15,68.24784088134766,54.61749267578125,91.0999984741211,19.774784088134766,20.408836364746094
2009-06-16,67.32218170166016,55.56814956665039,91.93000030517578,19.698694229125977,20.141508102416992
2009-06-17,67.25602722167969,55.255226135253906,92.3499984741211,19.757877349853516,20.024551391601562
2009-06-18,67.74826049804688,54.41897201538086,91.61000061035156,19.783239364624023,20.116445541381836
2009-06-19,67.99796295166016,55.1650276184082,91.9000015258789,19.614152908325195,20.024551391601562
2009-06-22,65.95895385742188,55.70048522949219,90.54000091552734,18.9547119140625,20.158214569091797
2009-06-23,66.01065063476562,56.35627365112305,90.91999816894531,19.2844295501709,19.924304962158203
2009-06-24,66.57952117919922,55.79074478149414,91.44999694824219,19.275978088378906,20.041261672973633
2009-06-25,68.0275650024414,56.81351852416992,92.30999755859375,19.445064544677734,20.024551391601562
2009-06-26,67.8502197265625,56.90977478027344,92.29000091552734,19.2844295501709,19.907596588134766
2009-06-29,68.48561096191406,56.99405288696289,92.04000091552734,19.470428466796875,19.890888214111328
2009-06-30,67.93148803710938,56.89775085449219,91.18000030517578,19.123798370361328,19.966073989868164
2009-07-01,68.21223449707031,56.78486251831055,92.38999938964844,19.04770851135254,19.865825653076172
2009-07-02,66.35050201416016,56.91770935058594,91.25,18.624990463256836,19.974428176879883
2009-07-06,66.34310913085938,56.809017181396484,90.76000213623047,18.067001342773438,20.007844924926758
2009-07-07,65.0575942993164,57.189334869384766,90.70999908447266,17.779552459716797,20.09138298034668
2009-07-08,65.01329803466797,58.24557113647461,89.2699966430664,17.55974006652832,20.066322326660156
2009-07-09,65.13888549804688,57.551429748535156,89.51000213623047,17.669645309448242,19.899242401123047
2009-07-10,64.98373413085938,58.08263397216797,89.58000183105469,17.534374237060547,19.949365615844727
2009-07-13,66.56473541259766,57.75666427612305,90.19000244140625,17.627376556396484,19.915950775146484
2009-07-14,66.94148254394531,56.79698181152344,90.80999755859375,17.627376556396484,19.932659149169922
2009-07-15,68.89930725097656,55.336307525634766,92.23999786376953,18.092365264892578,19.740514755249023
2009-07-16,68.78849029541016,55.933876037597656,91.9800033569336,18.13463592529297,19.72380828857422
2009-07-17,69.54204559326172,55.070701599121094,91.93000030517578,18.40517807006836,19.765575408935547
2009-07-20,70.28084564208984,55.36044692993164,93.27999877929688,18.70953369140625,19.631914138793945
2009-07-21,70.60588836669922,56.46498489379883,93.12999725341797,18.641897201538086,19.6402645111084
2009-07-22,70.59114074707031,55.95795822143555,93.44000244140625,18.743350982666016,19.60685157775879
2009-07-23,72.14997863769531,54.93189239501953,93.26000213623047,19.132253646850586,19.60685157775879
2009-07-24,72.44548034667969,55.19745635986328,93.41000366210938,19.14916229248047,19.581789016723633
2009-07-27,72.65971374511719,54.56369400024414,93.70999908447266,19.225248336791992,19.56508445739746
2009-07-28,72.31989288330078,55.046573638916016,92.11000061035156,19.013893127441406,19.62356185913086
2009-07-29,72.14257049560547,55.34842300415039,91.19999694824219,18.523536682128906,19.765575408935547
2009-07-30,72.89612579345703,56.133018493652344,91.62000274658203,19.098434448242188,19.740514755249023
2009-07-31,72.99956512451172,57.225494384765625,93.3499984741211,19.478883743286133,19.481542587280273
2009-08-03,74.20381164550781,56.35824966430664,93.87000274658203,20.028417587280273,19.322816848754883
2009-08-04,74.39588928222656,55.91011047363281,94.68000030517578,20.0368709564209,19.322816848754883
2009-08-05,74.18165588378906,55.074371337890625,94.77999877929688,20.248231887817383,19.297754287719727
2009-08-06,73.79747009277344,55.26210021972656,94.5999984741211,19.783239364624023,19.389646530151367
2009-08-07,74.7652816772461,54.80184555053711,93.75,19.690242767333984,19.615203857421875
2009-08-10,74.61017608642578,55.4861946105957,92.93000030517578,19.681787490844727,19.682039260864258
2009-08-11,73.67926025390625,56.12813949584961,92.79000091552734,19.385883331298828,19.69874382019043
2009-08-12,74.46976470947266,55.52859115600586,92.94999694824219,19.48733901977539,19.60685157775879
2009-08-13,75.03866577148438,56.31587219238281,93.72000122070312,19.74942398071289,19.514957427978516
2009-08-14,74.46241760253906,56.53388977050781,93.0,19.19143295288086,19.59014320373535
2009-08-17,72.63019561767578,57.369693756103516,91.61000061035156,18.90398406982422,19.70709800720215
2009-08-18,73.2064208984375,57.036537170410156,92.05999755859375,19.275978088378906,19.6569766998291
2009-08-19,73.84916687011719,57.50891876220703,92.52999877929688,19.4112491607666,19.531665802001953
2009-08-20,74.61017608642578,57.98133087158203,92.2699966430664,19.250614166259766,19.473188400268555
2009-08-21,76.07291412353516,56.78824996948242,93.6500015258789,19.394338607788086,19.406352996826172
2009-08-24,76.06554412841797,57.81781005859375,92.33999633789062,19.428159713745117,19.4481258392334
2009-08-25,76.21329498291016,58.14482498168945,92.76000213623047,19.14916229248047,19.4481258392334
2009-08-26,76.2207260131836,58.41130065917969,92.79000091552734,19.098434448242188,19.523311614990234
2009-08-27,76.39059448242188,58.18115997314453,93.19000244140625,19.259069442749023,19.414709091186523
2009-08-28,76.3758316040039,58.447654724121094,93.87000274658203,19.216796875,19.4481258392334
2009-08-31,75.69615173339844,58.50209426879883,93.4000015258789,18.692625045776367,19.43141746520996
2009-09-01,74.02648162841797,58.360557556152344,93.9000015258789,18.40517807006836,19.55672836303711
2009-09-02,73.74576568603516,59.21111297607422,96.19000244140625,18.44744873046875,19.481542587280273
2009-09-03,74.35896301269531,58.84664535522461,97.45999908447266,18.354450225830078,19.498252868652344
2009-09-04,75.40062713623047,57.84419631958008,97.52999877929688,18.278364181518555,19.423065185546875
2009-09-08,76.0507583618164,57.43708801269531,97.43000030517578,18.61653709411621,19.205860137939453
2009-09-09,76.63441467285156,57.37028884887695,97.08000183105469,18.692625045776367,19.139028549194336
2009-09-10,77.4175033569336,58.42744064331055,97.69999694824219,18.794076919555664,19.097257614135742
2009-09-11,77.40274810791016,58.749393463134766,98.77999877929688,18.548898696899414,19.05548667907715
2009-09-14,77.77952575683594,58.16618347167969,97.95999908447266,18.44744873046875,19.038782119750977
2009-09-15,78.10458374023438,57.868465423583984,98.9000015258789,18.87862205505371,18.971946716308594
2009-09-16,79.28665924072266,57.9717903137207,99.91000366210938,19.123798370361328,18.913469314575195
2009-09-17,79.16846466064453,58.70082473754883,99.33999633789062,19.132253646850586,18.946884155273438
2009-09-18,79.21894836425781,58.1783332824707,98.66999816894531,18.963163375854492,19.013715744018555
2009-09-21,79.01850891113281,58.311981201171875,98.36000061035156,18.548898696899414,19.080549240112305
2009-09-22,79.47872924804688,58.43349838256836,99.66999816894531,18.85325813293457,18.88005256652832
2009-09-23,78.8180923461914,58.609703063964844,98.83000183105469,18.430540084838867,18.963594436645508
2009-09-24,77.94960021972656,58.77980041503906,97.55000305175781,18.193815231323242,19.10561180114746
2009-09-25,77.53386688232422,59.52704620361328,97.0,18.050094604492188,19.05548667907715
2009-09-28,78.92202758789062,60.049530029296875,97.05000305175781,18.210725784301758,19.11396598815918
2009-09-29,78.6844711303711,59.99488830566406,97.43000030517578,18.143089294433594,19.147380828857422
2009-09-30,78.3801040649414,59.94020080566406,98.8499984741211,18.650354385375977,19.038782119750977
2009-10-01,76.43529510498047,60.76113510131836,97.88999938964844,18.53199005126953,19.17244529724121
2009-10-02,76.07894134521484,60.34059143066406,98.37000274658203,18.345996856689453,19.130672454833984
2009-10-05,77.21469116210938,60.346675872802734,99.81999969482422,18.937803268432617,19.022069931030273
2009-10-06,78.32077026367188,59.74939727783203,102.27999877929688,18.70953369140625,18.93853187561035
2009-10-07,78.53599548339844,60.45030212402344,102.36000061035156,18.743350982666016,18.955236434936523
2009-10-08,79.13726806640625,59.81645202636719,103.63999938964844,19.115345001220703,18.82992935180664
2009-10-09,79.6197509765625,58.44523239135742,102.83999633789062,19.19143295288086,18.98029899597168
2009-10-12,79.93152618408203,58.53666305541992,103.55999755859375,19.58033561706543,18.89676284790039
2009-10-13,79.76822662353516,58.841365814208984,104.26000213623047,19.800148010253906,18.854990005493164
2009-10-14,81.14154052734375,57.9698600769043,104.18000030517578,19.95232582092285,18.712970733642578
2009-10-15,81.43842315673828,57.70172119140625,102.86000061035156,20.155231475830078,18.72132682800293
2009-10-16,80.82971954345703,58.1710090637207,103.18000030517578,20.20595932006836,18.77145004272461
2009-10-19,81.49781799316406,58.628074645996094,104.2300033569336,20.493406295776367,18.67955780029297
2009-10-20,81.0672378540039,58.94495391845703,103.41999816894531,20.366592407226562,18.76309585571289
2009-10-21,80.33980560302734,58.591529846191406,103.75,20.79776382446289,18.64613914489746
2009-10-22,81.15633392333984,58.30506134033203,103.91999816894531,20.96685218811035,18.637788772583008
2009-10-23,80.22845458984375,57.866249084472656,103.48999786376953,20.890762329101562,18.738037109375
2009-10-26,79.3599624633789,57.11662673950195,101.86000061035156,20.510316848754883,18.863346099853516
2009-10-27,78.99623107910156,57.89674758911133,101.8499984741211,20.366592407226562,18.913469314575195
2009-10-28,77.50422668457031,58.1710090637207,100.7300033569336,19.84242057800293,18.988656997680664
2009-10-29,79.16698455810547,57.53717041015625,102.69000244140625,20.459590911865234,18.854990005493164
2009-10-30,76.87324523925781,58.372135162353516,102.52999877929688,19.943872451782227,18.963594436645508
2009-11-02,77.43739318847656,58.11409378051758,103.94999694824219,20.290502548217773,18.89676284790039
2009-11-03,77.6823501586914,57.53324890136719,106.45999908447266,20.577953338623047,18.946884155273438
2009-11-04,77.88278198242188,57.00746154785156,107.0999984741211,20.561044692993164,18.804868698120117
2009-11-05,79.3154296875,57.00746154785156,106.9800033569336,20.451133728027344,19.16408920288086
2009-11-06,79.52326965332031,57.062469482421875,107.43000030517578,20.087596893310547,19.072193145751953
2009-11-09,81.33452606201172,57.12972640991211,108.19000244140625,20.41731834411621,18.82992935180664
2009-11-10,81.3493423461914,57.02579116821289,108.38999938964844,20.31586456298828,18.74639320373535
2009-11-11,81.76502227783203,57.26423645019531,109.5999984741211,20.451133728027344,18.77980613708496
2009-11-12,80.93364715576172,57.16032028198242,108.20999908447266,20.146780014038086,19.047134399414062
2009-11-13,81.3716049194336,57.42322540283203,109.73999786376953,20.12986946105957,18.64613914489746
2009-11-16,82.55189514160156,58.09575653076172,111.62999725341797,20.71322250366211,18.56260108947754
2009-11-17,82.64839172363281,58.407554626464844,111.97000122070312,20.814674377441406,18.67955780029297
2009-11-18,82.59640502929688,58.06517028808594,112.25,20.831581115722656,18.612728118896484
2009-11-19,81.52009582519531,58.16915512084961,112.30000305175781,20.535680770874023,18.67120361328125
2009-11-20,81.23059844970703,58.15690612792969,112.94000244140625,20.510316848754883,18.74639320373535
2009-11-23,82.26239013671875,58.083526611328125,114.29000091552734,20.603313446044922,18.604372024536133
2009-11-24,82.3885498046875,58.45035171508789,114.7300033569336,20.366592407226562,18.62108039855957
2009-11-25,82.6780776977539,58.7193717956543,116.62000274658203,20.856948852539062,18.40387535095215
2009-11-27,81.33452606201172,58.93953323364258,115.05999755859375,20.620222091674805,18.596017837524414
2009-11-30,81.60917663574219,59.08013916015625,115.63999938964844,20.84848976135254,18.520832061767578
2009-12-01,82.61869812011719,58.42197036743164,117.37999725341797,21.000669479370117,18.43729019165039
2009-12-02,82.58155822753906,58.47105026245117,119.18000030517578,20.856948852539062,18.495769500732422
2009-12-03,81.93577575683594,57.863834381103516,118.69999694824219,20.840038299560547,18.50412368774414
2009-12-04,82.40341186523438,57.25047302246094,113.75,20.670948028564453,18.77980613708496
2009-12-07,82.27723693847656,57.3240966796875,113.11000061035156,20.484954833984375,18.77980613708496
2009-12-08,81.36419677734375,57.409969329833984,110.94999694824219,20.282047271728516,18.871702194213867
2009-12-09,81.66852569580078,57.14623260498047,110.83999633789062,20.028417587280273,18.7965145111084
2009-12-10,82.12875366210938,56.48992919921875,110.81999969482422,19.918508529663086,18.7965145111084
2009-12-11,82.4776611328125,56.48379898071289,109.31999969482422,20.019960403442383,18.946884155273438
2009-12-14,83.04180145263672,56.5512809753418,110.23999786376953,20.12986946105957,18.905113220214844
2009-12-15,82.65579986572266,56.29975128173828,110.20999908447266,20.0368709564209,19.038782119750977
2009-12-16,82.78199768066406,56.2322883605957,111.58999633789062,20.383501052856445,19.022069931030273
2009-12-17,81.78731536865234,57.158470153808594,107.33999633789062,20.070690155029297,19.22256851196289
2009-12-18,82.2500228881836,56.913143157958984,108.94999694824219,20.155231475830078,19.22256851196289
2009-12-21,83.0858383178711,55.901119232177734,106.94999694824219,19.960779190063477,19.28104591369629
2009-12-22,83.38438415527344,55.588279724121094,106.16999816894531,20.104507446289062,19.34787940979004
2009-12-23,83.54859161376953,55.600494384765625,106.55000305175781,20.459590911865234,19.239274978637695
2009-12-24,83.94412231445312,55.024009704589844,108.36000061035156,20.577953338623047,19.239274978637695
2009-12-28,84.12319946289062,54.870662689208984,108.55000305175781,20.94148826599121,19.189151763916016
2009-12-29,84.00383758544922,55.232601165771484,107.47000122070312,20.89921760559082,19.247631072998047
2009-12-30,83.97395324707031,55.59576416015625,106.93000030517578,20.873855590820312,19.247631072998047
2009-12-31,83.16797637939453,55.331111907958984,107.30999755859375,20.814674377441406,19.28104591369629
2010-01-04,84.57847595214844,55.2818489074707,109.80000305175781,21.33884620666504,19.147380828857422
2010-01-05,84.8023681640625,55.638832092285156,109.69999694824219,21.364208221435547,19.139028549194336
2010-01-06,84.86209869384766,54.89402770996094,111.51000213623047,21.744653701782227,19.088905334472656
2010-01-07,85.22029113769531,54.98635482788086,110.81999969482422,21.47411346435547,19.214214324951172
2010-01-08,85.50387573242188,54.96177291870117,111.37000274658203,21.457204818725586,19.080549240112305
2010-01-11,85.62329864501953,54.66016387939453,112.8499984741211,21.389572143554688,18.98029899597168
2010-01-12,84.82477569580078,55.59576416015625,110.48999786376953,20.93303871154785,18.98029899597168
2010-01-13,85.54121398925781,54.94945526123047,111.54000091552734,20.94994354248047,18.963594436645508
2010-01-14,85.77257537841797,55.718902587890625,112.02999877929688,20.840038299560547,18.913469314575195
2010-01-15,84.8098373413086,56.063560485839844,110.86000061035156,20.603313446044922,19.022069931030273
2010-01-19,85.86959838867188,55.90355682373047,111.5199966430664,20.738584518432617,19.080549240112305
2010-01-20,84.99642944335938,56.4698371887207,108.94000244140625,20.349681854248047,19.314462661743164
2010-01-21,83.36202239990234,56.72841262817383,107.37000274658203,20.096050262451172,19.314462661743164
2010-01-22,81.50367736816406,56.62983703613281,107.16999816894531,19.884693145751953,19.28104591369629
2010-01-25,81.9216537475586,56.371376037597656,107.4800033569336,19.977689743041992,19.255983352661133
2010-01-26,81.57836151123047,56.38985061645508,107.55999755859375,19.757877349853516,19.339523315429688
2010-01-27,81.9664077758789,56.35906982421875,106.52999877929688,19.470428466796875,19.406352996826172
2010-01-28,81.02609252929688,56.32826232910156,106.4800033569336,19.402793884277344,19.439773559570312
2010-01-29,80.14546966552734,56.82068634033203,105.95999908447266,19.182979583740234,19.59014320373535
2010-02-01,81.39176177978516,56.30488967895508,108.3499984741211,19.64797019958496,19.50660514831543
2010-02-02,82.37688446044922,56.46552276611328,109.12999725341797,20.070690155029297,19.439773559570312
2010-02-03,81.9664077758789,55.81072998046875,108.69999694824219,19.82551383972168,19.54837417602539
2010-02-04,79.43643188476562,56.694026947021484,104.37000274658203,19.16606903076172,19.673683166503906
2010-02-05,79.60063934326172,56.8176155090332,104.68000030517578,18.9208927154541,19.757225036621094
2010-02-08,79.0259780883789,56.89173889160156,104.04000091552734,18.92934799194336,19.748870849609375
2010-02-09,80.01853942871094,56.32343673706055,105.41000366210938,19.26752281188965,19.62356185913086
2010-02-10,79.86186218261719,55.78599548339844,105.12000274658203,19.343610763549805,19.682039260864258
2010-02-11,80.69772338867188,55.48329544067383,107.12999725341797,19.571880340576172,19.673683166503906
2010-02-12,80.63053131103516,55.711910247802734,107.04000091552734,19.461973190307617,19.740514755249023
2010-02-16,81.89924621582031,55.81692886352539,109.62000274658203,20.05377960205078,19.573434829711914
2010-02-17,82.287353515625,55.18061065673828,109.25,19.95232582092285,19.757225036621094
2010-02-18,82.77242279052734,54.95827102661133,109.9800033569336,20.12986946105957,19.757225036621094
2010-02-19,82.9440689086914,55.2547607421875,109.47000122070312,20.248231887817383,19.81570053100586
2010-02-22,82.958984375,55.0262451171875,109.06999969482422,20.138322830200195,19.782285690307617
2010-02-23,81.95149993896484,55.884864807128906,107.88999938964844,19.808603286743164,19.890888214111328
2010-02-24,82.70526885986328,56.02075958251953,107.36000061035156,19.969236373901367,19.849119186401367
2010-02-25,82.59331512451172,56.33574676513672,108.30999755859375,19.631061553955078,19.80734634399414
2010-02-26,82.64553833007812,56.62614059448242,109.43000030517578,19.977689743041992,19.748870849609375
2010-03-01,83.50376892089844,56.601322174072266,109.43000030517578,19.774784088134766,19.81570053100586
2010-03-02,83.73516082763672,56.5269660949707,111.0199966430664,19.98614501953125,19.757225036621094
2010-03-03,83.80979919433594,56.384422302246094,111.62999725341797,20.180599212646484,19.6402645111084
2010-03-04,84.06351470947266,56.681915283203125,110.83000183105469,20.003055572509766,19.748870849609375
2010-03-05,85.26506805419922,55.938262939453125,110.80999755859375,20.239778518676758,19.740514755249023
2010-03-08,85.27998352050781,55.64706802368164,109.87999725341797,20.214414596557617,19.732162475585938
2010-03-09,85.42179870605469,55.65937423706055,109.72000122070312,19.994598388671875,19.765575408935547
2010-03-10,85.80239868164062,55.516876220703125,108.47000122070312,20.05377960205078,19.732162475585938
2010-03-11,86.16064453125,55.721370697021484,108.5999984741211,20.003055572509766,19.69038963317871
2010-03-12,86.16812133789062,56.06841278076172,107.94999694824219,19.884693145751953,19.56508445739746
2010-03-15,86.19049072265625,55.99406814575195,108.36000061035156,19.64797019958496,19.673683166503906
2010-03-16,86.8770751953125,56.440223693847656,110.4000015258789,19.91005516052246,19.531665802001953
2010-03-17,87.39203643798828,56.681915283203125,109.58999633789062,20.087596893310547,19.540019989013672
2010-03-18,87.34725189208984,56.4959831237793,110.33999633789062,20.045324325561523,19.673683166503906
2010-03-19,86.9051742553711,56.5517692565918,108.27999877929688,19.800148010253906,19.80734634399414
2010-03-22,87.36973571777344,56.61374282836914,107.75,19.800148010253906,19.757225036621094
2010-03-23,87.98422241210938,56.34727096557617,108.31999969482422,19.715604782104492,19.824054718017578
2010-03-24,87.55709838867188,55.31855392456055,106.30000305175781,19.495790481567383,20.09138298034668
2010-03-25,87.41471099853516,54.96536636352539,106.77999877929688,19.385883331298828,20.158214569091797
2010-03-26,87.36225128173828,55.120277404785156,108.58999633789062,19.419700622558594,20.016197204589844
2010-03-29,87.91679382324219,54.90961837768555,108.75,19.859331130981445,19.915950775146484
2010-03-30,87.97673797607422,55.08317565917969,107.97000122070312,19.901599884033203,19.99113655090332
2010-03-31,87.67700958251953,55.46112823486328,108.94999694824219,19.884693145751953,19.882532119750977
2010-04-01,88.27650451660156,55.32555389404297,110.26000213623047,20.273591995239258,19.765575408935547
2010-04-05,88.99588775634766,54.404998779296875,110.88999938964844,20.594860076904297,19.865825653076172
2010-04-06,89.20571899414062,54.49210739135742,111.02999877929688,20.577953338623047,19.924304962158203
2010-04-07,88.69615936279297,55.188716888427734,112.48999786376953,20.501863479614258,19.966073989868164
2010-04-08,89.00336456298828,55.213600158691406,112.6500015258789,20.46804428100586,19.949365615844727
2010-04-09,89.58789825439453,55.344215393066406,113.63999938964844,20.510316848754883,19.798995971679688
2010-04-12,89.73026275634766,55.63649368286133,113.01000213623047,20.493406295776367,19.715452194213867
2010-04-13,89.79771423339844,55.816898345947266,112.69000244140625,20.56949806213379,19.715452194213867
2010-04-14,90.81689453125,55.42508316040039,113.02999877929688,20.80622100830078,19.615203857421875
2010-04-15,90.8918228149414,55.48727035522461,113.6500015258789,20.88231086730957,19.69038963317871
2010-04-16,89.4455337524414,55.89154815673828,111.23999786376953,20.501863479614258,19.757225036621094
2010-04-19,89.78275299072266,55.75471115112305,111.1500015258789,20.239778518676758,19.790639877319336
2010-04-20,90.5845947265625,55.9537467956543,111.45999908447266,20.400407791137695,19.824054718017578
2010-04-21,90.41971588134766,56.41399383544922,112.30999755859375,20.501863479614258,19.865825653076172
2010-04-22,90.68949890136719,56.2460823059082,111.83999633789062,20.552587509155273,19.957719802856445
2010-04-23,91.281494140625,56.04705810546875,113.19000244140625,20.687856674194336,19.915950775146484
2010-04-26,90.93675231933594,56.109214782714844,112.75,20.58640480041504,19.907596588134766
2010-04-27,88.78607177734375,56.89918518066406,114.62999725341797,20.273591995239258,20.14986228942871
2010-04-28,89.46047973632812,56.41399383544922,114.30999755859375,20.341228485107422,20.141508102416992
2010-04-29,90.569580078125,56.650367736816406,114.27999877929688,20.501863479614258,20.04961395263672
2010-04-30,89.03335571289062,57.30341339111328,115.36000061035156,20.662494659423828,20.016197204589844
2010-05-03,90.18739318847656,57.22850799560547,115.7300033569336,20.763946533203125,20.141508102416992
2010-05-04,88.06665802001953,58.258419036865234,114.87000274658203,20.20595932006836,20.3670654296875
2010-05-05,87.5421142578125,58.60170364379883,115.08999633789062,19.74942398071289,20.5592098236084
2010-05-06,84.6344985961914,60.41170883178711,118.48999786376953,19.36052131652832,20.726287841796875
2010-05-07,83.37561798095703,59.65645980834961,118.2699966430664,19.259069442749023,20.634395599365234
2010-05-10,87.04753112792969,58.420677185058594,117.56999969482422,19.631061553955078,20.584270477294922
2010-05-11,86.80023956298828,58.270870208740234,120.66000366210938,19.59724235534668,20.676164627075195
2010-05-12,88.01420593261719,57.827720642089844,121.4000015258789,19.757877349853516,20.734642028808594
2010-05-13,86.92012023925781,58.208473205566406,120.55999755859375,19.588788986206055,20.85159683227539
2010-05-14,85.34644317626953,59.21958541870117,120.37000274658203,19.089982986450195,21.04374122619629
2010-05-17,85.39139556884766,59.00112533569336,119.36000061035156,18.548898696899414,21.04374122619629
2010-05-18,84.2298812866211,59.9061393737793,119.48999786376953,18.523536682128906,21.269298553466797
2010-05-19,83.7502670288086,60.10590744018555,116.62999725341797,18.354450225830078,21.068803787231445
2010-05-20,80.5878677368164,61.372955322265625,115.83999633789062,17.9740047454834,20.960201263427734
2010-05-21,81.76441192626953,61.43535232543945,115.22000122070312,18.15999984741211,20.86830711364746
2010-05-24,80.7153091430664,61.22308349609375,116.83999633789062,18.143089294433594,21.077157974243164
2010-05-25,80.79771423339844,61.522762298583984,117.36000061035156,17.999366760253906,21.13563346862793
2010-05-26,80.31063842773438,61.34798049926758,118.47000122070312,18.193815231323242,21.277652740478516
2010-05-27,83.00090026855469,59.956058502197266,118.69000244140625,18.726444244384766,21.052095413208008
2010-05-28,81.959228515625,60.230709075927734,118.87999725341797,18.565807342529297,21.169050216674805
2010-06-01,80.58039855957031,60.65408706665039,119.91000366210938,18.219181060791016,21.177404403686523
2010-06-02,82.67864227294922,60.07788848876953,119.77999877929688,18.438993453979492,21.169050216674805
2010-06-03,82.9634017944336,59.63949966430664,117.95999908447266,18.540447235107422,21.277652740478516
2010-06-04,80.04833984375,61.242759704589844,119.19000244140625,17.96554946899414,21.528274536132812
2010-06-07,79.05165100097656,61.71250915527344,121.48999786376953,17.999366760253906,21.578399658203125
2010-06-08,79.89845275878906,61.40555191040039,121.0,18.143089294433594,21.511566162109375
2010-06-09,79.47130584716797,61.33671951293945,120.55999755859375,18.22763442993164,21.428024291992188
2010-06-10,81.79439544677734,60.240718841552734,118.97000122070312,18.53199005126953,21.20246696472168
2010-06-11,82.19156646728516,61.00482177734375,120.01000213623047,18.557357788085938,21.269298553466797
2010-06-14,82.0641860961914,60.69160461425781,119.5999984741211,18.608081817626953,21.077157974243164
2010-06-15,83.93009185791016,60.441158294677734,120.98999786376953,18.9208927154541,20.901723861694336
2010-06-16,83.90013122558594,60.78559494018555,120.33000183105469,18.963163375854492,20.968555450439453
2010-06-17,84.0350112915039,61.28032302856445,121.9000015258789,18.971620559692383,20.843246459960938
2010-06-18,84.12615203857422,61.18006134033203,122.83000183105469,18.937803268432617,20.834890365600586
2010-06-21,83.88516998291016,61.00482177734375,120.38999938964844,18.861713409423828,20.910076141357422
2010-06-22,82.4997787475586,61.731319427490234,121.44999694824219,18.819438934326172,20.943496704101562
2010-06-23,82.2437744140625,62.15083694458008,120.94999694824219,18.506629943847656,20.85995101928711
2010-06-24,80.88094329833984,61.7813720703125,121.30000305175781,18.548898696899414,20.85995101928711
2010-06-25,81.21976470947266,62.031883239746094,122.76000213623047,18.887073516845703,20.742996215820312
2010-06-28,80.96377563476562,62.6142578125,121.08999633789062,18.684171676635742,20.85159683227539
2010-06-29,78.46402740478516,63.296932220458984,121.2699966430664,18.168453216552734,20.95184898376465
2010-06-30,77.7186050415039,63.72275161743164,121.68000030517578,18.236087799072266,20.935138702392578
2010-07-01,77.37226867675781,63.823299407958984,117.04000091552734,17.957094192504883,20.55085563659668
2010-07-02,76.95056915283203,63.31450271606445,118.48999786376953,17.92327880859375,20.52579116821289
2010-07-06,77.4550552368164,63.83584976196289,116.51000213623047,17.9740047454834,20.45895767211914
2010-07-07,79.89460754394531,63.088294982910156,117.7300033569336,18.37981414794922,20.392126083374023
2010-07-08,80.68521118164062,62.68625259399414,117.20999908447266,18.548898696899414,20.3670654296875
2010-07-09,81.28753662109375,62.32821273803711,118.36000061035156,18.582719802856445,20.417190551757812
2010-07-12,81.34026336669922,62.303131103515625,117.33999633789062,18.37135887145996,20.47566795349121
2010-07-13,82.56754302978516,61.7691650390625,118.36000061035156,18.667261123657227,20.300233840942383
2010-07-14,82.56002807617188,62.39104080200195,118.30000305175781,18.633445739746094,20.258466720581055
2010-07-15,82.58258819580078,63.01292419433594,118.2300033569336,18.810983657836914,20.024551391601562
2010-07-16,80.30872344970703,63.32075119018555,116.66999816894531,18.574262619018555,20.05797004699707
2010-07-19,80.78308868408203,62.93130874633789,115.7300033569336,18.557357788085938,20.074676513671875
2010-07-20,81.6790771484375,63.025474548339844,116.6500015258789,18.70953369140625,20.10809326171875
2010-07-21,80.61741638183594,64.0933609008789,115.8499984741211,18.658809661865234,20.241756439208984
2010-07-22,82.41694641113281,63.35218048095703,116.86000061035156,19.03080177307129,20.074676513671875
2010-07-23,83.13224792480469,62.67999267578125,116.08999633789062,18.971620559692383,20.041261672973633
2010-07-26,83.99813842773438,62.57316970825195,115.5199966430664,18.9547119140625,19.932659149169922
2010-07-27,83.99059295654297,61.97016143798828,113.51000213623047,18.751808166503906,19.966073989868164
2010-07-28,83.448486328125,62.171180725097656,113.77999877929688,18.82789421081543,19.957719802856445
2010-07-29,83.04191589355469,62.152305603027344,114.29000091552734,19.098434448242188,19.824054718017578
2010-07-30,83.02684020996094,63.119712829589844,115.48999786376953,19.352067947387695,19.832408905029297
2010-08-02,84.90167999267578,62.2336311340332,115.54000091552734,19.72406005859375,19.648622512817383
2010-08-03,84.49505615234375,62.59287643432617,115.98999786376953,19.79169464111328,19.56508445739746
2010-08-04,85.05978393554688,62.1139030456543,116.72000122070312,19.960779190063477,19.673683166503906
2010-08-05,84.96942138671875,62.40379333496094,116.9800033569336,19.86778450012207,19.60685157775879
2010-08-06,84.6230697631836,63.08441925048828,117.83999633789062,19.690242767333984,19.50660514831543
2010-08-09,85.07481384277344,62.851280212402344,117.4000015258789,19.757877349853516,19.60685157775879
2010-08-10,84.61553192138672,62.983619689941406,117.7300033569336,19.54651641845703,19.648622512817383
2010-08-11,82.29647064208984,63.828102111816406,117.33999633789062,19.106889724731445,19.99113655090332
2010-08-12,81.79203033447266,63.67054748535156,118.7699966430664,18.963163375854492,20.05797004699707
2010-08-13,81.55106353759766,64.4646224975586,118.73999786376953,18.946256637573242,20.141508102416992
2010-08-16,81.51344299316406,66.0779800415039,119.7300033569336,18.887073516845703,20.016197204589844
2010-08-17,82.51483917236328,65.69982147216797,119.75,19.157615661621094,19.949365615844727
2010-08-18,82.66543579101562,65.87628936767578,120.22000122070312,19.081527709960938,19.974428176879883
2010-08-19,81.22728729248047,66.903564453125,120.38999938964844,18.887073516845703,20.016197204589844
2010-08-20,80.96377563476562,66.8279037475586,119.97000122070312,18.76871681213379,20.158214569091797
2010-08-23,80.65505981445312,66.84053802490234,119.77999877929688,18.641897201538086,20.199987411499023
2010-08-24,79.45790100097656,67.91191101074219,120.36000061035156,18.430540084838867,20.166568756103516
2010-08-25,79.76661682128906,67.69134521484375,121.36000061035156,18.523536682128906,20.199987411499023
2010-08-26,79.23202514648438,68.32782745361328,120.95999908447266,18.73489761352539,20.074676513671875
2010-08-27,80.45931243896484,66.39305114746094,121.01000213623047,19.05616569519043,20.10809326171875
2010-08-30,79.29228210449219,67.66609191894531,120.91000366210938,19.0223445892334,20.166568756103516
2010-08-31,79.29228210449219,68.41609191894531,122.08000183105469,18.76871681213379,20.14986228942871
2010-09-01,81.66398620605469,67.00148010253906,121.69000244140625,19.14070701599121,19.99113655090332
2010-09-02,82.42449188232422,66.29349517822266,122.29000091552734,19.275978088378906,19.974428176879883
2010-09-03,83.49366760253906,65.47179412841797,121.86000061035156,19.377429962158203,19.874181747436523
2010-09-07,82.55247497558594,66.81178283691406,122.69999694824219,19.478883743286133,20.083032608032227
2010-09-08,83.13224792480469,66.28085327148438,122.70999908447266,19.52115249633789,20.016197204589844
2010-09-09,83.51625061035156,64.97239685058594,121.55999755859375,19.4112491607666,20.016197204589844
2010-09-10,83.93788146972656,64.67533111572266,121.7300033569336,19.614152908325195,20.032907485961914
2010-09-13,84.87149810791016,64.99140930175781,121.62000274658203,19.757877349853516,19.81570053100586
2010-09-14,84.81881713867188,65.61714172363281,124.0199966430664,19.81705665588379,19.648622512817383
2010-09-15,85.1426010131836,64.64373016357422,123.94000244140625,19.783239364624023,19.732162475585938
2010-09-16,85.1200180053711,64.00531768798828,124.62999725341797,19.681787490844727,19.665328979492188
2010-09-17,85.15177917480469,64.26449584960938,124.54000091552734,19.74942398071289,19.715452194213867
2010-09-20,86.45376586914062,64.6374282836914,124.87000274658203,19.91005516052246,19.69038963317871
2010-09-21,86.27971649169922,65.53499603271484,126.01000213623047,19.698694229125977,19.473188400268555
2010-09-22,85.85580444335938,66.12281799316406,126.19999694824219,19.81705665588379,19.33116912841797
2010-09-23,85.15937042236328,66.31243133544922,126.30000305175781,19.833965301513672,19.389646530151367
2010-09-24,86.91554260253906,65.42122650146484,126.69000244140625,20.138322830200195,19.189151763916016
2010-09-27,86.49921417236328,66.55899810791016,126.72000122070312,20.003055572509766,19.214214324951172
2010-09-28,86.80199432373047,67.0140380859375,127.8499984741211,20.003055572509766,19.11396598815918
2010-09-29,86.6506118774414,66.73589324951172,127.94999694824219,20.26513671875,19.080549240112305
2010-09-30,86.39323425292969,66.69171142578125,127.91000366210938,20.383501052856445,19.080549240112305
2010-10-01,86.75656127929688,66.369384765625,128.91000366210938,20.425771713256836,18.921823501586914
2010-10-04,86.1055908203125,66.54071044921875,128.4600067138672,20.358139038085938,19.005361557006836
2010-10-05,87.83905792236328,66.14100646972656,130.99000549316406,20.77239990234375,18.846637725830078
2010-10-06,87.83149719238281,66.97217559814453,131.80999755859375,20.78085708618164,18.754745483398438
2010-10-07,87.72550964355469,66.413818359375,130.3699951171875,20.56949806213379,18.77980613708496
2010-10-08,88.21753692626953,66.1219482421875,131.66000366210938,21.254301071166992,18.712970733642578
2010-10-11,88.30081176757812,66.1346206665039,132.2899932861328,21.152847290039062,18.78816032409668
2010-10-12,88.57332611083984,65.48121643066406,131.9600067138672,21.254301071166992,18.72968101501465
2010-10-13,89.26216125488281,65.37967681884766,134.07000732421875,21.355754852294922,18.67955780029297
2010-10-14,88.9139633178711,64.40264129638672,134.75,21.321935653686523,18.55424690246582
2010-10-15,89.09562683105469,63.61591339111328,133.67999267578125,21.08521270751953,18.662851333618164
2010-10-18,89.53468322753906,64.12982940673828,134.27999877929688,21.296573638916016,18.64613914489746
2010-10-19,88.36136627197266,64.51681518554688,130.11000061035156,20.670948028564453,18.963594436645508
2010-10-20,89.22432708740234,64.65645599365234,131.32000732421875,21.161304473876953,18.70461654663086
2010-10-21,89.42112731933594,63.88874053955078,129.47000122070312,20.89921760559082,18.77145004272461
2010-10-22,89.58766174316406,64.3201904296875,129.72999572753906,21.076759338378906,18.77145004272461
2010-10-25,89.85260772705078,64.5041275024414,130.85000610351562,21.186664581298828,18.68791389465332
2010-10-26,89.86775970458984,63.5080680847168,130.8800048828125,21.296573638916016,18.81322479248047
2010-10-27,89.61035919189453,62.94972229003906,129.52000427246094,21.22893714904785,18.921823501586914
2010-10-28,89.62549591064453,63.12103271484375,131.24000549316406,21.33884620666504,18.72132682800293
2010-10-29,89.69363403320312,63.711090087890625,132.6199951171875,21.28812026977539,18.68791389465332
2010-11-01,89.72395324707031,63.43677520751953,131.9199981689453,21.42338752746582,18.72132682800293
2010-11-02,90.43550109863281,64.27055358886719,132.49000549316406,21.617839813232422,18.587661743164062
2010-11-03,90.7988052368164,62.959434509277344,131.57000732421875,21.71929168701172,18.495769500732422
2010-11-04,92.54740905761719,63.449493408203125,136.02999877929688,22.235008239746094,18.35375213623047
2010-11-05,92.8956298828125,62.36115264892578,136.3800048828125,22.328006744384766,18.529184341430664
2010-11-08,92.72154235839844,62.64115905761719,137.77999877929688,22.387187957763672,18.637788772583008
2010-11-09,92.0553970336914,61.260066986083984,135.58999633789062,22.235008239746094,18.7965145111084
2010-11-10,92.42630767822266,61.342777252197266,137.24000549316406,22.471729278564453,18.77980613708496
2010-11-11,92.07811737060547,61.31098175048828,137.66000366210938,22.285737991333008,18.913469314575195
2010-11-12,90.98809814453125,60.9799919128418,133.69000244140625,21.355754852294922,18.88840675354004
2010-11-15,90.85938262939453,59.70706558227539,132.4199981689453,21.389572143554688,19.038782119750977
2010-11-16,89.44384765625,61.19005584716797,130.97000122070312,20.7554931640625,19.147380828857422
2010-11-17,89.48924255371094,60.852725982666016,130.3800048828125,20.594860076904297,19.130672454833984
2010-11-18,90.8063735961914,61.1009635925293,132.08999633789062,21.152847290039062,18.99700927734375
2010-11-19,91.05619812011719,61.4764404296875,132.1999969482422,20.84848976135254,18.93853187561035
2010-11-22,90.98046112060547,61.73741912841797,133.47999572753906,20.916128158569336,18.99700927734375
2010-11-23,89.66334533691406,62.04290771484375,134.41000366210938,20.865400314331055,19.247631072998047
2010-11-24,90.98809814453125,60.9354362487793,134.17999267578125,21.254301071166992,19.27269172668457
2010-11-26,89.92832946777344,61.78191375732422,133.11000061035156,21.355754852294922,19.389646530151367
2010-11-29,90.2008056640625,62.31027603149414,133.50999450683594,21.39802360534668,19.50660514831543
2010-11-30,89.69363403320312,62.63478469848633,135.4199981689453,21.19512176513672,19.631914138793945
2010-12-01,91.60121154785156,61.242515563964844,135.3800048828125,21.820743560791016,19.464832305908203
2010-12-02,92.77450561523438,61.08283615112305,135.1999969482422,22.006742477416992,19.34787940979004
2010-12-03,93.02432250976562,60.603824615478516,138.07000732421875,22.285737991333008,19.11396598815918
2010-12-06,92.92588806152344,61.459693908691406,139.11000061035156,22.260372161865234,19.205860137939453
2010-12-07,92.9789047241211,60.14395523071289,136.5,22.10819435119629,19.289398193359375
2010-12-08,93.31953430175781,59.562808990478516,134.7899932861328,22.277280807495117,19.297754287719727
2010-12-09,93.68286895751953,59.8565673828125,135.3699951171875,22.21809959411621,19.314462661743164
2010-12-10,94.22789001464844,59.492523193359375,135.41000366210938,22.184284210205078,19.314462661743164
2010-12-13,94.28843688964844,59.71605682373047,136.0500030517578,22.404096603393555,19.10561180114746
2010-12-14,94.37171173095703,58.84746170043945,136.17999267578125,22.34491729736328,19.139028549194336
2010-12-15,93.94023132324219,58.08104705810547,134.6999969482422,22.285737991333008,19.339523315429688
2010-12-16,94.48526000976562,58.48342514038086,133.80999755859375,22.209646224975586,19.289398193359375
2010-12-17,94.58651733398438,59.549983978271484,134.1999969482422,22.378732681274414,19.372941970825195
2010-12-20,94.81475067138672,59.48611831665039,135.11000061035156,22.581636428833008,19.414709091186523
2010-12-21,95.41593933105469,59.90130615234375,135.32000732421875,22.725360870361328,19.456480026245117
2010-12-22,95.71270751953125,59.47342300415039,135.0500030517578,22.843725204467773,19.439773559570312
2010-12-23,95.57573699951172,59.35203170776367,134.66000366210938,22.928268432617188,19.38129425048828
2010-12-27,95.61378479003906,59.882137298583984,135.02000427246094,22.88599395751953,19.339523315429688
2010-12-28,95.7507095336914,58.70934295654297,137.22000122070312,23.13117218017578,19.34787940979004
2010-12-29,95.81920623779297,59.70268249511719,137.7100067138672,23.139629364013672,19.214214324951172
2010-12-30,95.66705322265625,59.657806396484375,137.02999877929688,22.860633850097656,19.147380828857422
2010-12-31,95.68983459472656,60.31791687011719,138.72000122070312,23.291805267333984,18.971946716308594
2011-01-03,96.67911529541016,59.86288833618164,138.0,23.393259048461914,19.0638427734375
2011-01-04,96.62582397460938,59.933380126953125,134.75,23.0804443359375,19.11396598815918
2011-01-05,97.12806701660156,58.61323165893555,134.3699951171875,23.32562255859375,19.306106567382812
2011-01-06,96.93782043457031,58.86952590942383,133.8300018310547,23.0128116607666,19.456480026245117
2011-01-07,96.74755859375,59.18364715576172,133.5800018310547,22.928268432617188,19.514957427978516
2011-01-10,96.62582397460938,59.504032135009766,134.1199951171875,23.198808670043945,19.4481258392334
2011-01-11,96.9682388305664,59.170753479003906,134.91000366210938,23.460895538330078,19.439773559570312
2011-01-12,97.8433837890625,58.70934295654297,135.4600067138672,23.613073348999023,19.247631072998047
2011-01-13,97.6835708618164,59.234832763671875,134.0500030517578,23.579252243041992,19.047134399414062
2011-01-14,98.3912353515625,58.85674285888672,132.69000244140625,23.689163208007812,19.022069931030273
2011-01-18,98.55866241455078,58.58120346069336,133.42999267578125,23.66379737854004,19.005361557006836
2011-01-19,97.59225463867188,59.00416946411133,133.72000122070312,23.63843536376953,18.88840675354004
2011-01-20,97.46289825439453,58.190277099609375,131.1999969482422,23.40171241760254,18.946884155273438
2011-01-21,97.6835708618164,58.651676177978516,131.02999877929688,23.63843536376953,18.78816032409668
2011-01-24,98.23905944824219,58.67728042602539,130.36000061035156,23.435529708862305,18.74639320373535
2011-01-25,98.29231262207031,59.234832763671875,130.10000610351562,23.139629364013672,18.738037109375
2011-01-26,98.6728286743164,58.3376579284668,131.16000366210938,23.655344009399414,18.70461654663086
2011-01-27,98.91632080078125,58.60038757324219,127.93000030517578,23.452438354492188,18.67120361328125
2011-01-28,97.1889419555664,58.90800094604492,130.27999877929688,23.74834442138672,18.78816032409668
2011-01-31,97.91947174072266,58.45941162109375,129.8699951171875,24.120336532592773,18.67955780029297
2011-02-01,99.48702239990234,58.170047760009766,130.8000030517578,24.297874450683594,18.495769500732422
2011-02-02,99.29679107666016,58.18285369873047,130.4499969482422,24.53459930419922,18.529184341430664
2011-02-03,99.51747131347656,57.70054244995117,132.1999969482422,24.373964309692383,18.67955780029297
2011-02-04,99.79902648925781,57.115291595458984,131.66000366210938,24.238697052001953,18.738037109375
2011-02-07,100.42298126220703,57.41110610961914,131.67999267578125,24.171062469482422,18.738037109375
2011-02-08,100.87955474853516,56.88373565673828,133.13999938964844,24.331695556640625,18.72132682800293
2011-02-09,100.6512680053711,57.37900161743164,133.07000732421875,24.450054168701172,18.637788772583008
2011-02-10,100.6893310546875,56.71657180786133,132.85000610351562,24.30632972717285,18.78816032409668
2011-02-11,101.29046630859375,57.53336715698242,132.32000732421875,24.221786499023438,18.83828353881836
2011-02-14,101.53397369384766,57.571903228759766,132.9499969482422,24.34014892578125,18.863346099853516
2011-02-15,101.21439361572266,57.82915496826172,133.97000122070312,24.02733612060547,18.88005256652832
2011-02-16,101.85358428955078,57.642642974853516,134.10000610351562,24.204877853393555,18.77145004272461
2011-02-17,102.15797424316406,57.73270034790039,135.0399932861328,24.280967712402344,18.72132682800293
2011-02-18,102.37104034423828,57.5526237487793,135.41000366210938,24.255605697631836,18.629432678222656
2011-02-22,100.31645202636719,58.41435241699219,136.2899932861328,24.221786499023438,18.67955780029297
2011-02-23,99.70011901855469,58.626651763916016,137.50999450683594,24.76287078857422,18.570953369140625
2011-02-24,99.63157653808594,58.99966812133789,136.47999572753906,24.543054580688477,18.50412368774414
2011-02-25,100.6969223022461,59.346893310546875,137.3800048828125,25.08413314819336,18.537540435791016
2011-02-28,101.3209228515625,59.42409896850586,137.66000366210938,25.126405715942383,18.45400047302246
2011-03-01,99.63157653808594,59.596370697021484,140.02999877929688,25.50684928894043,18.479061126708984
2011-03-02,99.84464263916016,58.68017578125,139.9199981689453,25.608304977416992,18.378812789916992
2011-03-03,101.56439971923828,58.10594940185547,138.08999633789062,25.599851608276367,18.35375213623047
2011-03-04,100.80349731445312,58.58987808227539,139.35000610351562,25.726665496826172,18.328691482543945
2011-03-07,100.01209259033203,58.215633392333984,139.72000122070312,25.608304977416992,18.345396041870117
2011-03-08,100.88717651367188,57.860801696777344,139.36000061035156,25.388492584228516,18.428936004638672
2011-03-09,100.74259948730469,58.422088623046875,139.41000366210938,25.48994255065918,18.39552116394043
2011-03-10,98.87830352783203,59.40279006958008,137.77000427246094,25.0756778717041,18.537540435791016
2011-03-11,99.56312561035156,59.06728744506836,138.22000122070312,24.93195343017578,18.40387535095215
2011-03-14,98.96194458007812,59.04146957397461,138.86000061035156,24.999588012695312,18.311981201171875
2011-03-15,97.82814025878906,59.92539596557617,136.27000427246094,24.086519241333008,18.328691482543945
2011-03-16,96.01708221435547,60.602867126464844,136.24000549316406,24.230241775512695,18.38716697692871
2011-03-17,97.2878646850586,60.1382942199707,136.97000122070312,24.982681274414062,18.22844123840332
2011-03-18,97.64173889160156,60.29962158203125,138.3699951171875,25.126405715942383,18.1448974609375
2011-03-21,99.15498352050781,59.94477081298828,139.13999938964844,25.244768142700195,18.086423873901367
2011-03-22,98.81103515625,60.14481735229492,139.0500030517578,25.430761337280273,18.094776153564453
2011-03-23,99.09382629394531,60.0673713684082,140.33999633789062,25.481489181518555,18.195022583007812
2011-03-24,100.04150390625,59.615718841552734,139.22000122070312,25.56603240966797,18.153255462646484
2011-03-25,100.34719848632812,59.46732711791992,139.25999450683594,25.633668899536133,18.278564453125
2011-03-28,100.10262298583984,59.55124282836914,138.5399932861328,25.287036895751953,18.26185417175293
2011-03-29,100.77518463134766,59.0931282043457,138.2100067138672,25.430761337280273,18.253501892089844
2011-03-30,101.47061157226562,59.56412124633789,138.6699981689453,25.39694595336914,18.23679542541504
2011-03-31,101.33309173583984,59.44152069091797,139.86000061035156,25.794301986694336,18.203378677368164
2011-04-01,101.76107788085938,59.730491638183594,139.1999969482422,25.971845626831055,18.186670303344727
2011-04-04,101.84517669677734,59.79529571533203,139.83999633789062,26.20856475830078,18.186670303344727
2011-04-05,101.8298568725586,59.55556106567383,142.0500030517578,26.233928680419922,18.195022583007812
2011-04-06,102.15084075927734,58.661441802978516,142.3800048828125,26.31001853942871,18.094776153564453
2011-04-07,101.89100646972656,58.54483413696289,142.50999450683594,26.360742568969727,18.103132247924805
2011-04-08,101.53943634033203,58.233795166015625,143.66000366210938,26.986366271972656,17.961111068725586
2011-04-11,101.23374938964844,58.28565979003906,142.63999938964844,26.48755645751953,17.986175537109375
2011-04-12,100.47711944580078,58.91412353515625,141.61000061035156,25.946481704711914,17.94440460205078
2011-04-13,100.46947479248047,59.28343963623047,141.89999389648438,26.149383544921875,17.961111068725586
2011-04-14,100.5458755493164,59.23808288574219,143.80999755859375,26.21702003479004,17.89427947998047
2011-04-15,100.91273498535156,60.0414924621582,145.0500030517578,26.3522891998291,17.927698135375977
2011-04-18,99.78164672851562,60.177490234375,145.92999267578125,26.19165802001953,18.094776153564453
2011-04-19,100.35486602783203,60.43666076660156,145.92999267578125,26.200109481811523,17.986175537109375
2011-04-20,101.7228775024414,60.04793930053711,146.5,26.614376068115234,17.810739517211914
2011-04-21,102.2425765991211,59.99612045288086,146.74000549316406,26.80882453918457,17.74390983581543
2011-04-25,102.13555908203125,60.22288131713867,146.8699951171875,26.732736587524414,17.718843460083008
2011-04-26,103.01446533203125,60.80598831176758,146.3800048828125,26.724285125732422,17.67707633972168
2011-04-27,103.68697357177734,60.184024810791016,149.1999969482422,26.88491439819336,17.56011962890625
2011-04-28,104.02325439453125,60.644012451171875,149.82000732421875,26.690465927124023,17.509992599487305
2011-04-29,104.26786041259766,60.83187484741211,152.3699951171875,26.969459533691406,17.50164031982422
2011-05-02,104.10734558105469,60.929508209228516,150.41000366210938,26.69891929626465,17.51835060119629
2011-05-03,103.73290252685547,61.27437973022461,149.8800048828125,26.419925689697266,17.51835060119629
2011-05-04,103.04505920410156,61.547664642333984,147.72999572753906,25.99720573425293,17.509992599487305
2011-05-05,102.1126480102539,62.133277893066406,143.47000122070312,24.255605697631836,17.768972396850586
2011-05-06,102.56356811523438,61.860023498535156,145.3000030517578,24.179515838623047,17.90263557434082
2011-05-09,102.9609375,61.7949333190918,147.3800048828125,25.067224502563477,17.877574920654297
2011-05-10,103.8398666381836,61.35248947143555,147.89999389648438,25.295495986938477,17.860862731933594
2011-05-11,102.74696350097656,61.70380783081055,146.5399932861328,24.48387336730957,18.02794647216797
2011-05-12,103.23607635498047,61.313411712646484,146.58999633789062,24.509235382080078,17.994529724121094
2011-05-13,102.44124603271484,61.866485595703125,145.6300048828125,24.551509857177734,18.119840621948242
2011-05-16,101.79165649414062,62.211334228515625,145.3699951171875,24.230241775512695,18.061363220214844
2011-05-17,101.77635192871094,62.84901428222656,144.74000549316406,24.28942108154297,18.044654846191406
2011-05-18,102.68582153320312,62.016143798828125,145.60000610351562,24.779775619506836,18.036300659179688
2011-05-19,102.9303970336914,61.99012756347656,145.64999389648438,24.585325241088867,17.961111068725586
2011-05-20,102.1126480102539,62.022647857666016,147.49000549316406,24.813594818115234,18.086423873901367
2011-05-23,100.92802429199219,62.32199478149414,147.8300018310547,24.416236877441406,18.203378677368164
2011-05-24,100.8439712524414,62.556251525878906,148.58999633789062,24.745960235595703,18.153255462646484
2011-05-25,101.18023681640625,62.26340103149414,148.5800018310547,25.194042205810547,18.136545181274414
2011-05-26,101.64640808105469,62.79702377319336,148.22000122070312,25.287036895751953,18.061363220214844
2011-05-27,102.03618621826172,62.77100372314453,149.6999969482422,25.430761337280273,17.91098976135254
2011-05-31,103.0985336303711,62.914093017578125,149.63999938964844,25.574487686157227,17.827449798583984
2011-06-01,100.78282165527344,63.76432800292969,149.91000366210938,25.253223419189453,17.869218826293945
2011-06-02,100.67584991455078,62.549644470214844,149.5,25.47303581237793,17.752262115478516
2011-06-03,99.67462158203125,62.90888214111328,150.22000122070312,25.574487686157227,17.61859893798828
2011-06-06,98.61998748779297,62.43213653564453,150.47999572753906,25.278583526611328,17.66872215270996
2011-06-07,98.558837890625,62.71947479248047,150.4199981689453,25.515308380126953,17.56847381591797
2011-06-08,98.14612579345703,63.209285736083984,149.80999755859375,25.726665496826172,17.652013778686523
2011-06-09,98.89509582519531,62.95459747314453,150.55999755859375,25.870391845703125,17.710493087768555
2011-06-10,97.51942443847656,63.43784713745117,149.24000549316406,25.599851608276367,17.877574920654297
2011-06-13,97.59585571289062,63.11785125732422,147.77000427246094,25.430761337280273,17.78567886352539
2011-06-14,98.833984375,62.16435623168945,148.6699981689453,25.608304977416992,17.760618209838867
2011-06-15,97.07613372802734,63.294193267822266,149.1199951171875,24.923500061035156,18.044654846191406
2011-06-16,97.29016876220703,63.5815315246582,148.97000122070312,24.822050094604492,18.036300659179688
2011-06-17,97.58049774169922,63.28112030029297,149.94000244140625,24.712139129638672,17.919343948364258
2011-06-20,98.0796890258789,63.35948181152344,150.02999877929688,24.57686996459961,17.919343948364258
2011-06-21,99.42379760742188,63.07867431640625,150.75999450683594,24.593780517578125,17.802387237548828
2011-06-22,98.82470703125,63.11785125732422,150.99000549316406,24.703685760498047,17.869218826293945
2011-06-23,98.54055786132812,63.60107421875,148.33999633789062,24.179515838623047,17.961111068725586
2011-06-24,97.39615631103516,63.3333625793457,146.25999450683594,23.89206886291504,18.069713592529297
2011-06-27,98.2640609741211,62.46478271484375,145.72999572753906,23.883609771728516,17.986175537109375
2011-06-28,99.54669952392578,61.9619026184082,146.24000549316406,24.30632972717285,17.919343948364258
2011-06-29,100.39920806884766,61.55049133300781,147.17999267578125,24.745960235595703,17.810739517211914
2011-06-30,101.3592758178711,61.45249557495117,146.0,24.48387336730957,17.72719955444336
2011-07-01,102.85697174072266,61.3542594909668,144.92999267578125,24.517690658569336,17.710493087768555
2011-07-05,102.77249908447266,61.491886138916016,147.6300048828125,24.847410202026367,17.777324676513672
2011-07-06,102.8954086303711,61.80636978149414,148.91000366210938,24.838958740234375,17.885927200317383
2011-07-07,103.96294403076172,61.62293243408203,149.14999389648438,25.36312484741211,17.85251235961914
2011-07-08,103.22566986083984,62.494483947753906,150.25,25.337764739990234,17.89427947998047
2011-07-11,101.3592758178711,63.43152618408203,151.58999633789062,25.143314361572266,18.136545181274414
2011-07-12,100.9214859008789,63.647762298583984,152.77000427246094,25.36312484741211,18.128192901611328
2011-07-13,101.25943756103516,63.82465362548828,154.13999938964844,25.709758758544922,17.936052322387695
2011-07-14,100.56050109863281,62.913795471191406,154.5399932861328,25.56603240966797,17.936052322387695
2011-07-15,101.14420318603516,63.0186767578125,155.1999969482422,25.794301986694336,17.90263557434082
2011-07-18,100.31472778320312,62.409236907958984,156.57000732421875,25.650577545166016,17.94440460205078
2011-07-19,101.94298553466797,63.70671463012695,154.66000366210938,25.82811737060547,17.90263557434082
2011-07-20,101.88156127929688,62.95315170288086,156.02000427246094,25.912662506103516,17.819095611572266
2011-07-21,103.29473876953125,62.468292236328125,154.8300018310547,25.785844802856445,17.652013778686523
2011-07-22,103.3638687133789,62.94004821777344,156.1199951171875,25.99720573425293,17.652013778686523
2011-07-25,102.78784942626953,62.25200271606445,157.33999633789062,25.870391845703125,17.63530731201172
2011-07-26,102.40382385253906,62.67790603637695,157.77000427246094,26.07329559326172,17.484933853149414
2011-07-27,100.30706787109375,62.684505462646484,157.19000244140625,25.895753860473633,17.61859893798828
2011-07-28,100.01520538330078,62.920413970947266,157.32000732421875,25.811208724975586,17.652013778686523
2011-07-29,99.33162689208984,64.1654281616211,158.2899932861328,25.599851608276367,17.56847381591797
2011-08-01,98.90919494628906,64.81304168701172,157.72000122070312,25.599851608276367,17.66036605834961
2011-08-02,96.38231658935547,66.7591323852539,161.52000427246094,25.599851608276367,17.6854305267334
2011-08-03,96.90460205078125,66.89061737060547,161.49000549316406,25.219404220581055,17.60188865661621
2011-08-04,92.36541748046875,69.27066040039062,160.63999938964844,24.264060974121094,17.877574920654297
2011-08-05,92.22718048095703,67.27198028564453,161.75,24.365510940551758,17.72719955444336
2011-08-08,86.2210693359375,69.39557647705078,167.1199951171875,23.460895538330078,17.752262115478516
2011-08-09,90.23027038574219,69.60594940185547,168.61000061035156,23.689163208007812,17.60188865661621
2011-08-10,86.24409484863281,71.677001953125,174.5800018310547,23.790613174438477,17.752262115478516
2011-08-11,90.11506652832031,68.06090545654297,170.75,24.30632972717285,17.72719955444336
2011-08-12,90.7218246459961,69.40865325927734,169.97000122070312,24.272512435913086,17.72719955444336
2011-08-15,92.64195251464844,68.70521545410156,171.8000030517578,24.568416595458984,17.543411254882812
2011-08-16,91.8508529663086,69.84262084960938,173.9199981689453,24.568416595458984,17.55176544189453
2011-08-17,91.91230010986328,71.06554412841797,174.4199981689453,24.779775619506836,17.509992599487305
2011-08-18,87.94915008544922,72.52515411376953,177.72000122070312,24.171062469482422,17.610244750976562
2011-08-19,86.51290130615234,73.11026000976562,179.9499969482422,24.602235794067383,17.56847381591797
2011-08-22,86.58203887939453,72.92615509033203,184.58999633789062,24.64450454711914,17.60188865661621
2011-08-23,89.43148803710938,71.92021942138672,177.6699981689453,24.89813995361328,17.526702880859375
2011-08-24,90.69109344482422,69.87550354003906,171.64999389648438,24.64450454711914,17.56011962890625
2011-08-25,89.30860137939453,70.6316146850586,172.36000061035156,24.754411697387695,17.610244750976562
2011-08-26,90.60660552978516,71.32853698730469,177.47000122070312,25.033405303955078,17.509992599487305
2011-08-29,93.21026611328125,70.34226989746094,173.88999938964844,25.117952346801758,17.484933853149414
2011-08-30,93.45606231689453,71.4731674194336,179.10000610351562,25.456127166748047,17.55176544189453
2011-08-31,93.87078857421875,70.36859893798828,177.72000122070312,25.498397827148438,17.60188865661621
2011-09-01,92.88770294189453,71.8602523803711,177.8699951171875,25.320858001708984,17.67707633972168
2011-09-02,90.51446533203125,74.19477081298828,183.24000549316406,25.185585021972656,17.72719955444336
2011-09-06,89.85394287109375,74.96635437011719,182.89999389648438,25.101043701171875,18.00288200378418
2011-09-07,92.38848876953125,73.53531646728516,177.0800018310547,25.329309463500977,17.90263557434082
2011-09-08,91.42840576171875,74.19477081298828,181.80999755859375,25.16022300720215,18.086423873901367
2011-09-09,89.03211975097656,74.98609161376953,180.6999969482422,24.76287078857422,18.303627014160156
2011-09-12,89.60813903808594,75.06525421142578,176.6699981689453,24.703685760498047,18.311981201171875
2011-09-13,90.4299545288086,73.99687194824219,178.5399932861328,24.62759780883789,18.253501892089844
2011-09-14,91.681884765625,74.6233901977539,177.2100067138672,24.509235382080078,18.203378677368164
2011-09-15,93.26405334472656,73.48252868652344,174.39999389648438,24.610689163208008,18.094776153564453
2011-09-16,93.81602478027344,74.0167007446289,176.02999877929688,24.500782012939453,18.161609649658203
2011-09-19,92.88190460205078,75.42790985107422,173.30999755859375,24.086519241333008,18.26185417175293
2011-09-20,92.77383422851562,75.74449157714844,175.77999877929688,24.044246673583984,18.26185417175293
2011-09-21,90.04086303710938,78.2503433227539,173.58999633789062,23.689163208007812,18.40387535095215
2011-09-22,87.13033294677734,81.19153594970703,169.0500030517578,22.8521785736084,18.596017837524414
2011-09-23,87.65531921386719,79.6813735961914,159.8000030517578,22.446367263793945,18.5458927154541
2011-09-26,89.7397689819336,78.40199279785156,157.5800018310547,22.522457122802734,18.529184341430664
2011-09-27,90.74339294433594,77.20185852050781,160.6300048828125,22.902902603149414,18.420581817626953
2011-09-28,88.8905258178711,77.17549133300781,156.22000122070312,22.285737991333008,18.487415313720703
2011-09-29,89.59308624267578,77.70958709716797,157.6999969482422,22.547819137573242,18.44564437866211
2011-09-30,87.35421752929688,79.66162109375,158.05999755859375,21.770017623901367,18.637788772583008
2011-10-03,84.8683090209961,81.85388946533203,160.9600067138672,21.660112380981445,18.804868698120117
2011-10-04,86.72887420654297,80.81591033935547,157.63999938964844,21.617839813232422,18.72968101501465
2011-10-05,88.33470916748047,80.23412322998047,159.4600067138672,21.922195434570312,18.67120361328125
2011-10-06,89.93278503417969,78.753173828125,160.49000549316406,22.378732681274414,18.55424690246582
2011-10-07,89.33057403564453,78.1714096069336,159.17999267578125,22.277280807495117,18.604372024536133
2011-10-10,92.31832122802734,77.06729888916016,163.27000427246094,22.776090621948242,18.311981201171875
2011-10-11,92.41095733642578,76.8094482421875,162.10000610351562,22.945175170898438,18.295270919799805
2011-10-12,93.22161865234375,75.69221496582031,163.25999450683594,22.987449645996094,18.178319931030273
2011-10-13,93.03631591796875,76.4458999633789,162.3000030517578,23.038175582885742,18.16996192932129
2011-10-14,94.62667083740234,75.33516693115234,163.39999389648438,23.562345504760742,18.086423873901367
2011-10-17,92.82012939453125,76.63764190673828,162.6199951171875,23.224166870117188,18.203378677368164
2011-10-18,94.6343994140625,76.16159057617188,161.83999633789062,23.350990295410156,18.178319931030273
2011-10-19,93.51496887207031,76.13520050048828,159.8699951171875,22.894451141357422,18.195022583007812
2011-10-20,93.9240951538086,75.5930404663086,157.77000427246094,22.860633850097656,18.161609649658203
2011-10-21,95.70748901367188,74.79310607910156,159.52000427246094,22.978994369506836,17.994529724121094
2011-10-24,96.8809814453125,74.91866302490234,161.02000427246094,23.342533111572266,17.952756881713867
2011-10-25,94.99724578857422,76.82270050048828,165.58999633789062,23.418622970581055,17.969467163085938
2011-10-26,95.9622573852539,75.48062896728516,167.39999389648438,23.28335189819336,17.969467163085938
2011-10-27,99.30513000488281,72.92205047607422,169.5500030517578,23.90052032470703,17.66872215270996
2011-10-28,99.28197479248047,73.6889877319336,169.6199951171875,23.799068450927734,17.67707633972168
2011-10-31,96.88870239257812,76.61117553710938,167.33999633789062,23.435529708862305,18.019590377807617
2011-11-01,94.1866226196289,79.17568969726562,167.3800048828125,23.156536102294922,18.211732864379883
2011-11-02,95.7229232788086,78.18806457519531,169.05999755859375,23.30025863647461,18.16996192932129
2011-11-03,97.46770477294922,77.1142578125,171.72000122070312,23.587709426879883,18.086423873901367
2011-11-04,96.87324523925781,77.20706939697266,170.85000610351562,23.66379737854004,18.136545181274414
2011-11-07,97.47541046142578,77.6975326538086,174.97999572753906,24.010427474975586,18.119840621948242
2011-11-08,98.7260971069336,76.70327758789062,173.52999877929688,24.1287899017334,18.036300659179688
2011-11-09,95.08216857910156,78.29412078857422,172.07000732421875,23.596162796020508,18.35375213623047
2011-11-10,95.97769165039062,77.12749481201172,171.13999938964844,23.570798873901367,18.303627014160156
2011-11-11,97.78424835205078,76.65689086914062,173.9600067138672,23.799068450927734,18.119840621948242
2011-11-14,96.85779571533203,77.8897933959961,173.1999969482422,23.545434951782227,18.245147705078125
2011-11-15,97.33645629882812,77.78372955322266,173.36000061035156,23.714523315429688,18.35375213623047
2011-11-16,95.79239654541016,78.49298858642578,171.50999450683594,23.655344009399414,18.412227630615234
2011-11-17,94.27153015136719,79.12268829345703,167.10000610351562,23.105810165405273,18.43729019165039
2011-11-18,94.17117309570312,79.10273742675781,167.6199951171875,23.071990966796875,18.38716697692871
2011-11-21,92.38011932373047,79.5733871459961,163.5,22.902902603149414,18.420581817626953
2011-11-22,92.0172348022461,80.46156311035156,165.30999755859375,23.055084228515625,18.412227630615234
2011-11-23,89.98681640625,81.25035858154297,164.8300018310547,22.70845603942871,18.62108039855957
2011-11-25,89.81697082519531,80.07051086425781,163.39999389648438,22.522457122802734,18.72968101501465
2011-11-28,92.41868591308594,80.03070831298828,166.6300048828125,22.80145263671875,18.65449333190918
2011-11-29,92.6811752319336,79.37454223632812,166.8800048828125,23.097354888916016,18.587661743164062
2011-11-30,96.49494934082031,78.13506317138672,170.1300048828125,23.36789321899414,18.428936004638672
2011-12-01,96.47948455810547,77.74295043945312,169.6300048828125,23.28335189819336,18.420581817626953
2011-12-02,96.39459991455078,78.83265686035156,169.82000732421875,23.486257553100586,18.479061126708984
2011-12-05,97.44457244873047,78.67322540283203,167.32000732421875,23.359439849853516,18.479061126708984
2011-12-06,97.47541046142578,77.92240142822266,168.17999267578125,23.486257553100586,18.46235466003418
2011-12-07,97.83830261230469,78.2014389038086,169.39999389648438,23.28335189819336,18.43729019165039
2011-12-08,95.69206237792969,79.17826843261719,165.97999572753906,22.987449645996094,18.537540435791016
2011-12-09,97.31328582763672,77.5503158569336,166.39999389648438,23.071990966796875,18.479061126708984
2011-12-12,95.89280700683594,78.41409301757812,161.99000549316406,22.776090621948242,18.67120361328125
2011-12-13,94.99724578857422,79.14501953125,158.4499969482422,22.86908531188965,18.854990005493164
2011-12-14,93.98590850830078,80.64009857177734,152.88999938964844,22.05746841430664,18.89676284790039
2011-12-15,94.3255615234375,80.34107208251953,152.3300018310547,21.947559356689453,18.846637725830078
2011-12-16,94.46541595458984,81.27794647216797,155.22999572753906,22.125102996826172,18.78816032409668
2011-12-19,93.45542907714844,82.30791473388672,154.8699951171875,22.023649215698242,18.854990005493164
2011-12-20,96.28341674804688,80.25465393066406,156.97999572753906,22.53091049194336,18.696264266967773
2011-12-21,96.46985626220703,79.13835906982422,157.16000366210938,22.691547393798828,18.696264266967773
2011-12-22,97.3244857788086,79.47061157226562,156.0399932861328,22.716909408569336,18.696264266967773
2011-12-23,98.19463348388672,78.58684539794922,156.30999755859375,22.826812744140625,18.70461654663086
2011-12-27,98.27230834960938,78.96016693115234,154.91000366210938,22.928268432617188,18.662851333618164
2011-12-28,96.98260498046875,80.42003631591797,151.02999877929688,22.65772819519043,18.83828353881836
2011-12-29,97.98486328125,80.56670379638672,150.33999633789062,22.725360870361328,18.804868698120117
2011-12-30,97.50315856933594,80.82666778564453,151.99000549316406,22.691547393798828,18.77145004272461
2012-01-03,99.05699157714844,79.61344146728516,155.9199981689453,23.36789321899414,18.612728118896484
2012-01-04,99.21240234375,78.66686248779297,156.7100067138672,23.545434951782227,18.712970733642578
2012-01-05,99.47653198242188,78.52689361572266,157.77999877929688,23.224166870117188,18.913469314575195
2012-01-06,99.22017669677734,79.14678955078125,157.1999969482422,23.32562255859375,18.98029899597168
2012-01-09,99.46098327636719,79.00684356689453,156.5,23.350990295410156,18.913469314575195
2012-01-10,100.32337188720703,78.87348937988281,158.63999938964844,23.52007484436035,18.89676284790039
2012-01-11,100.37775421142578,79.90007019042969,159.6699981689453,23.452438354492188,18.98029899597168
2012-01-12,100.61859130859375,79.78675842285156,160.3800048828125,23.12272071838379,18.854990005493164
2012-01-13,100.09806823730469,80.58003234863281,159.25999450683594,23.071990966796875,19.005361557006836
2012-01-17,100.48652648925781,80.9533462524414,160.5,23.232624053955078,18.93853187561035
2012-01-18,101.59754180908203,79.97344970703125,161.60000610351562,23.241077423095703,18.77145004272461
2012-01-19,102.13362884521484,78.87348937988281,161.22000122070312,23.342533111572266,18.67120361328125
2012-01-20,102.51429748535156,77.980224609375,162.07000732421875,23.173444747924805,18.68791389465332
2012-01-23,102.25015258789062,77.48700714111328,163.16000366210938,23.443984985351562,18.579307556152344
2012-01-24,102.13362884521484,77.62694549560547,162.00999450683594,23.486257553100586,18.604372024536133
2012-01-25,102.98818969726562,77.44023132324219,166.4199981689453,23.680706024169922,18.520832061767578
2012-01-26,102.45989227294922,78.46685028076172,167.27000427246094,23.74834442138672,18.50412368774414
2012-01-27,102.41329193115234,78.71353149414062,168.97000122070312,23.832887649536133,18.370458602905273
2012-01-30,102.06365966796875,79.6401138305664,168.02999877929688,23.587709426879883,18.43729019165039
2012-01-31,102.02481842041016,80.56006622314453,169.30999755859375,23.528528213500977,18.479061126708984
2012-02-01,102.9183120727539,79.63725280761719,169.55999755859375,23.604616165161133,18.39552116394043
2012-02-02,103.08143615722656,79.60383605957031,171.0500030517578,23.66379737854004,18.40387535095215
2012-02-03,104.5265121459961,77.89317321777344,167.63999938964844,23.942790985107422,18.40387535095215
2012-02-06,104.45655822753906,78.6683578491211,167.17999267578125,24.061153411865234,18.412227630615234
2012-02-07,104.7207260131836,77.69275665283203,169.6999969482422,24.044246673583984,18.286916732788086
2012-02-08,105.0315170288086,77.75288391113281,168.5,24.154151916503906,18.303627014160156
2012-02-09,105.16355895996094,77.17151641845703,168.02000427246094,24.280967712402344,18.311981201171875
2012-02-10,104.38666534423828,78.17388153076172,167.13999938964844,24.05270004272461,18.428936004638672
2012-02-13,105.16355895996094,78.27411651611328,167.50999450683594,24.111881256103516,18.40387535095215
2012-02-14,105.0315170288086,78.68833923339844,167.1199951171875,24.10342788696289,18.495769500732422
2012-02-15,104.54206848144531,78.54804992675781,168.11000061035156,24.187971115112305,18.55424690246582
2012-02-16,105.69964599609375,77.91997528076172,168.0,24.297874450683594,18.487415313720703
2012-02-17,105.97933959960938,77.89990234375,167.35000610351562,24.255605697631836,18.487415313720703
2012-02-21,106.02597045898438,77.03789520263672,171.02000427246094,24.636049270629883,18.412227630615234
2012-02-22,105.68412017822266,78.00679016113281,172.94000244140625,24.86431884765625,18.43729019165039
2012-02-23,106.15026092529297,78.00679016113281,173.02000427246094,24.940410614013672,18.295270919799805
2012-02-24,106.3833236694336,78.5146255493164,172.22999572753906,25.092586517333984,18.22008514404297
2012-02-27,106.56202697753906,79.2096176147461,171.6999969482422,24.889684677124023,18.278564453125
2012-02-28,106.87281036376953,78.9489517211914,173.49000549316406,24.881229400634766,18.195022583007812
2012-02-29,106.45327758789062,78.46788024902344,164.2899932861328,24.78822898864746,18.345396041870117
2012-03-01,107.0048828125,77.72916412353516,166.61000061035156,25.177133560180664,18.345396041870117
2012-03-02,106.6785659790039,78.45918273925781,166.33999633789062,24.923500061035156,18.470706939697266
2012-03-05,106.24349975585938,77.83626556396484,165.64999389648438,24.805139541625977,18.45400047302246
2012-03-06,104.68964385986328,78.78064727783203,162.6999969482422,24.399328231811523,18.570953369140625
2012-03-07,105.41997528076172,78.29842376708984,163.6300048828125,24.509235382080078,18.5458927154541
2012-03-08,106.46878814697266,77.5148696899414,165.27999877929688,24.712139129638672,18.420581817626953
2012-03-09,106.88055419921875,77.66887664794922,166.3800048828125,24.779775619506836,18.596017837524414
2012-03-12,106.88838958740234,77.65547943115234,165.07000732421875,24.745960235595703,18.570953369140625
2012-03-13,108.81513214111328,76.28926849365234,162.3000030517578,24.855865478515625,18.629432678222656
2012-03-14,108.69853973388672,74.36705017089844,159.57000732421875,24.686777114868164,18.72968101501465
2012-03-15,109.32786560058594,74.48096466064453,161.0800018310547,24.703685760498047,18.65449333190918
2012-03-16,109.4792709350586,74.6282958984375,161.3000030517578,25.008041381835938,18.529184341430664
2012-03-19,109.9084243774414,73.73756408691406,161.58999633789062,24.965774536132812,18.428936004638672
2012-03-20,109.58848571777344,74.03224182128906,160.1300048828125,24.661413192749023,18.46235466003418
2012-03-21,109.40907287597656,74.86936950683594,160.2100067138672,24.602235794067383,18.470706939697266
2012-03-22,108.6208724975586,75.1104736328125,159.57000732421875,24.407785415649414,18.495769500732422
2012-03-23,108.97200775146484,75.82042694091797,161.52999877929688,24.64450454711914,18.39552116394043
2012-03-26,110.5014419555664,75.43195343017578,164.39999389648438,24.754411697387695,18.278564453125
2012-03-27,110.15811157226562,75.97443389892578,163.24000549316406,24.6529598236084,18.345396041870117
2012-03-28,109.61190795898438,75.8673095703125,161.50999450683594,24.416236877441406,18.33704376220703
2012-03-29,109.42462158203125,76.43656921386719,161.27999877929688,24.078060150146484,18.328691482543945
2012-03-30,109.8772201538086,75.14398193359375,162.1199951171875,24.348602294921875,18.303627014160156
2012-04-02,110.68097686767578,75.5603256225586,162.94000244140625,24.661413192749023,18.26185417175293
2012-04-03,110.22836303710938,74.25093078613281,159.88999938964844,24.551509857177734,18.39552116394043
2012-04-04,109.1358871459961,75.27154541015625,157.2100067138672,24.171062469482422,18.487415313720703
2012-04-05,109.08125305175781,75.81546020507812,158.30999755859375,24.264060974121094,18.5458927154541
2012-04-09,107.85618591308594,77.58811950683594,159.3699951171875,24.154151916503906,18.487415313720703
2012-04-10,106.04585266113281,78.46773529052734,161.10000610351562,23.832887649536133,18.51247787475586
2012-04-11,106.9041976928711,77.52774810791016,161.07000732421875,23.89206886291504,18.487415313720703
2012-04-12,108.30094909667969,77.20539855957031,162.6999969482422,24.204877853393555,18.362104415893555
2012-04-13,107.013427734375,78.45431518554688,160.85000610351562,23.959699630737305,18.51247787475586
2012-04-16,106.94320678710938,78.34016418457031,160.4600067138672,23.722976684570312,18.43729019165039
2012-04-17,108.52725219726562,78.29319763183594,160.25,23.832887649536133,18.428936004638672
2012-04-18,108.1604995727539,78.52146911621094,159.30999755859375,23.604616165161133,18.428936004638672
2012-04-19,107.46599578857422,78.59532165527344,159.42999267578125,23.613073348999023,18.420581817626953
2012-04-20,107.64546966552734,78.60877227783203,159.5399932861328,23.706069946289062,18.32033348083496
2012-04-23,106.74029541015625,79.17950439453125,159.07000732421875,23.66379737854004,18.378812789916992
2012-04-24,107.14608001708984,78.62222290039062,159.3000030517578,23.66379737854004,18.328691482543945
2012-04-25,108.61311340332031,78.2193374633789,159.6199951171875,23.799068450927734,18.286916732788086
2012-04-26,109.3700180053711,78.68936920166016,161.02999877929688,23.849796295166016,18.26185417175293
2012-04-27,109.54949951171875,78.7564926147461,161.3800048828125,23.925884246826172,18.22844123840332
2012-04-30,109.1436767578125,78.77664184570312,161.8800048828125,24.01888084411621,18.22008514404297
2012-05-01,109.82258605957031,78.3680648803711,161.32000732421875,24.01888084411621,18.23679542541504
2012-05-02,109.49485778808594,78.92003631591797,160.58999633789062,23.706069946289062,18.295270919799805
2012-05-03,108.65985870361328,78.89984130859375,158.97000122070312,23.443984985351562,18.311981201171875
2012-05-04,106.9041976928711,79.51902770996094,159.47000122070312,23.029720306396484,18.38716697692871
2012-05-07,106.98221588134766,79.53250885009766,159.0800018310547,22.978994369506836,18.412227630615234
2012-05-08,106.55302429199219,79.95653533935547,156.0,22.894451141357422,18.45400047302246
2012-05-09,105.92098236083984,80.01040649414062,154.47000122070312,22.716909408569336,18.529184341430664
2012-05-10,106.13945770263672,79.77481842041016,154.77000427246094,22.725360870361328,18.5458927154541
2012-05-11,105.81949615478516,80.4344482421875,153.55999755859375,22.5562744140625,18.579307556152344
2012-05-14,104.64906311035156,81.55850219726562,151.3300018310547,22.260372161865234,18.662851333618164
2012-05-15,104.04823303222656,81.88834381103516,149.74000549316406,22.302642822265625,18.81322479248047
2012-05-16,103.65027618408203,82.12391662597656,149.4600067138672,22.277280807495117,18.854990005493164
2012-05-17,102.11300659179688,83.57778930664062,152.8000030517578,22.226552963256836,18.83828353881836
2012-05-18,101.23904418945312,83.59800720214844,154.5500030517578,22.209646224975586,18.76309585571289
2012-05-21,102.97917938232422,83.42298889160156,154.64999389648438,22.50554656982422,18.70461654663086
2012-05-22,103.15862274169922,82.49414825439453,152.0800018310547,22.184284210205078,18.89676284790039
2012-05-23,103.2132568359375,83.06629180908203,151.6199951171875,21.939105987548828,18.963594436645508
2012-05-24,103.4161376953125,82.74988555908203,151.41000366210938,21.947559356689453,19.038782119750977
2012-05-25,103.08059692382812,83.05950927734375,152.67999267578125,22.023649215698242,19.0638427734375
2012-05-29,104.32911682128906,82.80374145507812,151.02000427246094,21.930652618408203,19.047134399414062
2012-05-30,102.81529235839844,84.90377044677734,151.91000366210938,21.524839401245117,19.197505950927734
2012-05-31,102.58899688720703,85.8864974975586,151.6199951171875,21.33884620666504,19.205860137939453
2012-06-01,100.0061264038086,87.92546844482422,157.5,20.89921760559082,19.147380828857422
2012-06-04,99.95934295654297,87.23075866699219,157.32000732421875,21.017578125,19.0638427734375
2012-06-05,100.71620178222656,86.0638656616211,157.13999938964844,20.94148826599121,19.130672454833984
2012-06-06,102.97917938232422,84.34400177001953,157.2100067138672,21.330392837524414,18.971946716308594
2012-06-07,103.04158782958984,84.47217559814453,154.5,21.186664581298828,18.99700927734375
2012-06-08,103.86093139648438,84.45185089111328,154.72999572753906,21.254301071166992,19.05548667907715
2012-06-11,102.54219055175781,84.8363037109375,155.36000061035156,20.865400314331055,19.080549240112305
2012-06-12,103.72045135498047,84.06066131591797,156.4600067138672,20.96685218811035,19.013715744018555
2012-06-13,103.05720520019531,84.8902816772461,157.1199951171875,20.80622100830078,18.955236434936523
2012-06-14,104.149658203125,84.78236389160156,157.75,21.0513973236084,18.88005256652832
2012-06-15,105.2148208618164,85.25450897216797,157.83999633789062,21.017578125,18.7965145111084
2012-06-18,105.41878509521484,85.71318817138672,157.92999267578125,21.034486770629883,18.88005256652832
2012-06-19,106.43840789794922,84.59349060058594,157.16000366210938,21.212032318115234,18.738037109375
2012-06-20,106.26586151123047,85.01172637939453,155.97000122070312,20.865400314331055,18.76309585571289
2012-06-21,103.8813705444336,85.46357727050781,152.02000427246094,20.41731834411621,18.963594436645508
2012-06-22,104.68148040771484,84.32373046875,152.63999938964844,20.620222091674805,18.921823501586914
2012-06-25,103.00291442871094,85.55127716064453,153.75999450683594,20.831581115722656,18.98029899597168
2012-06-26,103.52056884765625,85.21403503417969,152.6199951171875,20.97530746459961,18.946884155273438
2012-06-27,104.45397186279297,85.34895324707031,152.8300018310547,21.09366798400879,19.005361557006836
2012-06-28,104.15592956542969,85.55805969238281,151.0500030517578,20.865400314331055,19.030426025390625
2012-06-29,106.75220489501953,84.44511413574219,155.19000244140625,21.770017623901367,18.77145004272461
2012-07-02,107.0737533569336,85.31634521484375,155.08999633789062,21.727745056152344,18.81322479248047
2012-07-03,107.77969360351562,84.66075134277344,157.4600067138672,22.336462020874023,18.7965145111084
2012-07-05,107.2933578491211,85.09334564208984,155.67999267578125,22.42100715637207,19.047134399414062
2012-07-06,106.27368927001953,85.88417053222656,153.7100067138672,21.90528678894043,19.17244529724121
2012-07-09,106.1403579711914,86.64122772216797,154.0399932861328,22.294189453125,19.11396598815918
2012-07-10,105.2148208618164,86.81700897216797,152.14999389648438,22.006742477416992,19.180797576904297
2012-07-11,105.23048400878906,86.9251480102539,152.99000549316406,22.251916885375977,19.197505950927734
2012-07-12,104.72064971923828,87.54020690917969,152.58999633789062,22.302642822265625,19.239274978637695
2012-07-13,106.47761535644531,87.31038665771484,154.13999938964844,22.573183059692383,19.15573501586914
2012-07-16,106.22663879394531,87.71597290039062,154.2100067138672,22.8521785736084,19.097257614135742
2012-07-17,106.95611572265625,87.0265121459961,153.47000122070312,22.877540588378906,19.080549240112305
2012-07-18,107.74832916259766,87.0738296508789,153.0500030517578,23.0804443359375,19.0638427734375
2012-07-19,108.03071594238281,86.85073852539062,153.3800048828125,23.359439849853516,19.05548667907715
2012-07-20,107.04241180419922,87.91199493408203,153.6699981689453,23.359439849853516,19.197505950927734
2012-07-23,105.95993041992188,88.40545654296875,153.02999877929688,22.86908531188965,19.22256851196289
2012-07-24,105.05010223388672,89.10167694091797,153.52000427246094,22.733816146850586,19.297754287719727
2012-07-25,105.07363891601562,89.33146667480469,155.6699981689453,22.902902603149414,19.197505950927734
2012-07-26,106.80708312988281,88.51354217529297,156.77000427246094,22.945175170898438,19.005361557006836
2012-07-27,108.77584838867188,86.84400177001953,157.5399932861328,23.18189811706543,18.99700927734375
2012-07-30,108.77584838867188,87.49288940429688,157.42999267578125,23.317169189453125,19.022069931030273
2012-07-31,108.0150146484375,87.66863250732422,156.49000549316406,23.038175582885742,18.971946716308594
2012-08-01,107.92088317871094,87.23043823242188,155.13999938964844,23.071990966796875,19.10561180114746
2012-08-02,107.17574310302734,87.72484588623047,154.1300048828125,22.877540588378906,19.139028549194336
2012-08-03,109.30132293701172,86.30924224853516,155.5500030517578,23.266443252563477,18.905113220214844
2012-08-06,109.51312255859375,86.34310150146484,156.3000030517578,23.40171241760254,18.88005256652832
2012-08-07,110.06218719482422,85.23221588134766,156.27999877929688,23.579252243041992,18.88005256652832
2012-08-08,110.19556427001953,84.77838134765625,156.47999572753906,23.646888732910156,18.913469314575195
2012-08-09,110.28965759277344,84.71742248535156,156.99000549316406,23.84134292602539,18.98029899597168
2012-08-10,110.47003936767578,85.14411163330078,157.17999267578125,23.714523315429688,18.946884155273438
2012-08-13,110.41516876220703,85.00184631347656,155.99000549316406,23.528528213500977,18.921823501586914
2012-08-14,110.43087005615234,83.85040283203125,155.1300048828125,23.553892135620117,18.930177688598633
2012-08-15,110.55632781982422,82.67174530029297,155.6300048828125,23.75679588317871,18.98029899597168
2012-08-16,111.37211608886719,81.9673080444336,156.55999755859375,23.849796295166016,18.913469314575195
2012-08-17,111.52113342285156,82.36698913574219,156.72000122070312,23.883609771728516,18.946884155273438
2012-08-20,111.52896881103516,82.53631591796875,157.25999450683594,23.993520736694336,18.921823501586914
2012-08-21,111.19165802001953,82.9020767211914,158.8300018310547,24.213333129882812,18.7965145111084
2012-08-22,111.23872375488281,84.27032470703125,160.5399932861328,24.34014892578125,18.70461654663086
2012-08-23,110.32887268066406,84.62260437011719,161.88999938964844,24.221786499023438,18.67120361328125
2012-08-24,110.99559783935547,84.54134368896484,161.97000122070312,24.111881256103516,18.72968101501465
2012-08-27,111.01909637451172,85.03579711914062,161.36000061035156,24.001970291137695,18.74639320373535
2012-08-28,110.90931701660156,85.23898315429688,161.63999938964844,24.01888084411621,18.67120361328125
2012-08-29,110.99559783935547,84.86644744873047,160.58999633789062,24.061153411865234,18.70461654663086
2012-08-30,110.19556427001953,85.30667877197266,160.52000427246094,24.086519241333008,18.74639320373535
2012-08-31,110.72105407714844,86.5124282836914,164.22000122070312,24.34014892578125,18.629432678222656
2012-09-04,110.61905670166016,86.42549133300781,164.47999572753906,24.348602294921875,18.65449333190918
2012-09-05,110.52494049072266,86.01822662353516,164.30999755859375,24.230241775512695,18.637788772583008
2012-09-06,112.76820373535156,84.58596801757812,164.88999938964844,24.221786499023438,18.587661743164062
2012-09-07,113.20748901367188,84.19224548339844,168.44000244140625,24.492326736450195,18.38716697692871
2012-09-10,112.56431579589844,84.39586639404297,167.2899932861328,24.52614402770996,18.44564437866211
2012-09-11,112.87804412841797,83.86644744873047,167.89999389648438,24.57686996459961,18.303627014160156
2012-09-12,113.25454711914062,82.82109832763672,167.9199981689453,24.703685760498047,18.286916732788086
2012-09-13,114.98017120361328,82.4952621459961,171.30999755859375,24.872774124145508,18.16996192932129
2012-09-14,115.49003601074219,80.30269622802734,171.8000030517578,25.134859085083008,18.078067779541016
2012-09-17,115.09780883789062,81.26661682128906,170.39999389648438,24.44160270690918,18.103132247924805
2012-09-18,115.00367736816406,81.67395782470703,171.72000122070312,24.264060974121094,18.161609649658203
2012-09-19,115.06645202636719,82.21016693115234,171.74000549316406,23.90897560119629,18.103132247924805
2012-09-20,115.07430267333984,82.413818359375,171.47000122070312,24.044246673583984,18.186670303344727
2012-09-21,115.02617645263672,82.50879669189453,171.9600067138672,24.204877853393555,18.16996192932129
2012-09-24,114.85272979736328,83.15361785888672,171.0500030517578,23.95124626159668,18.211732864379883
2012-09-25,113.63042449951172,83.97505950927734,170.77000427246094,23.97661018371582,18.245147705078125
2012-09-26,112.99170684814453,84.87784576416016,169.80999755859375,23.80752182006836,18.278564453125
2012-09-27,114.05626678466797,84.27373504638672,172.33999633789062,24.10342788696289,18.22844123840332
2012-09-28,113.5279312133789,84.32122039794922,171.88999938964844,24.24715232849121,18.311981201171875
2012-10-01,113.82759857177734,84.6341323852539,172.2899932861328,24.280967712402344,18.27021026611328
2012-10-02,113.94587707519531,84.51844787597656,172.10000610351562,24.154151916503906,18.253501892089844
2012-10-03,114.4111099243164,84.54566955566406,172.41000366210938,23.739887237548828,18.303627014160156
2012-10-04,115.2312240600586,83.49134826660156,173.61000061035156,24.255605697631836,18.178319931030273
2012-10-05,115.23908233642578,82.40980529785156,172.6199951171875,24.1287899017334,18.178319931030273
2012-10-08,114.84484100341797,83.1036376953125,172.0500030517578,24.061153411865234,18.22008514404297
2012-10-09,113.70930480957031,82.95393371582031,170.99000549316406,24.238697052001953,18.33704376220703
2012-10-10,112.98387908935547,83.53897094726562,170.83999633789062,24.196426391601562,18.295270919799805
2012-10-11,113.04691314697266,84.11717987060547,171.32000732421875,24.475419998168945,18.26185417175293
2012-10-12,112.67625427246094,84.32807159423828,170.05999755859375,24.137243270874023,18.23679542541504
2012-10-15,113.61470031738281,84.13758850097656,168.35000610351562,24.01888084411621,18.245147705078125
2012-10-16,114.7659912109375,82.97438049316406,169.4199981689453,24.035791397094727,18.16996192932129
2012-10-17,115.28643798828125,82.20570373535156,169.5399932861328,24.044246673583984,18.078067779541016
2012-10-18,114.9867935180664,81.70238494873047,168.7899932861328,24.035791397094727,18.153255462646484
2012-10-19,113.07058715820312,82.81111145019531,166.97000122070312,23.67225456237793,18.22008514404297
2012-10-22,113.08634948730469,82.2804946899414,167.5800018310547,23.562345504760742,18.22008514404297
2012-10-23,111.51713562011719,83.45735931396484,165.42999267578125,23.274898529052734,18.303627014160156
2012-10-24,111.20171356201172,82.6342544555664,164.86000061035156,23.207260131835938,18.303627014160156
2012-10-25,111.52503967285156,82.21249389648438,166.02000427246094,23.266443252563477,18.32033348083496
2012-10-26,111.46199035644531,83.42332458496094,165.92999267578125,23.317169189453125,18.32033348083496
2012-10-31,111.46199035644531,83.91305541992188,166.8300018310547,23.30025863647461,18.286916732788086
2012-11-01,112.62898254394531,83.22610473632812,166.07000732421875,23.342533111572266,18.311981201171875
2012-11-02,111.62754821777344,83.16480255126953,162.60000610351562,22.945175170898438,18.43729019165039
2012-11-05,111.85621643066406,83.6341781616211,163.22999572753906,23.139629364013672,18.479061126708984
2012-11-06,112.73148345947266,82.84513854980469,166.3000030517578,23.553892135620117,18.45400047302246
2012-11-07,110.1766128540039,84.34840393066406,166.49000549316406,23.11426544189453,18.487415313720703
2012-11-08,108.85179901123047,85.60005950927734,167.99000549316406,23.14807891845703,18.487415313720703
2012-11-09,108.94647216796875,85.69528198242188,167.82000732421875,23.33407974243164,18.529184341430664
2012-11-12,109.03319549560547,85.83816528320312,167.4499969482422,23.224166870117188,18.537540435791016
2012-11-13,108.6546859741211,86.12381744384766,167.10000610351562,23.18189811706543,18.55424690246582
2012-11-14,107.18798828125,86.20547485351562,167.13999938964844,23.24953269958496,18.5458927154541
2012-11-15,107.00660705566406,86.03541564941406,166.08999633789062,23.156536102294922,18.5458927154541
2012-11-16,107.53494262695312,85.96056365966797,165.8800048828125,23.25798797607422,18.579307556152344
2012-11-19,109.71133422851562,85.47763061523438,167.8699951171875,23.697616577148438,18.495769500732422
2012-11-20,109.7586898803711,84.62054443359375,167.38999938964844,23.536983489990234,18.487415313720703
2012-11-21,109.96366119384766,84.57290649414062,167.55999755859375,23.63843536376953,18.495769500732422
2012-11-23,111.46199035644531,84.49128723144531,169.61000061035156,23.722976684570312,18.32033348083496
2012-11-26,111.2253646850586,84.89263153076172,169.42999267578125,23.689163208007812,18.328691482543945
2012-11-27,110.65760040283203,85.22595977783203,168.7100067138672,23.655344009399414,18.38716697692871
2012-11-28,111.54866790771484,85.10348510742188,166.5500030517578,23.579252243041992,18.35375213623047
2012-11-29,112.06908416748047,85.11711120605469,167.17999267578125,23.739887237548828,18.328691482543945
2012-11-30,112.09278869628906,84.88581848144531,166.0500030517578,23.75679588317871,18.311981201171875
2012-12-03,111.5407943725586,84.96424102783203,166.1300048828125,23.81597900390625,18.253501892089844
2012-12-04,111.38307189941406,85.45492553710938,164.4199981689453,23.604616165161133,18.195022583007812
2012-12-05,111.58019256591797,85.41402435302734,164.1199951171875,23.579252243041992,18.23679542541504
2012-12-06,111.95870971679688,85.59808349609375,164.5,23.36789321899414,18.33704376220703
2012-12-07,112.29779815673828,84.80744934082031,165.16000366210938,23.342533111572266,18.370458602905273
2012-12-10,112.3450927734375,85.18230438232422,165.8000030517578,23.291805267333984,18.345396041870117
2012-12-11,113.1100082397461,84.53478240966797,165.64999389648438,23.24953269958496,18.278564453125
2012-12-12,113.16522979736328,83.55337524414062,165.77000427246094,23.359439849853516,18.245147705078125
2012-12-13,112.4712905883789,83.61468505859375,164.3699951171875,23.14807891845703,18.26185417175293
2012-12-14,112.05332946777344,84.24174499511719,164.1300048828125,23.291805267333984,18.16996192932129
2012-12-17,113.3702163696289,82.98087310791016,164.44000244140625,23.274898529052734,18.16996192932129
2012-12-18,114.63191986083984,82.1357192993164,162.0800018310547,23.33407974243164,18.111486434936523
2012-12-19,113.78031921386719,82.40829467773438,161.69000244140625,23.418622970581055,18.103132247924805
2012-12-20,114.4347915649414,82.42192077636719,159.72999572753906,23.308712005615234,18.086423873901367
2012-12-21,113.39604187011719,83.32157135009766,160.3300018310547,23.266443252563477,18.178319931030273
2012-12-24,113.04666900634766,83.17167663574219,160.6199951171875,23.190351486206055,18.178319931030273
2012-12-26,112.57012939453125,83.47081756591797,160.77999877929688,23.427074432373047,18.178319931030273
2012-12-27,112.41925048828125,83.75093078613281,161.16000366210938,23.427074432373047,18.178319931030273
2012-12-28,111.20420837402344,84.22906494140625,160.5399932861328,23.359439849853516,18.195022583007812
2012-12-31,113.09424591064453,82.77410125732422,162.02000427246094,23.486257553100586,18.22008514404297
2013-01-02,115.99286651611328,81.66755676269531,163.1699981689453,23.570798873901367,18.22844123840332
2013-01-03,115.73081970214844,80.56101989746094,161.1999969482422,23.3763484954834,18.370458602905273
2013-01-04,116.23906707763672,80.87521362304688,160.44000244140625,23.274898529052734,18.370458602905273
2013-01-07,115.92142486572266,80.90937042236328,159.42999267578125,23.317169189453125,18.311981201171875
2013-01-08,115.58788299560547,81.44215393066406,160.55999755859375,23.3763484954834,18.33704376220703
2013-01-09,115.88169860839844,81.36701965332031,160.49000549316406,23.342533111572266,18.39552116394043
2013-01-10,116.80294036865234,81.14158630371094,161.97999572753906,23.427074432373047,18.211732864379883
2013-01-11,116.79501342773438,81.86565399169922,161.05999755859375,23.32562255859375,18.161609649658203
2013-01-14,116.715576171875,81.6402359008789,161.5399932861328,23.47780418395996,18.136545181274414
2013-01-15,116.79501342773438,82.01593780517578,162.55999755859375,23.3763484954834,18.186670303344727
2013-01-16,116.77913665771484,82.18672180175781,162.64999389648438,23.40171241760254,18.203378677368164
2013-01-17,117.53349304199219,81.36701965332031,163.35000610351562,23.503164291381836,18.16996192932129
2013-01-18,117.79560852050781,81.99542236328125,163.08999633789062,23.655344009399414,18.253501892089844
2013-01-22,118.4308853149414,82.15250396728516,163.6699981689453,23.722976684570312,18.23679542541504
2013-01-23,118.62150573730469,82.0295639038086,163.2100067138672,23.74834442138672,18.23679542541504
2013-01-24,118.6532974243164,81.74268341064453,161.4199981689453,23.73143196105957,18.23679542541504
2013-01-25,119.32032012939453,80.6224594116211,160.64999389648438,23.680706024169922,18.195022583007812
2013-01-28,119.17742919921875,80.32875061035156,160.2899932861328,23.67225456237793,18.203378677368164
2013-01-29,119.64598083496094,79.88471984863281,160.99000549316406,23.80752182006836,18.153255462646484
2013-01-30,119.17742919921875,79.74816131591797,162.19000244140625,24.078060150146484,18.078067779541016
2013-01-31,118.88357543945312,80.13751220703125,161.1999969482422,24.069608688354492,18.061363220214844
2013-02-01,120.10661315917969,79.09691619873047,161.4499969482422,24.162609100341797,18.044654846191406
2013-02-04,118.75650024414062,80.11011505126953,162.0,24.078060150146484,18.136545181274414
2013-02-05,119.95570373535156,79.39813232421875,161.9600067138672,24.171062469482422,18.128192901611328
2013-02-06,120.0430679321289,80.0484848022461,162.38999938964844,24.137243270874023,18.186670303344727
2013-02-07,119.88414764404297,79.8704605102539,161.83999633789062,24.044246673583984,18.286916732788086
2013-02-08,120.55126190185547,80.17855072021484,161.57000732421875,24.137243270874023,18.295270919799805
2013-02-11,120.52750396728516,80.1169204711914,159.6999969482422,24.05270004272461,18.311981201171875
2013-02-12,120.72600555419922,79.91842651367188,159.88999938964844,24.094970703125,18.27021026611328
2013-02-13,120.82921600341797,79.26805877685547,159.0500030517578,24.10342788696289,18.278564453125
2013-02-14,120.9404067993164,79.98688507080078,158.35000610351562,24.069608688354492,18.328691482543945
2013-02-15,120.79751586914062,79.754150390625,155.75999450683594,23.968156814575195,18.345396041870117
2013-02-19,121.70280456542969,79.35702514648438,155.3300018310547,23.875158309936523,18.35375213623047
2013-02-20,120.18598937988281,79.5966567993164,151.44000244140625,23.604616165161133,18.487415313720703
2013-02-21,119.45536804199219,80.06218719482422,152.6199951171875,23.33407974243164,18.56260108947754
2013-02-22,120.6227798461914,80.1169204711914,152.97000122070312,23.33407974243164,18.570953369140625
2013-02-25,118.32771301269531,81.69152069091797,154.33999633789062,23.224166870117188,18.64613914489746
2013-02-26,119.13772583007812,81.2191162109375,156.22000122070312,23.18189811706543,18.662851333618164
2013-02-27,120.63861846923828,80.97953796386719,154.57000732421875,23.038175582885742,18.587661743164062
2013-02-28,120.40039825439453,81.13011169433594,153.0,22.936721801757812,18.68791389465332
2013-03-01,120.79751586914062,81.57198333740234,152.44000244140625,22.776090621948242,18.74639320373535
2013-03-04,121.44070434570312,81.13973236083984,152.3000030517578,22.691547393798828,18.738037109375
2013-03-05,122.52871704101562,80.9064712524414,152.3800048828125,22.902902603149414,18.712970733642578
2013-03-06,122.69549560546875,80.17239379882812,153.22999572753906,22.776090621948242,18.78816032409668
2013-03-07,122.91783142089844,79.55496978759766,152.69000244140625,22.928268432617188,18.70461654663086
2013-03-08,123.44197082519531,78.72484588623047,152.7100067138672,22.99590492248535,18.846637725830078
2013-03-11,123.91051483154297,78.80030822753906,152.99000549316406,23.0128116607666,18.804868698120117
2013-03-12,123.63253784179688,79.36969757080078,154.19000244140625,23.063539505004883,18.7965145111084
2013-03-13,123.80726623535156,79.28739166259766,153.66000366210938,22.945175170898438,18.871702194213867
2013-03-14,124.46640014648438,79.04725646972656,153.67999267578125,23.11426544189453,18.7965145111084
2013-03-15,124.30208587646484,79.41773223876953,154.0,23.16499137878418,18.712970733642578
2013-03-18,123.61609649658203,80.02147674560547,155.3800048828125,23.029720306396484,18.82992935180664
2013-03-19,123.32894134521484,80.56343841552734,156.0800018310547,22.860633850097656,18.88840675354004
2013-03-20,124.1904067993164,79.66471099853516,155.3699951171875,23.021265029907227,18.846637725830078
2013-03-21,123.1295166015625,80.43315887451172,156.25,22.919815063476562,18.846637725830078
2013-03-22,124.1186294555664,80.49483489990234,155.5500030517578,22.962085723876953,18.72968101501465
2013-03-25,123.60015106201172,80.41941833496094,155.24000549316406,22.978994369506836,18.863346099853516
2013-03-26,124.58926391601562,80.51542663574219,154.72000122070312,23.190351486206055,18.854990005493164
2013-03-27,124.58926391601562,81.20150756835938,155.36000061035156,23.308712005615234,18.930177688598633
2013-03-28,124.9721450805664,80.78984069824219,154.4499969482422,23.08890151977539,18.88005256652832
2013-04-01,124.47756958007812,81.39830780029297,154.6699981689453,23.08890151977539,18.81322479248047
2013-04-02,125.09180450439453,81.06829833984375,152.42999267578125,22.978994369506836,18.854990005493164
2013-04-03,123.82347106933594,81.79708862304688,150.72999572753906,22.590091705322266,18.81322479248047
2013-04-04,124.32601928710938,82.77342224121094,150.2899932861328,22.564729690551758,18.78816032409668
2013-04-05,123.76763153076172,84.44412231445312,152.80999755859375,22.547819137573242,18.754745483398438
2013-04-08,124.60521697998047,83.79785919189453,152.16000366210938,22.615455627441406,18.804868698120117
2013-04-09,125.0359878540039,83.59162139892578,153.33999633789062,22.75918197631836,18.72132682800293
2013-04-10,126.56747436523438,82.44339752197266,150.75,22.70845603942871,18.738037109375
2013-04-11,126.98237609863281,82.60153198242188,151.0500030517578,22.615455627441406,18.68791389465332
2013-04-12,126.671142578125,83.83222198486328,143.9499969482422,22.336462020874023,18.662851333618164
2013-04-15,123.73572540283203,84.5610580444336,131.30999755859375,21.66856575012207,18.72132682800293
2013-04-16,125.56244659423828,83.86666107177734,132.8000030517578,21.896833419799805,18.570953369140625
2013-04-17,123.72779083251953,84.42353057861328,132.8699951171875,21.57556915283203,18.77145004272461
2013-04-18,122.95403289794922,84.62980651855469,134.3000030517578,21.803834915161133,18.76309585571289
2013-04-19,124.02296447753906,84.45104217529297,135.47000122070312,21.75310707092285,18.7965145111084
2013-04-22,124.5733413696289,84.5129165649414,137.89999389648438,21.820743560791016,18.78816032409668
2013-04-23,125.8575439453125,84.21727752685547,136.8800048828125,21.685476303100586,18.854990005493164
2013-04-24,125.93731689453125,84.43037414550781,138.3699951171875,21.922195434570312,18.846637725830078
2013-04-25,126.44783782958984,84.0660171508789,141.6300048828125,22.209646224975586,18.804868698120117
2013-04-26,126.22453308105469,84.8360366821289,140.91000366210938,22.08283042907715,18.72132682800293
2013-04-29,127.07003021240234,84.52664947509766,142.3000030517578,22.378732681274414,18.637788772583008
2013-04-30,127.3731918334961,84.57474517822266,142.77000427246094,22.209646224975586,18.5458927154541
2013-05-01,126.25639343261719,85.443603515625,141.11000061035156,21.812288284301758,18.529184341430664
2013-05-02,127.42902374267578,85.33341217041016,141.9199981689453,22.09128189086914,18.65449333190918
2013-05-03,128.72125244140625,83.32145690917969,142.08999633789062,22.336462020874023,18.64613914489746
2013-05-06,129.0482177734375,83.11477661132812,142.14999389648438,22.361825942993164,18.68791389465332
2013-05-07,129.70240783691406,82.79093170166016,140.3800048828125,22.285737991333008,18.68791389465332
2013-05-08,130.29263305664062,82.921875,142.4600067138672,22.387187957763672,18.604372024536133
2013-05-09,129.92572021484375,82.70824432373047,140.80999755859375,22.378732681274414,18.77980613708496
2013-05-10,130.34849548339844,81.81942749023438,139.60000610351562,22.277280807495117,18.88005256652832
2013-05-13,130.45223999023438,81.19245910644531,138.42999267578125,22.175827026367188,18.913469314575195
2013-05-14,131.8002471923828,80.31047821044922,137.80999755859375,22.099735260009766,18.988656997680664
2013-05-15,132.51019287109375,80.84798431396484,134.6300048828125,22.049015045166016,19.038782119750977
2013-05-16,131.8879852294922,81.68852233886719,134.08999633789062,22.023649215698242,19.030426025390625
2013-05-17,133.16433715820312,80.65503692626953,131.07000732421875,22.133556365966797,19.147380828857422
2013-05-20,133.15638732910156,80.55857849121094,135.1199951171875,22.277280807495117,19.030426025390625
2013-05-21,133.34780883789062,81.19245910644531,132.8800048828125,22.150463104248047,19.038782119750977
2013-05-22,132.35862731933594,79.98670959472656,131.94000244140625,22.049015045166016,19.122318267822266
2013-05-23,131.97576904296875,80.36565399169922,134.61000061035156,22.150463104248047,18.99700927734375
2013-05-24,131.86404418945312,80.47586059570312,133.75999450683594,22.0659236907959,18.971946716308594
2013-05-28,132.65382385253906,78.43643951416016,133.49000549316406,22.268827438354492,19.10561180114746
2013-05-29,131.79229736328125,79.31838989257812,134.8300018310547,22.125102996826172,18.963594436645508
2013-05-30,132.27890014648438,79.12543487548828,136.6999969482422,22.125102996826172,18.83828353881836
2013-05-31,130.3804473876953,78.85671997070312,133.9199981689453,21.86301612854004,18.88840675354004
2013-06-03,131.09835815429688,79.27458953857422,136.50999450683594,22.133556365966797,18.754745483398438
2013-06-04,130.4681854248047,78.54244232177734,135.22999572753906,22.21809959411621,18.76309585571289
2013-06-05,128.64146423339844,79.6268081665039,135.52000427246094,22.11664581298828,18.72968101501465
2013-06-06,129.80606079101562,79.57850646972656,136.52999877929688,22.20119285583496,18.487415313720703
2013-06-07,131.45729064941406,78.15570831298828,133.27999877929688,22.251916885375977,18.51247787475586
2013-06-10,131.45729064941406,77.78277587890625,133.94000244140625,22.16737174987793,18.520832061767578
2013-06-11,130.1011962890625,78.7082290649414,133.25,21.972923278808594,18.362104415893555
2013-06-12,129.02432250976562,77.58240509033203,134.25,21.998287200927734,18.35375213623047
2013-06-13,130.9866180419922,78.79803466796875,133.74000549316406,22.142013549804688,18.295270919799805
2013-06-14,130.1649932861328,78.6115493774414,134.42999267578125,22.235008239746094,18.278564453125
2013-06-17,131.17007446289062,78.1971664428711,133.77000427246094,22.285737991333008,18.245147705078125
2013-06-18,132.20712280273438,78.23858642578125,132.1300048828125,22.328006744384766,18.26185417175293
2013-06-19,130.3804473876953,77.43048095703125,130.58999633789062,22.361825942993164,18.428936004638672
2013-06-20,127.14984130859375,76.15969848632812,123.5999984741211,21.634750366210938,18.537540435791016
2013-06-21,127.55799865722656,74.8681411743164,125.05000305175781,21.499479293823242,18.662851333618164
2013-06-24,125.9461669921875,75.17893981933594,123.93000030517578,21.406478881835938,18.67955780029297
2013-06-25,127.15699005126953,74.50898742675781,123.47000122070312,21.42338752746582,18.712970733642578
2013-06-26,128.41603088378906,74.99246215820312,118.27999877929688,21.364208221435547,18.81322479248047
2013-06-27,129.1697998046875,75.75909423828125,115.94000244140625,21.355754852294922,18.804868698120117
2013-06-28,128.64056396484375,76.2771224975586,119.11000061035156,21.2458438873291,18.846637725830078
2013-07-01,129.39431762695312,76.4307632446289,121.12999725341797,21.38111686706543,18.804868698120117
2013-07-02,129.27403259277344,76.38232421875,120.05000305175781,21.465660095214844,18.930177688598633
2013-07-03,129.3301239013672,76.15386962890625,120.73999786376953,21.660112380981445,18.854990005493164
2013-07-05,130.72549438476562,73.55795288085938,118.08999633789062,21.609386444091797,19.130672454833984
2013-07-08,131.4712371826172,74.27101135253906,119.51000213623047,21.71929168701172,19.080549240112305
2013-07-09,132.41746520996094,74.34710693359375,120.62000274658203,21.854562759399414,19.15573501586914
2013-07-10,132.46556091308594,73.76558685302734,120.94999694824219,21.922195434570312,19.030426025390625
2013-07-11,134.2698974609375,74.6309585571289,124.23999786376953,22.032106399536133,18.72968101501465
2013-07-12,134.32598876953125,74.56867980957031,124.12999725341797,22.11664581298828,18.77145004272461
2013-07-15,134.83917236328125,74.96324157714844,124.18000030517578,22.05746841430664,18.78816032409668
2013-07-16,134.333984375,75.21931457519531,124.88999938964844,22.08283042907715,18.65449333190918
2013-07-17,134.6788330078125,75.35780334472656,123.31999969482422,22.0659236907959,18.696264266967773
2013-07-18,135.4165802001953,74.41635131835938,124.01000213623047,22.158918380737305,18.72968101501465
2013-07-19,135.65716552734375,75.59315490722656,125.11000061035156,22.175827026367188,18.67955780029297
2013-07-22,135.9217987060547,75.70390319824219,128.83999633789062,22.158918380737305,18.596017837524414
2013-07-23,135.633056640625,75.38548278808594,129.7100067138672,22.192737579345703,18.537540435791016
2013-07-24,135.1359405517578,74.43019104003906,127.4800033569336,22.015195846557617,18.604372024536133
2013-07-25,135.46469116210938,74.40251159667969,128.6699981689453,21.98983383178711,18.479061126708984
2013-07-26,135.6090087890625,74.85941314697266,128.77999877929688,21.854562759399414,18.46235466003418
2013-07-29,135.19204711914062,74.31251525878906,128.47000122070312,21.846107482910156,18.46235466003418
2013-07-30,135.19204711914062,74.2848129272461,128.1199951171875,21.770017623901367,18.50412368774414
2013-07-31,135.28819274902344,74.55477142333984,127.95999908447266,21.922195434570312,18.45400047302246
2013-08-01,136.85194396972656,73.11827850341797,126.61000061035156,21.972923278808594,18.612728118896484
2013-08-02,137.08456420898438,73.92328643798828,126.36000061035156,21.88838005065918,18.51247787475586
2013-08-05,136.884033203125,73.35420227050781,125.69999694824219,21.778470993041992,18.487415313720703
2013-08-06,136.1062469482422,73.56936645507812,123.97000122070312,21.600929260253906,18.43729019165039
2013-08-07,135.66517639160156,74.1175537109375,124.1500015258789,21.457204818725586,18.362104415893555
2013-08-08,136.162353515625,74.31880950927734,126.86000061035156,21.567113876342773,18.303627014160156
2013-08-09,135.76942443847656,74.4368667602539,126.86000061035156,21.71929168701172,18.32033348083496
2013-08-12,135.6090087890625,73.93023681640625,129.1300048828125,21.98137855529785,18.370458602905273
2013-08-13,136.00999450683594,72.8614730834961,127.73999786376953,21.972923278808594,18.46235466003418
2013-08-14,135.3123016357422,72.97246551513672,129.0,22.150463104248047,18.45400047302246
2013-08-15,133.4198455810547,71.98703002929688,131.69000244140625,22.361825942993164,18.328691482543945
2013-08-16,132.97882080078125,71.73715209960938,132.5800018310547,22.37027931213379,18.362104415893555
2013-08-19,132.12881469726562,71.11263275146484,132.00999450683594,22.34491729736328,18.35375213623047
2013-08-20,132.77835083007812,71.66084289550781,132.4499969482422,22.302642822265625,18.27021026611328
2013-08-21,131.96035766601562,70.87667083740234,132.07000732421875,22.277280807495117,18.362104415893555
2013-08-22,133.16323852539062,71.59844207763672,132.80999755859375,22.285737991333008,18.40387535095215
2013-08-23,133.6122589111328,72.37564849853516,134.89999389648438,22.46327781677246,18.370458602905273
2013-08-26,133.1151123046875,72.7365493774414,135.4499969482422,22.590091705322266,18.370458602905273
2013-08-27,130.9740447998047,73.652587890625,136.75,22.809904098510742,18.311981201171875
2013-08-28,131.4391326904297,73.05579376220703,136.7100067138672,22.843725204467773,18.38716697692871
2013-08-29,131.64767456054688,73.63867950439453,135.8699951171875,22.60700035095215,18.51247787475586
2013-08-30,131.23065185546875,73.555419921875,134.6199951171875,22.53936767578125,18.537540435791016
2013-09-03,131.82411193847656,72.5179672241211,136.4199981689453,22.65772819519043,18.596017837524414
2013-09-04,132.91464233398438,72.3579330444336,134.66000366210938,22.46327781677246,18.529184341430664
2013-09-05,133.0830535888672,71.3490219116211,132.1999969482422,22.412551879882812,18.65449333190918
2013-09-06,133.14718627929688,71.70386505126953,134.14999389648438,22.53936767578125,18.5458927154541
2013-09-09,134.42222595214844,71.73868560791016,133.91000366210938,22.395641326904297,18.45400047302246
2013-09-10,135.4165802001953,71.23767852783203,131.74000549316406,22.192737579345703,18.45400047302246
2013-09-11,135.84158325195312,71.87088012695312,131.6999969482422,22.226552963256836,18.38716697692871
2013-09-12,135.480712890625,71.77345275878906,127.66999816894531,22.336462020874023,18.38716697692871
2013-09-13,135.78546142578125,72.0517807006836,127.81999969482422,22.268827438354492,18.370458602905273
2013-09-16,136.5713348388672,71.57168579101562,126.44999694824219,21.98983383178711,18.328691482543945
2013-09-17,137.1807861328125,72.1631088256836,126.5,21.76156234741211,18.295270919799805
2013-09-18,138.7685089111328,73.05377960205078,132.00999450683594,22.235008239746094,18.086423873901367
2013-09-19,138.53594970703125,72.62235260009766,131.75,22.150463104248047,18.111486434936523
2013-09-20,137.56739807128906,73.00504302978516,127.95999908447266,21.947559356689453,18.119840621948242
2013-09-23,136.93077087402344,73.54081726074219,127.55000305175781,21.786930084228516,18.128192901611328
2013-09-24,136.6084747314453,74.33406066894531,127.66000366210938,21.778470993041992,18.161609649658203
2013-09-25,136.21363830566406,74.4871597290039,128.7899932861328,21.812288284301758,18.103132247924805
2013-09-26,136.73741149902344,73.96527099609375,127.79000091552734,21.98137855529785,18.1448974609375
2013-09-27,136.10890197753906,74.1462173461914,128.97000122070312,21.871471405029297,18.078067779541016
2013-09-30,135.38360595703125,74.03489685058594,128.17999267578125,21.778470993041992,18.069713592529297
2013-10-01,136.4553985595703,73.81026458740234,124.58999633789062,21.634750366210938,18.053009033203125
2013-10-02,136.32644653320312,73.92185974121094,127.05999755859375,21.846107482910156,17.986175537109375
2013-10-03,135.0693817138672,73.80323791503906,127.18000030517578,21.812288284301758,17.969467163085938
2013-10-04,136.09278869628906,73.74747467041016,126.52999877929688,21.87992286682129,18.053009033203125
2013-10-07,134.916259765625,74.04740905761719,127.63999938964844,22.032106399536133,18.00288200378418
2013-10-08,133.344970703125,74.06828308105469,127.4000015258789,22.10819435119629,18.011234283447266
2013-10-09,133.4416961669922,73.47535705566406,126.11000061035156,21.947559356689453,18.094776153564453
2013-10-10,136.3184356689453,73.59398651123047,124.2699966430664,22.226552963256836,18.128192901611328
2013-10-11,137.19674682617188,73.57303619384766,122.5999984741211,22.10819435119629,18.094776153564453
2013-10-14,137.7447052001953,72.98005676269531,122.83000183105469,22.099735260009766,18.061363220214844
2013-10-15,136.7454833984375,72.93122863769531,123.7300033569336,22.023649215698242,18.128192901611328
2013-10-16,138.65521240234375,73.8450927734375,123.54000091552734,22.192737579345703,18.119840621948242
2013-10-17,139.58189392089844,74.5148696899414,127.41999816894531,22.074377059936523,17.919343948364258
2013-10-18,140.52468872070312,74.6752700805664,126.8499984741211,22.20119285583496,17.919343948364258
2013-10-21,140.5327606201172,74.43807983398438,126.9800033569336,22.150463104248047,17.936052322387695
2013-10-22,141.34664916992188,75.2682876586914,129.33999633789062,22.125102996826172,17.835800170898438
2013-10-23,140.6697540283203,75.5613021850586,128.69000244140625,21.786930084228516,17.84415626525879
2013-10-24,141.13705444335938,75.2682876586914,129.89999389648438,21.795379638671875,17.819095611572266
2013-10-25,141.78173828125,75.5473403930664,130.4600067138672,21.86301612854004,17.827449798583984
2013-10-28,142.0073699951172,75.28923797607422,130.55999755859375,21.947559356689453,17.860862731933594
2013-10-29,142.76483154296875,75.38688659667969,129.77000427246094,21.88838005065918,17.91098976135254
2013-10-30,142.0557403564453,74.93340301513672,129.60000610351562,21.956012725830078,17.94440460205078
2013-10-31,141.65286254882812,75.0938720703125,127.73999786376953,21.770017623901367,18.069713592529297
2013-11-01,141.9912872314453,74.28107452392578,126.94999694824219,21.499479293823242,18.16996192932129
2013-11-04,142.49082946777344,74.35101318359375,126.80999755859375,21.406478881835938,18.119840621948242
2013-11-05,142.03964233398438,73.46260070800781,126.55999755859375,21.34729766845703,18.161609649658203
2013-11-06,142.76483154296875,73.49761199951172,127.19999694824219,21.364208221435547,18.103132247924805
2013-11-07,140.9598388671875,74.12016296386719,126.16000366210938,21.212032318115234,18.186670303344727
2013-11-08,142.86155700683594,72.33644104003906,124.27999877929688,21.330392837524414,18.295270919799805
2013-11-11,142.88577270507812,72.06363677978516,123.87000274658203,21.42338752746582,18.245147705078125
2013-11-12,142.59561157226562,72.39933013916016,122.44999694824219,21.279664993286133,18.253501892089844
2013-11-13,143.7399139404297,72.66517639160156,122.8499984741211,21.372663497924805,18.211732864379883
2013-11-14,144.45704650878906,73.11290740966797,124.2699966430664,21.465660095214844,18.211732864379883
2013-11-15,145.08566284179688,73.25975036621094,124.31999969482422,21.43184471130371,18.178319931030273
2013-11-18,144.57789611816406,73.70050048828125,122.9000015258789,21.28812026977539,18.153255462646484
2013-11-19,144.26364135742188,73.14080810546875,122.94999694824219,21.254301071166992,18.1448974609375
2013-11-20,143.81240844726562,71.89571380615234,120.12000274658203,21.271211624145508,18.22844123840332
2013-11-21,144.9727325439453,72.01465606689453,119.94000244140625,21.541749954223633,18.22844123840332
2013-11-22,145.69796752929688,72.68617248535156,119.91999816894531,21.609386444091797,18.153255462646484
2013-11-25,145.55291748046875,72.89604187011719,120.45999908447266,21.584020614624023,18.178319931030273
2013-11-26,145.5932159423828,73.1688232421875,119.81999969482422,21.57556915283203,18.119840621948242
2013-11-27,145.94778442382812,73.04290771484375,119.45999908447266,21.57556915283203,18.1448974609375
2013-11-29,145.85108947753906,73.06394958496094,120.69999694824219,21.567113876342773,18.128192901611328
2013-12-02,145.47235107421875,72.49565124511719,117.58000183105469,21.541749954223633,18.186670303344727
2013-12-03,144.84375,72.76216888427734,117.95999908447266,21.66856575012207,18.128192901611328
2013-12-04,144.82772827148438,72.06763458251953,119.95999908447266,21.710840225219727,18.119840621948242
2013-12-05,144.19114685058594,71.86418914794922,118.30000305175781,21.685476303100586,18.02794647216797
2013-12-06,145.80274963378906,72.20796203613281,118.55000305175781,21.76156234741211,18.02794647216797
2013-12-09,146.17343139648438,72.37631225585938,119.72000122070312,21.685476303100586,18.011234283447266
2013-12-10,145.6496124267578,72.8955307006836,121.81999969482422,21.75310707092285,17.961111068725586
2013-12-11,144.01382446289062,72.33423614501953,120.86000061035156,21.75310707092285,17.952756881713867
2013-12-12,143.5384521484375,72.0606460571289,118.29000091552734,21.55020523071289,18.019590377807617
2013-12-13,143.52227783203125,72.41141510009766,119.37999725341797,21.465660095214844,18.02794647216797
2013-12-16,144.41677856445312,72.14479064941406,119.69000244140625,21.533296585083008,17.994529724121094
2013-12-17,143.95741271972656,72.46751403808594,118.6500015258789,21.43184471130371,17.994529724121094
2013-12-18,146.41513061523438,72.10272216796875,117.61000061035156,21.47411346435547,18.069713592529297
2013-12-19,146.24594116210938,72.03255462646484,114.81999969482422,21.524839401245117,18.111486434936523
2013-12-20,147.0966339111328,73.14105224609375,115.94000244140625,21.693931579589844,18.094776153564453
2013-12-23,147.8825225830078,72.72712707519531,115.56999969482422,21.693931579589844,18.061363220214844
2013-12-24,148.20652770996094,72.14479064941406,116.0999984741211,21.76156234741211,18.078067779541016
2013-12-26,148.96009826660156,71.86677551269531,116.73999786376953,21.795379638671875,18.069713592529297
2013-12-27,148.95201110839844,71.66265106201172,117.12000274658203,21.854562759399414,18.036300659179688
2013-12-30,148.92770385742188,72.15538024902344,115.38999938964844,21.727745056152344,17.952756881713867
2013-12-31,149.6324920654297,71.69783782958984,116.12000274658203,21.693931579589844,17.977821350097656
2014-01-02,148.19842529296875,71.91608428955078,118.0,21.38111686706543,18.086423873901367
2014-01-03,148.17416381835938,71.91608428955078,119.29000091552734,21.2458438873291,18.161609649658203
2014-01-06,147.74473571777344,72.21868133544922,119.5,21.271211624145508,18.111486434936523
2014-01-07,148.65220642089844,72.40176391601562,118.81999969482422,21.254301071166992,18.161609649658203
2014-01-08,148.6846466064453,72.20464324951172,118.12000274658203,21.0513973236084,18.195022583007812
2014-01-09,148.78176879882812,72.62699127197266,118.45999908447266,20.88231086730957,18.178319931030273
2014-01-10,149.1868896484375,73.49274444580078,120.26000213623047,21.017578125,18.103132247924805
2014-01-13,147.20196533203125,73.85874938964844,121.0199966430664,21.009122848510742,18.061363220214844
2014-01-14,148.80606079101562,73.52094268798828,119.88999938964844,21.009122848510742,18.094776153564453
2014-01-15,149.60818481445312,73.44352722167969,119.66000366210938,21.06830596923828,18.178319931030273
2014-01-16,149.41368103027344,73.93624114990234,119.79000091552734,21.034486770629883,18.161609649658203
2014-01-17,148.78176879882812,74.24595642089844,120.93000030517578,21.059850692749023,18.22844123840332
2014-01-21,149.2193145751953,74.30221557617188,119.69999694824219,21.11057472229004,18.195022583007812
2014-01-22,149.31651306152344,74.11922454833984,119.19000244140625,21.212032318115234,18.22008514404297
2014-01-23,148.0931854248047,75.16800689697266,121.79000091552734,21.19512176513672,18.036300659179688
2014-01-24,144.9334716796875,75.65373229980469,122.29000091552734,21.203575134277344,18.061363220214844
2014-01-27,144.220458984375,75.12577819824219,120.95999908447266,21.059850692749023,18.061363220214844
2014-01-28,145.07925415039062,75.30875396728516,120.94999694824219,21.161304473876953,18.069713592529297
2014-01-29,143.68580627441406,75.92817687988281,122.47000122070312,21.14439582824707,18.069713592529297
2014-01-30,145.20889282226562,75.70996856689453,119.7699966430664,21.059850692749023,18.186670303344727
2014-01-31,144.35816955566406,76.21680450439453,120.08999633789062,21.034486770629883,18.23679542541504
2014-02-03,141.10935974121094,77.14549255371094,121.31999969482422,21.034486770629883,18.178319931030273
2014-02-04,142.09780883789062,76.32685089111328,120.98999786376953,21.19512176513672,18.195022583007812
2014-02-05,141.9195556640625,75.62116241455078,121.29000091552734,21.237394332885742,18.16996192932129
2014-02-06,143.79110717773438,75.29655456542969,121.23999786376953,21.321935653686523,18.1448974609375
2014-02-07,145.573486328125,75.36009979248047,122.16999816894531,21.567113876342773,18.086423873901367
2014-02-10,145.84083557128906,75.57180786132812,122.91999816894531,21.448753356933594,18.069713592529297
2014-02-11,147.4368896484375,75.13426971435547,124.36000061035156,21.55866050720215,18.069713592529297
2014-02-12,147.5098114013672,74.74613952636719,124.43000030517578,21.600929260253906,18.086423873901367
2014-02-13,148.27137756347656,75.16954040527344,125.48999786376953,21.71929168701172,17.986175537109375
2014-02-14,149.08969116210938,75.21188354492188,127.1500015258789,21.795379638671875,17.952756881713867
2014-02-18,149.26791381835938,75.38124084472656,127.4000015258789,22.10819435119629,17.919343948364258
2014-02-19,148.2794952392578,75.06368255615234,126.2699966430664,22.16737174987793,17.969467163085938
2014-02-20,149.15443420410156,74.88018798828125,127.5999984741211,22.209646224975586,17.994529724121094
2014-02-21,148.984375,75.27543640136719,127.58000183105469,22.150463104248047,17.977821350097656
2014-02-24,149.81077575683594,75.08488464355469,128.99000549316406,22.24346160888672,17.969467163085938
2014-02-25,149.7539825439453,75.7552719116211,129.2100067138672,22.142013549804688,17.94440460205078
2014-02-26,149.76214599609375,76.15748596191406,128.11000061035156,22.08283042907715,18.011234283447266
2014-02-27,150.5480499267578,76.5738525390625,128.1999969482422,22.015195846557617,17.977821350097656
2014-02-28,150.92874145507812,76.6162338256836,127.62000274658203,22.09128189086914,17.860862731933594
2014-03-03,149.86746215820312,77.12763214111328,130.2899932861328,22.395641326904297,17.927698135375977
2014-03-04,151.973876953125,75.96752166748047,128.67999267578125,22.311098098754883,17.94440460205078
2014-03-05,152.11167907714844,76.13023376464844,128.88999938964844,22.125102996826172,17.936052322387695
2014-03-06,152.46002197265625,75.38040161132812,130.1699981689453,22.328006744384766,17.835800170898438
2014-03-07,152.52484130859375,74.90641784667969,129.08999633789062,22.226552963256836,17.85251235961914
2014-03-10,152.44381713867188,75.01253509521484,129.1300048828125,22.040557861328125,17.860862731933594
2014-03-11,151.69033813476562,75.21064758300781,129.86000061035156,22.049015045166016,17.860862731933594
2014-03-12,151.7308807373047,75.73409271240234,131.75999450683594,21.98983383178711,17.810739517211914
2014-03-13,150.02952575683594,76.75279235839844,132.2100067138672,21.88838005065918,17.819095611572266
2014-03-14,149.60818481445312,76.76686096191406,133.10000610351562,22.006742477416992,17.777324676513672
2014-03-17,150.96116638183594,76.19389343261719,131.63999938964844,21.76156234741211,17.760618209838867
2014-03-18,152.0387420654297,76.46980285644531,130.6199951171875,21.871471405029297,17.768972396850586
2014-03-19,151.2285614013672,75.87560272216797,128.08999633789062,21.86301612854004,17.90263557434082
2014-03-20,152.11167907714844,75.74117279052734,127.86000061035156,21.76156234741211,17.961111068725586
2014-03-21,151.52169799804688,76.56171417236328,128.47000122070312,21.778470993041992,17.936052322387695
2014-03-24,150.8950653076172,77.1064453125,126.18000030517578,21.770017623901367,17.885927200317383
2014-03-25,151.61117553710938,76.81639862060547,126.41000366210938,21.91374397277832,17.89427947998047
2014-03-26,150.52078247070312,77.417724609375,125.41000366210938,21.896833419799805,17.89427947998047
2014-03-27,150.20338439941406,77.80675506591797,124.58999633789062,22.09128189086914,17.94440460205078
2014-03-28,150.9439239501953,77.3681869506836,124.55999755859375,22.099735260009766,17.94440460205078
2014-03-31,152.1807861328125,77.17716217041016,123.61000061035156,22.08283042907715,17.927698135375977
2014-04-01,153.18991088867188,76.5176010131836,123.38999938964844,21.812288284301758,17.927698135375977
2014-04-02,153.7025146484375,76.07788848876953,124.31999969482422,21.76156234741211,17.961111068725586
2014-04-03,153.4990997314453,76.41124725341797,123.91999816894531,21.939105987548828,18.011234283447266
2014-04-04,151.6844024658203,76.921875,125.56999969482422,22.040557861328125,17.994529724121094
2014-04-07,150.008056640625,77.38282775878906,124.91000366210938,21.98983383178711,17.952756881713867
2014-04-08,150.62655639648438,77.56723022460938,126.08999633789062,22.24346160888672,17.835800170898438
2014-04-09,152.245849609375,77.18426513671875,126.31999969482422,22.302642822265625,17.768972396850586
2014-04-10,149.04783630371094,77.90054321289062,127.01000213623047,22.311098098754883,17.760618209838867
2014-04-11,147.7052001953125,78.53177642822266,126.93000030517578,22.209646224975586,17.768972396850586
2014-04-14,148.86883544921875,78.32609558105469,127.8499984741211,22.412551879882812,17.819095611572266
2014-04-15,149.89414978027344,78.81550598144531,125.48999786376953,22.429460525512695,17.835800170898438
2014-04-16,151.46475219726562,78.91475677490234,125.54000091552734,22.471729278564453,17.85251235961914
2014-04-17,151.67628479003906,78.04951477050781,124.75,22.522457122802734,17.85251235961914
2014-04-21,152.2052001953125,77.9856948852539,124.23999786376953,22.446367263793945,17.869218826293945
2014-04-22,152.8969268798828,78.24812316894531,123.77999877929688,22.43791389465332,17.85251235961914
2014-04-23,152.538818359375,78.69496154785156,123.76000213623047,22.42100715637207,17.85251235961914
2014-04-24,152.84812927246094,78.8438491821289,124.55999755859375,22.5562744140625,17.827449798583984
2014-04-25,151.59486389160156,78.95732879638672,125.43000030517578,22.46327781677246,17.827449798583984
2014-04-28,152.07504272460938,78.57433319091797,124.87999725341797,22.387187957763672,17.810739517211914
2014-04-29,152.7830352783203,78.46794891357422,124.86000061035156,22.446367263793945,17.827449798583984
2014-04-30,153.23870849609375,78.79425048828125,124.22000122070312,22.328006744384766,17.777324676513672
2014-05-01,153.25498962402344,79.63951873779297,123.80000305175781,22.158918380737305,17.768972396850586
2014-05-02,153.03521728515625,80.13005065917969,125.05999755859375,22.21809959411621,17.768972396850586
2014-05-05,153.3282470703125,79.6466064453125,126.22000122070312,22.16737174987793,17.760618209838867
2014-05-06,151.99366760253906,79.96654510498047,125.9800033569336,22.184284210205078,17.67707633972168
2014-05-07,152.88880920410156,79.68215942382812,124.16999816894531,22.24346160888672,17.6854305267334
2014-05-08,152.72605895996094,79.34095001220703,124.16999816894531,22.175827026367188,17.72719955444336
2014-05-09,152.95391845703125,79.08497619628906,124.0999984741211,22.0659236907959,17.835800170898438
2014-05-12,154.44308471679688,78.76510620117188,124.94000244140625,22.11664581298828,17.85251235961914
2014-05-13,154.5813751220703,79.44751739501953,124.5999984741211,22.21809959411621,17.89427947998047
2014-05-14,153.84901428222656,80.30780792236328,125.80999755859375,22.31955337524414,17.885927200317383
2014-05-15,152.49818420410156,80.94766998291016,124.7699966430664,22.184284210205078,17.869218826293945
2014-05-16,153.02711486816406,80.72021484375,124.5,22.209646224975586,17.869218826293945
2014-05-19,153.588623046875,80.12294006347656,124.58000183105469,22.192737579345703,17.869218826293945
2014-05-20,152.6202392578125,80.30065155029297,124.69000244140625,22.235008239746094,17.877574920654297
2014-05-21,153.90603637695312,79.81009674072266,124.38999938964844,22.277280807495117,17.877574920654297
2014-05-22,154.2803192138672,79.69636535644531,124.66999816894531,22.294189453125,17.91098976135254
2014-05-23,154.8988037109375,80.12294006347656,124.51000213623047,22.34491729736328,17.94440460205078
2014-05-27,155.85084533691406,80.59215545654297,121.8499984741211,22.158918380737305,17.936052322387695
2014-05-28,155.73696899414062,81.58751678466797,121.19999694824219,22.16737174987793,17.986175537109375
2014-05-29,156.5425262451172,81.1537857055664,120.94000244140625,22.175827026367188,17.977821350097656
2014-05-30,156.7948455810547,81.11822509765625,120.43000030517578,22.006742477416992,17.936052322387695
2014-06-02,156.97384643554688,80.51527404785156,119.69999694824219,21.98137855529785,18.00288200378418
2014-06-03,156.89242553710938,79.52449035644531,120.01000213623047,21.96446990966797,17.986175537109375
2014-06-04,157.20985412597656,79.50312042236328,119.76000213623047,21.90528678894043,18.00288200378418
2014-06-05,158.23516845703125,79.53873443603516,120.66000366210938,21.930652618408203,17.927698135375977
2014-06-06,158.99203491210938,79.53873443603516,120.61000061035156,22.023649215698242,17.936052322387695
2014-06-09,159.15472412109375,79.4246826171875,120.6500015258789,22.11664581298828,18.00288200378418
2014-06-10,159.1710205078125,79.13243865966797,121.38999938964844,22.05746841430664,18.036300659179688
2014-06-11,158.61761474609375,79.27501678466797,121.41000366210938,21.998287200927734,18.036300659179688
2014-06-12,157.49462890625,79.9806900024414,122.63999938964844,22.311098098754883,17.994529724121094
2014-06-13,157.9747772216797,79.9378890991211,122.95999908447266,22.311098098754883,17.994529724121094
2014-06-16,158.10499572753906,80.137451171875,122.41999816894531,22.378732681274414,17.94440460205078
2014-06-17,158.5443878173828,79.50312042236328,122.27999877929688,22.404096603393555,17.994529724121094
2014-06-18,159.70803833007812,80.11610412597656,122.66999816894531,22.497095108032227,17.936052322387695
2014-06-19,159.88710021972656,79.08970642089844,126.94000244140625,22.716909408569336,17.90263557434082
2014-06-20,160.21176147460938,79.6884536743164,126.5,22.75918197631836,17.91098976135254
2014-06-23,160.1626739501953,79.43892669677734,126.8499984741211,22.674636840820312,17.877574920654297
2014-06-24,159.19781494140625,80.24439239501953,126.9800033569336,22.70845603942871,17.89427947998047
2014-06-25,159.91729736328125,80.45111846923828,126.98999786376953,22.742271423339844,17.877574920654297
2014-06-26,159.8028564453125,80.83599090576172,126.7300033569336,22.649272918701172,17.885927200317383
2014-06-27,160.1136016845703,80.71482849121094,126.66000366210938,22.60700035095215,17.827449798583984
2014-06-30,160.0317840576172,80.91442108154297,128.0399932861328,22.471729278564453,17.760618209838867
2014-07-01,161.10296630859375,80.23699188232422,127.69999694824219,22.404096603393555,17.768972396850586
2014-07-02,161.26644897460938,79.37940216064453,127.69999694824219,22.361825942993164,17.802387237548828
2014-07-03,162.0596160888672,79.09357452392578,127.16000366210938,22.31955337524414,17.869218826293945
2014-07-07,161.49545288085938,79.67240905761719,127.0199966430664,22.142013549804688,17.877574920654297
2014-07-08,160.4569549560547,80.56568145751953,127.06999969482422,22.08283042907715,17.869218826293945
2014-07-09,161.1765594482422,80.6300048828125,127.83999633789062,21.930652618408203,17.827449798583984
2014-07-10,160.53872680664062,80.65145874023438,128.5399932861328,21.96446990966797,17.85251235961914
2014-07-11,160.75955200195312,81.16597747802734,128.77999877929688,21.770017623901367,17.860862731933594
2014-07-14,161.56907653808594,80.81578063964844,125.72000122070312,21.854562759399414,17.85251235961914
2014-07-15,161.26644897460938,80.65145874023438,124.52999877929688,21.651657104492188,17.91098976135254
2014-07-16,161.8633575439453,81.08025360107422,124.97000122070312,21.685476303100586,17.952756881713867
2014-07-17,160.02362060546875,82.10213470458984,127.08999633789062,21.73619842529297,17.94440460205078
2014-07-18,161.65899658203125,81.83767700195312,126.12999725341797,21.592477798461914,17.94440460205078
2014-07-21,161.35646057128906,82.2450180053711,126.33999633789062,21.693931579589844,17.936052322387695
2014-07-22,162.0596160888672,82.4165267944336,125.73999786376953,21.600929260253906,17.994529724121094
2014-07-23,162.41937255859375,82.30928039550781,125.62000274658203,21.660112380981445,18.00288200378418
2014-07-24,162.42755126953125,81.69477081298828,124.3499984741211,21.634750366210938,18.02794647216797
2014-07-25,161.66712951660156,82.65949249267578,125.79000091552734,21.71929168701172,18.061363220214844
2014-07-28,161.73255920410156,82.54519653320312,125.58000183105469,21.677019119262695,18.061363220214844
2014-07-29,161.0374755859375,82.84530639648438,125.19999694824219,21.609386444091797,18.094776153564453
2014-07-30,161.06202697753906,81.69477081298828,124.83000183105469,21.516387939453125,18.136545181274414
2014-07-31,157.88137817382812,81.45179748535156,123.38999938964844,21.406478881835938,18.161609649658203
2014-08-01,157.39892578125,82.08233642578125,124.37999725341797,21.237394332885742,18.136545181274414
2014-08-04,158.53546142578125,81.86734008789062,123.98999786376953,21.39802360534668,18.128192901611328
2014-08-05,156.99827575683594,82.1324691772461,123.87000274658203,21.296573638916016,18.16996192932129
2014-08-06,157.04737854003906,82.18263244628906,125.66999816894531,21.43184471130371,18.1448974609375
2014-08-07,156.19703674316406,82.94930267333984,126.18000030517578,21.47411346435547,18.16996192932129
2014-08-08,158.00401306152344,82.77017211914062,126.19000244140625,21.372663497924805,18.128192901611328
2014-08-11,158.46194458007812,82.76302337646484,125.95999908447266,21.406478881835938,18.136545181274414
2014-08-12,158.2411651611328,82.22565460205078,125.98999786376953,21.271211624145508,18.153255462646484
2014-08-13,159.3123016357422,82.76302337646484,126.19999694824219,21.254301071166992,18.16996192932129
2014-08-14,160.0644989013672,83.42933654785156,126.30999755859375,21.000669479370117,18.161609649658203
2014-08-15,160.0317840576172,84.3393325805664,125.4800033569336,21.08521270751953,18.128192901611328
2014-08-18,161.372802734375,83.5009994506836,124.95999908447266,20.907670974731445,18.161609649658203
2014-08-19,162.2149658203125,83.2430648803711,124.68000030517578,20.94994354248047,18.22844123840332
2014-08-20,162.64834594726562,83.10692596435547,124.22000122070312,21.009122848510742,18.311981201171875
2014-08-21,163.12254333496094,83.5726318359375,122.87999725341797,21.059850692749023,18.286916732788086
2014-08-22,162.86912536621094,84.03839111328125,123.19000244140625,21.026031494140625,18.328691482543945
2014-08-25,163.69491577148438,84.3536376953125,122.73999786376953,21.059850692749023,18.378812789916992
2014-08-26,163.80120849609375,84.08135986328125,123.3499984741211,21.06830596923828,18.39552116394043
2014-08-27,163.73583984375,84.79785919189453,123.31999969482422,21.10211944580078,18.35375213623047
2014-08-28,163.64585876464844,85.24211120605469,124.0,21.119029998779297,18.35375213623047
2014-08-29,164.1119842529297,85.29942321777344,123.86000061035156,21.161304473876953,18.39552116394043
2014-09-02,164.03013610839844,83.82793426513672,121.6500015258789,20.856948852539062,18.45400047302246
2014-09-03,163.94020080566406,84.29475402832031,122.1500015258789,20.94148826599121,18.43729019165039
2014-09-04,163.70310974121094,83.267822265625,121.4800033569336,20.856948852539062,18.629432678222656
2014-09-05,164.43902587890625,83.10981750488281,122.05999755859375,20.82312774658203,18.629432678222656
2014-09-08,164.01376342773438,83.14575958251953,120.7300033569336,20.721675872802734,18.738037109375
2014-09-09,162.97543334960938,83.08110046386719,120.87000274658203,20.552587509155273,18.70461654663086
2014-09-10,163.58860778808594,82.55685424804688,120.26000213623047,20.408864974975586,18.738037109375
2014-09-11,163.77676391601562,82.28397369384766,119.47000122070312,20.307411193847656,18.754745483398438
2014-09-12,162.8200225830078,81.42221069335938,118.37999725341797,20.146780014038086,18.738037109375
2014-09-15,162.69735717773438,81.5442886352539,118.63999938964844,20.17214012145996,18.738037109375
2014-09-16,163.9239044189453,81.21392822265625,118.83000183105469,20.358139038085938,18.70461654663086
2014-09-17,164.14462280273438,81.00566864013672,117.54000091552734,20.273591995239258,18.821575164794922
2014-09-18,165.01951599121094,81.26421356201172,117.77999877929688,20.079143524169922,18.738037109375
2014-09-19,164.8708038330078,82.29829406738281,117.08999633789062,20.019960403442383,18.83828353881836
2014-09-22,163.59754943847656,82.39888763427734,116.8499984741211,19.850873947143555,18.821575164794922
2014-09-23,162.66104125976562,82.90876007080078,117.5999984741211,19.850873947143555,18.821575164794922
2014-09-24,163.93435668945312,82.4491195678711,117.05000305175781,19.9354190826416,18.905113220214844
2014-09-25,161.28916931152344,83.42579650878906,117.38999938964844,19.893146514892578,18.93853187561035
2014-09-26,162.57066345214844,83.30372619628906,117.05999755859375,19.859331130981445,19.047134399414062
2014-09-29,162.27499389648438,83.97154998779297,117.02999877929688,19.977689743041992,19.030426025390625
2014-09-30,161.84783935546875,83.49761962890625,116.20999908447266,19.631061553955078,19.10561180114746
2014-10-01,159.65444946289062,85.11673736572266,116.7699966430664,19.563425064086914,19.088905334472656
2014-10-02,159.67910766601562,84.37517547607422,116.73999786376953,19.48733901977539,19.030426025390625
2014-10-03,161.43707275390625,84.73516082763672,114.61000061035156,19.301340103149414,19.28104591369629
2014-10-06,161.24813842773438,84.78556060791016,116.02999877929688,19.54651641845703,19.0638427734375
2014-10-07,158.75906372070312,85.93021392822266,116.36000061035156,19.470428466796875,19.030426025390625
2014-10-08,161.53562927246094,85.95183563232422,117.47000122070312,19.394338607788086,18.946884155273438
2014-10-09,158.33189392089844,85.57752227783203,117.63999938964844,19.16606903076172,19.005361557006836
2014-10-10,156.52464294433594,86.42698669433594,117.58999633789062,19.098434448242188,19.097257614135742
2014-10-13,153.95338439941406,86.95254516601562,118.5199966430664,19.098434448242188,18.988656997680664
2014-10-14,154.19163513183594,87.521240234375,118.58999633789062,18.810983657836914,19.072193145751953
2014-10-15,153.14834594726562,88.21236419677734,118.98999786376953,18.574262619018555,18.871702194213867
2014-10-16,153.01687622070312,87.65084838867188,119.22000122070312,18.76026153564453,18.871702194213867
2014-10-17,154.82418823242188,87.16130828857422,118.98999786376953,18.82789421081543,18.930177688598633
2014-10-20,156.327392578125,87.47811126708984,119.80000305175781,18.692625045776367,18.863346099853516
2014-10-21,159.42446899414062,86.77971649169922,120.0199966430664,18.844804763793945,18.963594436645508
2014-10-22,158.2908172607422,86.87332153320312,119.33999633789062,18.633445739746094,19.047134399414062
2014-10-23,160.1309356689453,86.10299682617188,118.5199966430664,18.85325813293457,19.0638427734375
2014-10-24,161.3631591796875,86.18939971923828,118.3499984741211,18.73489761352539,19.030426025390625
2014-10-27,161.1412811279297,86.34776306152344,118.05999755859375,18.684171676635742,18.98029899597168
2014-10-28,162.9896697998047,85.80784606933594,118.0999984741211,18.836349487304688,18.946884155273438
2014-10-29,162.74319458007812,86.00222778320312,116.41000366210938,19.05616569519043,19.088905334472656
2014-10-30,163.78656005859375,86.07418060302734,115.19000244140625,18.895530700683594,19.139028549194336
2014-10-31,165.6595001220703,85.85103607177734,112.66000366210938,18.87016487121582,19.289398193359375
2014-11-03,165.74977111816406,85.85106658935547,112.1500015258789,18.701082229614258,19.38129425048828
2014-11-04,165.17477416992188,86.11808013916016,112.22000122070312,18.430540084838867,19.33116912841797
2014-11-05,166.218017578125,85.99540710449219,109.79000091552734,18.481266021728516,19.423065185546875
2014-11-06,166.88351440429688,85.43971252441406,109.87999725341797,18.498172760009766,19.55672836303711
2014-11-07,167.0395050048828,86.4211196899414,112.97000122070312,18.582719802856445,19.439773559570312
2014-11-10,167.56532287597656,85.6272964477539,110.45999908447266,18.40517807006836,19.498252868652344
2014-11-11,167.7296142578125,85.68508911132812,112.04000091552734,18.498172760009766,19.423065185546875
2014-11-12,167.54888916015625,85.61286163330078,111.5,18.438993453979492,19.489896774291992
2014-11-13,167.73777770996094,85.81498718261719,111.66999816894531,18.100818634033203,19.473188400268555
2014-11-14,167.7788543701172,86.23352813720703,114.47000122070312,18.295269012451172,19.423065185546875
2014-11-17,167.8856964111328,86.01702117919922,114.05000305175781,18.219181060791016,19.523311614990234
2014-11-18,168.85501098632812,86.2551498413086,115.05000305175781,18.126182556152344,19.43141746520996
2014-11-19,168.58396911621094,85.70669555664062,113.68000030517578,18.033184051513672,19.464832305908203
2014-11-20,168.879638671875,86.15410614013672,114.86000061035156,18.18536376953125,19.439773559570312
2014-11-21,169.78326416015625,86.67377471923828,115.38999938964844,18.37981414794922,19.59849739074707
2014-11-24,170.2597198486328,86.74593353271484,115.11000061035156,18.219181060791016,19.54837417602539
2014-11-25,170.1365203857422,87.46763610839844,115.37999725341797,18.13463592529297,19.50660514831543
2014-11-26,170.57191467285156,87.70574188232422,115.16000366210938,18.092365264892578,19.4481258392334
2014-11-28,170.21047973632812,88.3985824584961,112.11000061035156,17.26383399963379,19.60685157775879
2014-12-01,169.0275115966797,87.88285064697266,116.58000183105469,17.618919372558594,19.514957427978516
2014-12-02,170.12010192871094,87.02935028076172,115.13999938964844,17.246925354003906,19.673683166503906
2014-12-03,170.7772979736328,87.36927032470703,116.33000183105469,17.145475387573242,19.732162475585938
2014-12-04,170.58836364746094,88.0998306274414,115.87999725341797,17.09474754333496,19.6569766998291
2014-12-05,170.86764526367188,87.58626556396484,114.43000030517578,17.05247688293457,19.80734634399414
2014-12-08,169.7257537841797,88.6568374633789,115.77999877929688,16.756572723388672,19.765575408935547
2014-12-09,169.61077880859375,89.11248016357422,118.19000244140625,16.874935150146484,19.673683166503906
2014-12-10,166.8916778564453,89.76349639892578,117.95999908447266,16.61284637451172,19.56508445739746
2014-12-11,167.73777770996094,90.13233184814453,117.69000244140625,16.460668563842773,19.6402645111084
2014-12-12,165.0269012451172,91.354736328125,117.41000366210938,16.32539939880371,19.573434829711914
2014-12-15,163.8932647705078,91.16667938232422,114.38999938964844,16.06331443786621,19.615203857421875
2014-12-16,162.5789031982422,92.29507446289062,114.94999694824219,15.970315933227539,19.473188400268555
2014-12-17,165.76625061035156,91.46329498291016,114.2699966430664,16.06331443786621,19.715452194213867
2014-12-18,169.86546325683594,89.8358154296875,115.1500015258789,16.012588500976562,19.77393341064453
2014-12-19,170.58822631835938,91.04375457763672,114.7699966430664,16.24930763244629,19.857471466064453
2014-12-22,171.37290954589844,91.16667938232422,112.55000305175781,15.953409194946289,19.874181747436523
2014-12-23,171.60421752929688,89.35842895507812,112.73999786376953,16.114038467407227,19.974428176879883
2014-12-24,171.62074279785156,89.8447494506836,112.7699966430664,15.902680397033691,19.949365615844727
2014-12-26,172.17417907714844,90.17825317382812,114.83000183105469,15.885774612426758,19.957719802856445
2014-12-29,172.4054412841797,90.85234069824219,113.66999816894531,15.733593940734863,20.007844924926758
2014-12-30,171.48028564453125,91.09877014160156,115.19999694824219,15.71668529510498,19.957719802856445
2014-12-31,169.7786865234375,91.27273559570312,113.58000183105469,15.598325729370117,20.024551391601562
2015-01-02,169.68783569335938,92.28755187988281,114.08000183105469,15.41232681274414,20.216693878173828
2015-01-05,166.6233673095703,93.73719787597656,115.80000305175781,15.192512512207031,20.258466720581055
2015-01-06,165.0539093017578,95.42609405517578,117.12000274658203,15.048789978027344,20.300233840942383
2015-01-07,167.11065673828125,95.23766326904297,116.43000030517578,14.955792427062988,20.37541961669922
2015-01-08,170.0760498046875,93.97637939453125,115.94000244140625,15.014971733093262,20.45895767211914
2015-01-09,168.71315002441406,95.00570678710938,117.26000213623047,14.989607810974121,20.3670654296875
2015-01-12,167.39154052734375,95.54933166503906,118.55999755859375,14.65988826751709,20.3670654296875
2015-01-13,166.9207305908203,95.54933166503906,118.16000366210938,14.6007080078125,20.4255428314209
2015-01-14,165.9129638671875,96.274169921875,117.97000122070312,14.76133918762207,20.383773803710938
2015-01-15,164.3931121826172,97.78910827636719,120.94000244140625,14.55843448638916,20.450603485107422
2015-01-16,166.5490264892578,96.54231262207031,122.5199966430664,14.83742904663086,20.542499542236328
2015-01-20,166.9041748046875,97.82536315917969,124.19999694824219,14.63452434539795,20.626041412353516
2015-01-21,167.74667358398438,96.6946029663086,124.2300033569336,14.727523803710938,20.567562103271484
2015-01-22,170.2412872314453,96.34661865234375,125.2300033569336,14.710613250732422,20.876659393310547
2015-01-23,169.30787658691406,97.68760681152344,124.2300033569336,14.617618560791016,21.060447692871094
2015-01-26,169.7043914794922,97.39043426513672,122.98999786376953,14.566889762878418,21.027029037475586
2015-01-27,167.46592712402344,97.54266357421875,124.4000015258789,14.642979621887207,20.8265380859375
2015-01-28,165.31822204589844,99.1373519897461,123.41999816894531,14.431619644165039,20.95184898376465
2015-01-29,166.84634399414062,98.48497772216797,120.76000213623047,14.363984107971191,20.968555450439453
2015-01-30,164.74830627441406,100.23184204101562,123.44999694824219,14.710613250732422,20.993616104125977
2015-02-02,166.7884979248047,99.85342407226562,122.41999816894531,14.913516998291016,20.95184898376465
2015-02-03,169.2005157470703,97.73988342285156,121.05000305175781,15.327783584594727,20.709579467773438
2015-02-04,168.55621337890625,97.90694427490234,121.58000183105469,14.989607810974121,20.834890365600586
2015-02-05,170.25778198242188,96.83201599121094,121.79000091552734,15.192512512207031,20.684518814086914
2015-02-06,169.78697204589844,95.11786651611328,118.63999938964844,15.234785079956055,20.935138702392578
2015-02-09,169.02706909179688,94.96530151367188,119.16999816894531,15.386964797973633,20.918434143066406
2015-02-10,170.82778930664062,94.20995330810547,118.47000122070312,15.192512512207031,20.943496704101562
2015-02-11,170.92684936523438,94.38429260253906,117.06999969482422,15.074151992797852,21.018678665161133
2015-02-12,172.5706329345703,94.07193756103516,117.33999633789062,15.302420616149902,20.81818389892578
2015-02-13,173.28102111816406,93.10596466064453,117.9800033569336,15.471510887145996,20.80982780456543
2015-02-17,173.55355834960938,91.70420837402344,116.01000213623047,15.479963302612305,20.784765243530273
2015-02-18,173.57009887695312,92.24893951416016,116.33999633789062,15.293968200683594,20.793121337890625
2015-02-19,173.44619750976562,91.63884735107422,115.94000244140625,15.243242263793945,20.86830711364746
2015-02-20,174.48699951171875,91.9076156616211,115.27999877929688,15.184060096740723,20.85159683227539
2015-02-23,174.46221923828125,92.96072387695312,115.43000030517578,15.082606315612793,20.910076141357422
2015-02-24,174.95779418945312,94.18095397949219,115.26000213623047,15.091059684753418,20.86830711364746
2015-02-25,174.80911254882812,94.58763122558594,115.69999694824219,15.319331169128418,20.8265380859375
2015-02-26,174.6025848388672,93.29480743408203,116.06999969482422,15.192512512207031,21.04374122619629
2015-02-27,174.00791931152344,94.07923126220703,116.16000366210938,15.361599922180176,21.052095413208008
2015-03-02,175.10650634765625,92.32686614990234,115.68000030517578,15.141785621643066,21.09386444091797
2015-03-03,174.3878936767578,91.99214172363281,115.47000122070312,15.234785079956055,21.085508346557617
2015-03-04,173.65274047851562,92.02124786376953,115.11000061035156,15.099515914916992,21.194114685058594
2015-03-05,173.84271240234375,91.90477752685547,115.0,15.040334701538086,21.294361114501953
2015-03-06,171.39768981933594,89.8744125366211,111.86000061035156,14.854338645935059,21.553335189819336
2015-03-09,172.1080322265625,90.70406341552734,111.97000122070312,14.812067031860352,21.553335189819336
2015-03-10,169.316162109375,91.89749145507812,111.41999816894531,14.617618560791016,21.77889060974121
2015-03-11,168.91966247558594,92.5670166015625,110.75,14.693705558776855,22.02115821838379
2015-03-12,171.06732177734375,92.5015640258789,110.72000122070312,14.626070022583008,21.904203414916992
2015-03-13,170.01824951171875,92.21768951416016,110.87999725341797,14.330167770385742,22.1297607421875
2015-03-16,172.28981018066406,93.1055679321289,110.80999755859375,14.313258171081543,21.96268081665039
2015-03-17,171.7776641845703,93.87694549560547,110.20999908447266,14.21180534362793,21.971033096313477
2015-03-18,173.84271240234375,95.6889877319336,112.37000274658203,14.6007080078125,21.53662872314453
2015-03-19,173.04971313476562,95.20143127441406,112.29000091552734,14.355528831481934,21.8624324798584
2015-03-20,174.57725524902344,95.70352935791016,113.56999969482422,14.549981117248535,21.57004165649414
2015-03-23,174.23699951171875,95.58714294433594,114.29000091552734,14.71906852722168,21.336132049560547
2015-03-24,173.25796508789062,96.51131439208984,114.56999969482422,14.6007080078125,21.402963638305664
2015-03-25,170.71908569335938,95.69624328613281,114.7300033569336,14.642979621887207,21.344484329223633
2015-03-26,170.31259155273438,94.20439910888672,115.4800033569336,14.82052230834961,21.41967010498047
2015-03-27,170.7025146484375,95.37606048583984,115.05999755859375,14.524618148803711,21.436378479003906
2015-03-30,172.78504943847656,94.90306854248047,113.75,14.6007080078125,21.60346031188965
2015-03-31,171.27496337890625,95.1068115234375,113.66000366210938,14.431619644165039,21.636877059936523
2015-04-01,170.6693572998047,96.35600280761719,115.5999984741211,14.693705558776855,21.64522933959961
2015-04-02,171.2832794189453,95.33505249023438,115.27999877929688,14.617618560791016,21.4781494140625
2015-04-06,172.4365234375,94.80265808105469,116.69000244140625,14.80361270904541,21.311067581176758
2015-04-07,171.980224609375,95.59757995605469,116.11000061035156,14.879700660705566,21.553335189819336
2015-04-08,172.56103515625,95.62680053710938,115.47000122070312,14.592253684997559,21.586750030517578
2015-04-09,173.32437133789062,94.38703918457031,114.66999816894531,14.592253684997559,21.81230926513672
2015-04-10,174.27020263671875,94.52558135986328,115.97000122070312,14.74443244934082,21.8624324798584
2015-04-13,173.48196411132812,94.65684509277344,115.13999938964844,14.676797866821289,21.89584732055664
2015-04-14,173.81387329101562,95.32775115966797,114.44000244140625,14.74443244934082,21.728769302368164
2015-04-15,174.59376525878906,95.24752044677734,115.43000030517578,15.040334701538086,21.628522872924805
2015-04-16,174.5440216064453,94.77356719970703,115.02999877929688,15.200966835021973,21.461441040039062
2015-04-17,172.53616333007812,95.860107421875,115.5999984741211,15.167150497436523,21.41131591796875
2015-04-20,174.1125946044922,95.01417541503906,114.72000122070312,15.099515914916992,21.53662872314453
2015-04-21,173.90513610839844,94.58394622802734,115.37999725341797,14.989607810974121,21.561689376831055
2015-04-22,174.75975036621094,93.13997650146484,113.83000183105469,15.040334701538086,21.561689376831055
2015-04-23,175.19947814941406,93.54109191894531,114.66000366210938,15.226333618164062,21.402963638305664
2015-04-24,175.6060028076172,94.12448120117188,113.05000305175781,15.217877388000488,21.31942367553711
2015-04-27,174.87594604492188,94.12448120117188,115.33000183105469,15.217877388000488,21.252592086791992
2015-04-28,175.4317626953125,92.82640075683594,116.33000183105469,15.243242263793945,21.118927001953125
2015-04-29,174.7100067138672,91.68876647949219,115.51000213623047,15.344693183898926,20.935138702392578
2015-04-30,172.9593048095703,91.84928131103516,113.47000122070312,15.463054656982422,20.80982780456543
2015-05-01,174.83438110351562,90.61279296875,113.08000183105469,15.446146011352539,20.910076141357422
2015-05-04,175.33224487304688,89.7578353881836,114.0999984741211,15.437690734863281,20.968555450439453
2015-05-05,173.32437133789062,89.63362121582031,114.41999816894531,15.564505577087402,20.910076141357422
2015-05-06,172.61083984375,88.09900665283203,114.36000061035156,15.564505577087402,20.676164627075195
2015-05-07,173.29945373535156,89.28282165527344,113.41999816894531,15.319331169128418,20.784765243530273
2015-05-08,175.58114624023438,89.52396392822266,113.97000122070312,15.403873443603516,20.80982780456543
2015-05-11,174.74313354492188,87.34636688232422,113.52999877929688,15.336237907409668,20.876659393310547
2015-05-12,174.22042846679688,87.5728759765625,114.5,15.496871948242188,20.75970458984375
2015-05-13,174.25363159179688,86.87138366699219,116.55000305175781,15.513778686523438,20.57591438293457
2015-05-14,176.07066345214844,87.10521697998047,117.18000030517578,15.606775283813477,20.509084701538086
2015-05-15,176.26148986816406,88.85169219970703,117.52999877929688,15.598325729370117,20.47566795349121
2015-05-18,176.80909729003906,87.36094665527344,117.5199966430664,15.556049346923828,20.676164627075195
2015-05-19,176.7510223388672,86.58638000488281,115.88999938964844,15.226333618164062,20.918434143066406
2015-05-20,176.62657165527344,86.73250579833984,116.08000183105469,15.192512512207031,20.960201263427734
2015-05-21,177.14097595214844,87.94560241699219,115.69000244140625,15.378508567810059,20.92678451538086
2015-05-22,176.71783447265625,87.98213958740234,115.5999984741211,15.209421157836914,21.118927001953125
2015-05-26,174.81785583496094,89.48749542236328,113.91000366210938,14.913516998291016,21.35283851623535
2015-05-27,176.47720336914062,89.69206237792969,113.88999938964844,14.710613250732422,21.36119270324707
2015-05-28,176.278076171875,89.47282409667969,114.0199966430664,14.786703109741211,21.302715301513672
2015-05-29,175.1829376220703,89.67009735107422,114.0999984741211,14.972700119018555,21.269298553466797
2015-06-01,175.5396728515625,88.70646667480469,114.0,14.938882827758789,21.394609451293945
2015-06-02,175.36541748046875,87.46883392333984,114.45999908447266,15.116423606872559,21.068803787231445
2015-06-03,175.830078125,86.06273651123047,113.63999938964844,14.92197322845459,20.92678451538086
2015-06-04,174.34490966796875,87.1832046508789,112.83999633789062,14.786703109741211,20.95184898376465
2015-06-05,174.04623413085938,86.12129211425781,112.23999786376953,14.854338645935059,21.13563346862793
2015-06-08,172.9759063720703,86.0261001586914,112.56999969482422,14.862793922424316,20.89337158203125
2015-06-09,172.95101928710938,85.34503936767578,112.81999969482422,15.099515914916992,20.86830711364746
2015-06-10,175.0251922607422,84.59805297851562,113.77999877929688,15.158696174621582,20.751352310180664
2015-06-11,175.5894012451172,86.37760162353516,113.26000213623047,15.02342700958252,20.80982780456543
2015-06-12,174.2453155517578,86.37760162353516,113.2300033569336,14.871248245239258,20.793121337890625
2015-06-15,173.49856567382812,86.51673126220703,113.7300033569336,14.80361270904541,20.77641487121582
2015-06-16,174.44444274902344,87.19783782958984,113.31999969482422,14.845885276794434,20.81818389892578
2015-06-17,174.72650146484375,86.5240707397461,113.8499984741211,14.888155937194824,20.634395599365234
2015-06-18,176.54360961914062,86.09931945800781,115.31999969482422,14.888155937194824,20.567562103271484
2015-06-19,175.7598876953125,87.2051010131836,115.12000274658203,14.752885818481445,20.617687225341797
2015-06-22,176.66033935546875,85.42556762695312,113.63999938964844,14.80361270904541,20.659456253051758
2015-06-23,176.7853546142578,84.9129638671875,112.88999938964844,14.98115348815918,20.901723861694336
2015-06-24,175.50144958496094,85.64527893066406,112.58999633789062,14.879700660705566,20.85995101928711
2015-06-25,174.9678192138672,85.34503936767578,112.44000244140625,14.896611213684082,20.8265380859375
2015-06-26,174.93447875976562,84.38568115234375,112.55999755859375,14.964245796203613,20.8850154876709
2015-06-29,171.2660675048828,86.61924743652344,113.06999969482422,14.896611213684082,20.7680606842041
2015-06-30,171.62460327148438,86.01879119873047,112.37000274658203,15.217877388000488,20.910076141357422
2015-07-01,173.0001983642578,84.85770416259766,111.9800033569336,15.031881332397461,21.077157974243164
2015-07-02,172.84181213378906,85.13661193847656,111.76000213623047,15.006518363952637,21.027029037475586
2015-07-06,172.3498992919922,86.71453857421875,112.05999755859375,14.516161918640137,21.068803787231445
2015-07-07,173.4337615966797,87.52922821044922,110.76000213623047,14.431619644165039,21.13563346862793
2015-07-08,170.5240020751953,88.28514862060547,111.08999633789062,14.363984107971191,21.052095413208008
2015-07-09,170.8324737548828,86.54568481445312,111.36000061035156,14.533072471618652,21.118927001953125
2015-07-10,172.9835205078125,85.17327117919922,111.48999786376953,14.6007080078125,20.968555450439453
2015-07-13,174.892822265625,84.90907287597656,110.98999786376953,14.609162330627441,21.177404403686523
2015-07-14,175.65147399902344,85.18793487548828,110.73999786376953,14.55843448638916,21.14398765563965
2015-07-15,175.59312438964844,86.09064483642578,110.16000366210938,14.389348030090332,21.235881805419922
2015-07-16,177.00216674804688,86.6852035522461,109.76000213623047,14.3217134475708,21.35283851623535
2015-07-17,177.1521759033203,87.13289642333984,108.6500015258789,14.245624542236328,21.402963638305664
2015-07-20,177.24391174316406,86.76591491699219,105.69999694824219,14.017355918884277,21.41131591796875
2015-07-21,176.54359436035156,87.23565673828125,105.37000274658203,14.076536178588867,21.260944366455078
2015-07-22,176.2267608642578,87.77874755859375,104.80000305175781,13.873631477355957,21.311067581176758
2015-07-23,175.23464965820312,88.87232971191406,104.33000183105469,13.755270004272461,21.227529525756836
2015-07-24,173.41708374023438,89.09248352050781,105.3499984741211,13.64536190032959,21.260944366455078
2015-07-27,172.40823364257812,89.56956481933594,104.86000061035156,13.383277893066406,21.09386444091797
2015-07-28,174.5259246826172,88.91637420654297,105.0199966430664,13.493183135986328,21.110572814941406
2015-07-29,175.72657775878906,88.58607482910156,105.16999816894531,13.535455703735352,21.227529525756836
2015-07-30,175.76824951171875,89.26864624023438,104.2699966430664,13.484729766845703,21.311067581176758
2015-07-31,175.50144958496094,89.92916870117188,104.93000030517578,13.29873275756836,21.244237899780273
2015-08-03,174.9095001220703,90.87577819824219,104.0999984741211,13.078919410705566,21.294361114501953
2015-08-04,174.567626953125,90.15499877929688,104.30999755859375,13.155009269714355,21.402963638305664
2015-08-05,175.14295959472656,89.4782943725586,103.93000030517578,13.10428237915039,21.394609451293945
2015-08-06,173.7088623046875,90.272705078125,104.38999938964844,13.095829010009766,21.35283851623535
2015-08-07,173.37538146972656,91.45687866210938,104.6500015258789,13.0451021194458,21.31942367553711
2015-08-10,175.559814453125,90.32415008544922,105.72000122070312,13.3240966796875,21.219175338745117
2015-08-11,173.97567749023438,91.75845336914062,106.26000213623047,13.146554946899414,21.219175338745117
2015-08-12,174.1841278076172,91.2583236694336,107.75,13.10428237915039,20.993616104125977
2015-08-13,173.96737670898438,90.96408081054688,106.86000061035156,13.0451021194458,21.027029037475586
2015-08-14,174.6009979248047,91.17743682861328,106.8499984741211,12.96055793762207,21.085508346557617
2015-08-17,175.57644653320312,91.58930206298828,107.12999725341797,12.909832954406738,21.118927001953125
2015-08-18,175.06785583496094,90.8685073852539,107.11000061035156,12.842196464538574,21.169050216674805
2015-08-19,173.68386840820312,91.76582336425781,108.55000305175781,12.69847297668457,21.03538703918457
2015-08-20,170.05709838867188,92.692626953125,110.44000244140625,12.732291221618652,20.918434143066406
2015-08-21,164.93798828125,92.97211456298828,111.12999725341797,12.520931243896484,20.717933654785156
2015-08-24,157.9929962158203,92.94273376464844,110.52999877929688,12.208118438720703,20.37541961669922
2015-08-25,156.13377380371094,91.44953918457031,109.16000366210938,12.258845329284668,20.517436981201172
2015-08-26,162.1282958984375,89.68425750732422,107.66999816894531,12.182755470275879,20.7680606842041
2015-08-27,166.1385498046875,89.73574829101562,107.7300033569336,12.622384071350098,20.901723861694336
2015-08-28,166.14691162109375,90.00054931640625,108.69999694824219,12.952103614807129,20.968555450439453
2015-08-31,164.80459594726562,89.30912017822266,108.81999969482422,13.264915466308594,20.935138702392578
2015-09-01,159.88551330566406,89.95265197753906,109.19999694824219,12.825288772583008,20.80982780456543
2015-09-02,162.9203338623047,89.17864227294922,108.62000274658203,12.935195922851562,20.918434143066406
2015-09-03,163.0370635986328,89.61358642578125,107.83999633789062,13.019739151000977,21.018678665161133
2015-09-04,160.56918334960938,90.43183135986328,107.48999786376953,12.859106063842773,20.993616104125977
2015-09-08,164.6044921875,89.09756469726562,107.5199966430664,12.952103614807129,20.918434143066406
2015-09-09,162.40341186523438,89.52513885498047,106.12999725341797,12.783016204833984,20.918434143066406
2015-09-10,163.28721618652344,88.92063903808594,106.37999725341797,12.892922401428223,20.834890365600586
2015-09-11,164.02920532226562,89.48088073730469,106.16000366210938,12.87601375579834,20.742996215820312
2015-09-14,163.4206085205078,89.62092590332031,106.22000122070312,12.715380668640137,20.751352310180664
2015-09-15,165.46324157714844,87.9034194946289,105.9000015258789,12.757654190063477,20.834890365600586
2015-09-16,166.89723205566406,87.57170867919922,107.30999755859375,12.969012260437012,20.77641487121582
2015-09-17,166.52210998535156,88.64055633544922,108.41000366210938,12.884469032287598,20.5592098236084
2015-09-18,163.8008575439453,90.00424194335938,109.20999908447266,12.690017700195312,20.7680606842041
2015-09-21,164.64730834960938,88.53738403320312,108.52999877929688,12.83374309539795,20.89337158203125
2015-09-22,162.51025390625,89.76839447021484,107.79000091552734,12.757654190063477,20.98526382446289
2015-09-23,162.25047302246094,89.76097106933594,108.22000122070312,12.65620231628418,20.98526382446289
2015-09-24,161.66378784179688,90.37278747558594,110.48999786376953,12.732291221618652,20.918434143066406
2015-09-25,161.62184143066406,89.59141540527344,109.80999755859375,12.808380126953125,20.95184898376465
2015-09-28,157.5656280517578,91.12470245361328,108.41999816894531,12.630837440490723,20.92678451538086
2015-09-29,157.65782165527344,91.38268280029297,107.9800033569336,12.715380668640137,20.89337158203125
2015-09-30,160.59945678710938,91.06568908691406,106.86000061035156,12.808380126953125,20.968555450439453
2015-10-01,161.0184326171875,91.45423889160156,106.7300033569336,12.723834991455078,20.960201263427734
2015-10-02,163.42372131347656,92.00824737548828,108.98999786376953,12.808380126953125,20.910076141357422
2015-10-05,166.3318328857422,90.75987243652344,108.7699966430664,12.977468490600586,20.918434143066406
2015-10-06,165.76194763183594,91.15141296386719,109.86000061035156,13.231098175048828,20.77641487121582
2015-10-07,167.11961364746094,90.84854888916016,109.69999694824219,13.205735206604004,20.801475524902344
2015-10-08,168.6280975341797,90.08772277832031,109.13999938964844,13.264915466308594,20.751352310180664
2015-10-09,168.7287139892578,90.3240966796875,110.87000274658203,13.3240966796875,20.65110206604004
2015-10-12,168.8879852294922,91.01107025146484,111.30999755859375,13.112737655639648,20.634395599365234
2015-10-13,167.82362365722656,91.16619110107422,111.86000061035156,13.028193473815918,20.600976943969727
2015-10-14,167.01907348632812,91.96393585205078,113.80999755859375,13.06201171875,20.4255428314209
2015-10-15,169.58352661132812,91.51339721679688,113.29000091552734,13.028193473815918,20.5592098236084
2015-10-16,170.3545379638672,91.54289245605469,112.48999786376953,13.03664779663086,20.592622756958008
2015-10-19,170.4384002685547,91.2917709350586,112.0199966430664,12.799925804138184,20.65110206604004
2015-10-20,170.22052001953125,90.73035430908203,112.7300033569336,12.825288772583008,20.634395599365234
2015-10-21,169.16455078125,91.63156127929688,111.7300033569336,12.715380668640137,20.659456253051758
2015-10-22,172.0223846435547,91.78668975830078,111.69000244140625,12.757654190063477,20.960201263427734
2015-10-23,173.907958984375,91.00365447998047,111.5,12.681562423706055,21.13563346862793
2015-10-26,173.48062133789062,91.60939025878906,111.43000030517578,12.647747993469238,21.068803787231445
2015-10-27,173.14535522460938,91.83834838867188,111.68000030517578,12.588566780090332,21.085508346557617
2015-10-28,175.1148223876953,91.46908569335938,110.77999877929688,12.799925804138184,21.260944366455078
2015-10-29,175.01419067382812,90.01384735107422,109.72000122070312,12.723834991455078,21.169050216674805
2015-10-30,174.25999450683594,90.69347381591797,109.30000305175781,12.850651741027832,21.09386444091797
2015-11-02,176.32168579101562,90.27664947509766,108.58999633789062,12.783016204833984,21.077157974243164
2015-11-03,176.8328857421875,89.53638458251953,106.9800033569336,13.011284828186035,21.13563346862793
2015-11-04,176.2965087890625,89.6400146484375,105.97000122070312,12.791470527648926,21.311067581176758
2015-11-05,176.1204833984375,89.40314483642578,105.63999938964844,12.690017700195312,21.327777862548828
2015-11-06,176.02830505371094,88.09286499023438,104.0999984741211,12.61392879486084,21.578399658203125
2015-11-09,174.38571166992188,87.59687805175781,104.4000015258789,12.504020690917969,21.53662872314453
2015-11-10,174.78797912597656,87.85592651367188,104.18000030517578,12.478659629821777,21.595104217529297
2015-11-11,174.10073852539062,87.67084503173828,103.83000183105469,12.351842880249023,21.53662872314453
2015-11-12,171.67034912109375,88.09286499023438,103.8499984741211,12.174301147460938,21.444730758666992
2015-11-13,169.74276733398438,88.59622955322266,103.55999755859375,12.081304550170898,21.51991844177246
2015-11-16,172.32406616210938,88.51482391357422,103.70999908447266,12.140483856201172,21.636877059936523
2015-11-17,172.1983642578125,88.6628646850586,102.33999633789062,11.954487800598145,21.670291900634766
2015-11-18,174.930419921875,88.84790802001953,102.43000030517578,12.005213737487793,21.670291900634766
2015-11-19,174.77963256835938,89.44010925292969,103.55999755859375,12.005213737487793,21.51991844177246
2015-11-20,175.41650390625,89.16622161865234,103.08999633789062,11.98830509185791,21.670291900634766
2015-11-23,175.2153778076172,89.44010925292969,102.26000213623047,12.081304550170898,21.703710556030273
2015-11-24,175.45005798339844,89.43276977539062,102.94000244140625,12.275754928588867,21.661935806274414
2015-11-25,175.42494201660156,89.6400146484375,102.45999908447266,12.258845329284668,21.703710556030273
2015-11-27,175.62606811523438,89.55116271972656,101.25,12.07284927368164,21.73712158203125
2015-11-30,174.89691162109375,89.90652465820312,101.91999816894531,11.996760368347168,21.787246704101562
2015-12-01,176.56466674804688,91.12093353271484,102.27999877929688,12.132030487060547,21.68699836730957
2015-12-02,174.76290893554688,91.15055847167969,100.69000244140625,11.878397941589355,21.73712158203125
2015-12-03,172.31568908691406,88.67283630371094,101.76000213623047,12.013668060302734,21.219175338745117
2015-12-04,175.67633056640625,89.4517593383789,104.0199966430664,11.996760368347168,21.36954689025879
2015-12-07,174.6119384765625,90.3197250366211,102.66999816894531,11.650129318237305,21.436378479003906
2015-12-08,173.43862915039062,90.36419677734375,102.83999633789062,11.590949058532715,21.36954689025879
2015-12-09,172.0894012451172,90.26783752441406,102.63999938964844,11.599404335021973,21.14398765563965
2015-12-10,172.5335693359375,90.38648223876953,102.55000305175781,11.557132720947266,21.260944366455078
2015-12-11,169.18968200683594,91.81082916259766,103.11000061035156,11.438770294189453,21.177404403686523
2015-12-14,170.04446411132812,90.62385559082031,101.79000091552734,11.362680435180664,21.219175338745117
2015-12-15,171.82955932617188,90.08975219726562,101.5199966430664,11.337318420410156,21.336132049560547
2015-12-16,174.34381103515625,89.89686584472656,102.75,11.286591529846191,21.336132049560547
2015-12-17,171.68714904785156,90.91323852539062,100.5,11.168231010437012,21.53662872314453
2015-12-18,168.62844848632812,91.41770935058594,102.04000091552734,11.21895694732666,21.41131591796875
2015-12-21,170.01950073242188,91.39540100097656,103.1500015258789,11.168231010437012,21.336132049560547
2015-12-22,171.5623321533203,90.73514556884766,102.61000061035156,11.117504119873047,21.302715301513672
2015-12-23,173.68682861328125,90.05265808105469,102.30999755859375,11.32041072845459,21.336132049560547
2015-12-24,173.40023803710938,90.56858825683594,103.05000305175781,11.32041072845459,21.2860050201416
2015-12-28,173.00399780273438,90.83624267578125,102.2699966430664,11.15977668762207,21.260944366455078
2015-12-29,174.85025024414062,89.32710266113281,102.19999694824219,11.345773696899414,21.31942367553711
2015-12-30,173.61093139648438,89.2379150390625,101.41999816894531,11.235864639282227,21.31942367553711
2015-12-31,171.874267578125,89.63931274414062,101.45999908447266,11.295045852661133,21.428024291992188
2016-01-04,169.47154235839844,90.28609466552734,102.88999938964844,11.210503578186035,21.461441040039062
2016-01-05,169.75823974609375,89.92181396484375,103.18000030517578,11.10059642791748,21.586750030517578
2016-01-06,167.61688232421875,91.133544921875,104.66999816894531,10.923053741455078,21.528274536132812
2016-01-07,163.59542846679688,91.29710388183594,106.1500015258789,10.872326850891113,21.311067581176758
2016-01-08,161.79971313476562,91.70599365234375,105.68000030517578,10.821601867675781,21.35283851623535
2016-01-11,161.9599151611328,90.70240783691406,104.73999786376953,10.5256986618042,21.453088760375977
2016-01-12,163.2666778564453,92.01078796386719,104.20999908447266,10.458064079284668,21.48650360107422
2016-01-13,159.19464111328125,92.91771697998047,104.72000122070312,10.398881912231445,21.453088760375977
2016-01-14,161.80816650390625,92.04794311523438,103.0199966430664,10.42424488067627,21.511566162109375
2016-01-15,158.33473205566406,93.48271179199219,104.08000183105469,10.204432487487793,21.461441040039062
2016-01-19,158.54554748535156,93.19279479980469,103.9800033569336,10.119889259338379,21.503211975097656
2016-01-20,156.51373291015625,94.17406463623047,105.37000274658203,10.043798446655273,21.511566162109375
2016-01-21,157.39053344726562,93.53475952148438,105.48999786376953,10.179069519042969,21.48650360107422
2016-01-22,160.61949157714844,93.17791748046875,105.0,10.483426094055176,21.60346031188965
2016-01-25,158.1914520263672,93.68345642089844,106.08000183105469,10.255158424377441,21.53662872314453
2016-01-26,160.34962463378906,93.72806549072266,107.29000091552734,10.458064079284668,21.494855880737305
2016-01-27,158.60452270507812,93.70571899414062,107.69000244140625,10.584877967834473,21.4781494140625
2016-01-28,159.43072509765625,93.83953094482422,106.54000091552734,10.703239440917969,21.377901077270508
2016-01-29,163.3172149658203,94.635009765625,106.94999694824219,10.804693222045898,21.60346031188965
2016-02-01,163.25816345214844,94.3452377319336,108.05000305175781,10.601787567138672,21.461441040039062
2016-02-02,160.31600952148438,96.0955581665039,108.08999633789062,10.415790557861328,21.444730758666992
2016-02-03,161.27703857421875,95.29862213134766,109.25,10.677877426147461,21.077157974243164
2016-02-04,161.5299530029297,95.76041412353516,110.56999969482422,10.660967826843262,20.935138702392578
2016-02-05,158.45277404785156,95.87216186523438,112.31999969482422,10.593332290649414,21.027029037475586
2016-02-08,156.31983947753906,97.93523406982422,113.83000183105469,10.542606353759766,20.976909637451172
2016-02-09,156.32830810546875,98.0395278930664,113.58000183105469,10.272067070007324,20.8265380859375
2016-02-10,156.1934051513672,98.90349578857422,114.45999908447266,10.288976669311523,20.784765243530273
2016-02-11,154.16160583496094,99.59619140625,119.05999755859375,10.415790557861328,20.726287841796875
2016-02-12,157.33995056152344,97.94267272949219,118.36000061035156,10.567970275878906,20.81818389892578
2016-02-16,159.99557495117188,96.90742492675781,114.7699966430664,10.44960880279541,21.001972198486328
2016-02-17,162.6090545654297,96.31156921386719,115.4800033569336,10.66942310333252,20.993616104125977
2016-02-18,161.94302368164062,97.49576568603516,118.29000091552734,10.61024284362793,21.001972198486328
2016-02-19,161.86720275878906,97.57775115966797,117.58000183105469,10.517243385314941,20.943496704101562
2016-02-22,164.2108154296875,97.52561950683594,115.48999786376953,10.677877426147461,21.102218627929688
2016-02-23,162.1370086669922,97.92031860351562,117.22000122070312,10.53415298461914,21.110572814941406
2016-02-24,162.87881469726562,97.72673034667969,117.61000061035156,10.66942310333252,21.127283096313477
2016-02-25,164.85159301757812,98.07672882080078,117.91999816894531,10.660967826843262,21.110572814941406
2016-02-26,164.47222900390625,97.13085174560547,117.11000061035156,10.644060134887695,21.252592086791992
2016-02-29,163.18228149414062,97.55540466308594,118.63999938964844,10.779330253601074,21.294361114501953
2016-03-01,167.0181884765625,95.83763122558594,117.7699966430664,10.787784576416016,21.302715301513672
2016-03-02,167.76858520507812,96.23307800292969,118.68000030517578,10.846965789794922,21.2860050201416
2016-03-03,168.42617797851562,96.58381652832031,120.7300033569336,10.906144142150879,21.152341842651367
2016-03-04,168.97413635253906,95.96446228027344,120.54000091552734,11.117504119873047,21.09386444091797
2016-03-07,169.10902404785156,95.93458557128906,121.13999938964844,11.32041072845459,21.052095413208008
2016-03-08,167.26272583007812,96.9942626953125,120.58000183105469,11.168231010437012,21.060447692871094
2016-03-09,168.08895874023438,96.40472412109375,119.58000183105469,11.337318420410156,21.068803787231445
2016-03-10,168.2238311767578,96.00927734375,121.5,11.32041072845459,20.85995101928711
2016-03-11,170.93844604492188,95.03911590576172,119.41000366210938,11.362680435180664,20.843246459960938
2016-03-14,170.71929931640625,95.33760833740234,117.87000274658203,11.261228561401367,20.92678451538086
2016-03-15,170.44107055664062,95.42715454101562,117.95999908447266,11.168231010437012,20.943496704101562
2016-03-16,171.4273681640625,95.7107162475586,120.58999633789062,11.362680435180664,20.717933654785156
2016-03-17,172.51499938964844,96.10623931884766,120.12999725341797,11.489497184753418,20.534147262573242
2016-03-18,173.19293212890625,96.3077392578125,119.80000305175781,11.481042861938477,20.584270477294922
2016-03-21,173.43862915039062,95.5689468383789,118.95999908447266,11.514860153198242,20.65110206604004
2016-03-22,173.34542846679688,95.54659271240234,119.30999755859375,11.599404335021973,20.709579467773438
2016-03-23,172.20150756835938,96.62858581542969,116.61000061035156,11.354228019714355,20.81818389892578
2016-03-24,172.1251983642578,96.66590118408203,116.33000183105469,11.286591529846191,20.8265380859375
2016-03-28,172.2268524169922,96.79271697998047,116.5999984741211,11.32041072845459,20.784765243530273
2016-03-29,173.8199920654297,97.8076400756836,118.76000213623047,11.295045852661133,20.600976943969727
2016-03-30,174.58265686035156,96.77786254882812,117.0999984741211,11.25277328491211,20.534147262573242
2016-03-31,174.15896606445312,97.46437072753906,117.63999938964844,11.235864639282227,20.500730514526367
2016-04-01,175.34535217285156,97.71856689453125,116.93000030517578,11.041415214538574,20.492380142211914
2016-04-04,174.77752685546875,97.77838897705078,116.1500015258789,10.889235496520996,20.47566795349121
2016-04-05,173.0319061279297,98.84771728515625,117.66000366210938,10.863872528076172,20.492380142211914
2016-04-06,174.921630859375,98.1298599243164,116.94000244140625,10.982234954833984,20.450603485107422
2016-04-07,172.82850646972656,99.34124755859375,118.61000061035156,10.948416709899902,20.47566795349121
2016-04-08,173.2946014404297,98.71314239501953,118.43000030517578,11.210503578186035,20.400480270385742
2016-04-11,172.8878631591797,98.58599853515625,120.02999877929688,11.295045852661133,20.350358963012695
2016-04-12,174.4979705810547,97.90553283691406,120.05000305175781,11.54022216796875,20.350358963012695
2016-04-13,176.2605438232422,98.24950408935547,118.7699966430664,11.599404335021973,20.509084701538086
2016-04-14,176.2689971923828,97.77838897705078,117.11000061035156,11.5064058303833,20.5592098236084
2016-04-15,176.0740966796875,98.6159439086914,117.91999816894531,11.464134216308594,20.500730514526367
2016-04-18,177.3113250732422,98.18966674804688,117.73999786376953,11.514860153198242,20.45895767211914
2016-04-19,177.87059020996094,97.88312530517578,119.58000183105469,11.760037422180176,20.358713150024414
2016-04-20,178.0400848388672,96.80632781982422,118.97000122070312,11.98830509185791,20.47566795349121
2016-04-21,177.08251953125,96.23052978515625,119.41999816894531,11.937579154968262,20.47566795349121
2016-04-22,177.08251953125,95.98380279541016,117.88999938964844,11.886853218078613,20.592622756958008
2016-04-25,176.77743530273438,95.58744049072266,118.2300033569336,11.878397941589355,20.52579116821289
2016-04-26,177.04017639160156,95.1537857055664,118.69999694824219,12.030576705932617,20.467315673828125
2016-04-27,177.404541015625,96.10340118408203,119.04000091552734,12.140483856201172,20.442251205444336
2016-04-28,175.79443359375,96.4997329711914,121.29000091552734,12.208118438720703,20.275171279907227
2016-04-29,174.84539794921875,96.74646759033203,123.6500015258789,12.3264799118042,20.13315773010254
2016-05-02,176.23512268066406,95.77244567871094,123.23999786376953,12.157393455505371,20.05797004699707
2016-05-03,174.70132446289062,96.9787826538086,122.95999908447266,11.971395492553711,20.116445541381836
2016-05-04,173.72677612304688,97.5107650756836,122.20999908447266,11.979849815368652,20.191635131835938
2016-05-05,173.69290161132812,98.16263580322266,122.06999969482422,11.861488342285156,20.291881561279297
2016-05-06,174.32843017578125,97.74301147460938,123.18000030517578,11.937579154968262,20.316944122314453
2016-05-09,174.47251892089844,98.05023956298828,120.6500015258789,11.675495147705078,20.37541961669922
2016-05-10,176.64181518554688,98.0577392578125,120.9800033569336,11.962942123413086,20.392126083374023
2016-05-11,174.98941040039062,98.6121597290039,122.12000274658203,12.241936683654785,20.291881561279297
2016-05-12,175.0402374267578,98.16263580322266,121.16000366210938,12.258845329284668,20.3670654296875
2016-05-13,173.51490783691406,99.11419677734375,121.70999908447266,12.241936683654785,20.45895767211914
2016-05-16,175.22666931152344,98.2600326538086,121.80000305175781,12.377205848693848,20.450603485107422
2016-05-17,173.59120178222656,98.42487335205078,122.22000122070312,12.470205307006836,20.450603485107422
2016-05-18,173.6420440673828,97.02372741699219,120.0999984741211,12.377205848693848,20.592622756958008
2016-05-19,173.04039001464844,97.4433364868164,119.87000274658203,12.343388557434082,20.626041412353516
2016-05-20,174.13351440429688,97.51820373535156,119.70999908447266,12.39411449432373,20.626041412353516
2016-05-23,173.896240234375,97.73558044433594,119.37000274658203,12.3264799118042,20.617687225341797
2016-05-24,176.15037536621094,97.30099487304688,117.30000305175781,12.3264799118042,20.684518814086914
2016-05-25,177.34519958496094,96.93379211425781,116.9800033569336,12.470205307006836,20.626041412353516
2016-05-26,177.3960418701172,97.43582916259766,116.58000183105469,12.461750030517578,20.592622756958008
2016-05-27,178.15872192382812,97.29348754882812,115.62000274658203,12.512475967407227,20.709579467773438
2016-05-31,177.8197479248047,97.52571868896484,116.05999755859375,12.436387062072754,20.751352310180664
2016-06-01,178.18414306640625,97.92145538330078,115.94000244140625,12.563202857971191,20.634395599365234
2016-06-02,178.72647094726562,98.62718200683594,115.66999816894531,12.588566780090332,20.659456253051758
2016-06-03,178.19264221191406,100.03121948242188,118.87999725341797,12.67310905456543,20.333648681640625
2016-06-06,179.099365234375,99.28792572021484,118.91999816894531,12.825288772583008,20.333648681640625
2016-06-07,179.3789825439453,99.52814483642578,118.81999969482422,12.952103614807129,20.300233840942383
2016-06-08,179.96368408203125,100.06124114990234,120.58000183105469,13.171917915344238,20.241756439208984
2016-06-09,179.71786499023438,100.70697784423828,121.25,13.146554946899414,20.333648681640625
2016-06-10,178.01467895507812,101.19501495361328,121.73999786376953,12.985922813415527,20.467315673828125
2016-06-13,176.64181518554688,101.64546966552734,122.63999938964844,12.985922813415527,20.417190551757812
2016-06-14,176.29441833496094,101.57032775878906,122.7699966430664,12.90137767791748,20.542499542236328
2016-06-15,176.04872131347656,101.9608154296875,123.68000030517578,12.83374309539795,20.492380142211914
2016-06-16,176.57408142089844,102.45636749267578,122.37999725341797,12.61392879486084,20.467315673828125
2016-06-17,175.91647338867188,101.81816864013672,123.94999694824219,12.909832954406738,20.37541961669922
2016-06-20,177.0493927001953,100.72947692871094,123.20999908447266,13.028193473815918,20.258466720581055
2016-06-21,177.55194091796875,100.2639389038086,120.83999633789062,12.926740646362305,20.358713150024414
2016-06-22,177.26229858398438,100.42912292480469,120.9000015258789,12.850651741027832,20.26681900024414
2016-06-23,179.5707244873047,99.2803726196289,120.11000061035156,12.952103614807129,20.174924850463867
2016-06-24,173.12254333496094,101.94581604003906,126.0,12.690017700195312,20.70122718811035
2016-06-27,170.02194213867188,104.49105834960938,126.68000030517578,12.664654731750488,20.876659393310547
2016-06-28,173.0884552001953,104.7088394165039,125.31999969482422,12.867559432983398,20.77641487121582
2016-06-29,176.03573608398438,103.90543365478516,125.83999633789062,13.053556442260742,20.709579467773438
2016-06-30,178.43780517578125,104.28831481933594,126.47000122070312,12.977468490600586,20.751352310180664
2016-07-01,178.81259155273438,105.73634338378906,128.41000366210938,13.138100624084473,20.684518814086914
2016-07-05,177.5263671875,107.06017303466797,129.47000122070312,12.766108512878418,20.8265380859375
2016-07-06,178.59112548828125,107.23320007324219,130.22999572753906,12.816834449768066,20.7680606842041
2016-07-07,178.48043823242188,107.22572326660156,129.74000549316406,12.453295707702637,20.81818389892578
2016-07-08,181.13804626464844,108.01546478271484,130.52000427246094,12.580111503601074,20.8265380859375
2016-07-11,181.7769317626953,107.06771850585938,129.2899932861328,12.52938461303711,20.8850154876709
2016-07-12,183.09725952148438,105.30754852294922,127.1500015258789,12.766108512878418,20.86830711364746
2016-07-13,183.07171630859375,106.54866790771484,128.32000732421875,12.605473518371582,20.81818389892578
2016-07-14,184.09385681152344,104.9991683959961,127.33000183105469,12.65620231628418,20.7680606842041
2016-07-15,183.84689331054688,104.09651947021484,126.83999633789062,12.622384071350098,20.85159683227539
2016-07-18,184.34091186523438,103.99871826171875,127.04000091552734,12.563202857971191,20.86830711364746
2016-07-19,184.1534881591797,104.58541107177734,127.20999908447266,12.487114906311035,20.968555450439453
2016-07-20,184.92015075683594,104.0137939453125,125.38999938964844,12.402569770812988,20.98526382446289
2016-07-21,184.22164916992188,104.22440338134766,127.30000305175781,12.33493423461914,20.95184898376465
2016-07-22,185.0479278564453,104.4049072265625,126.3499984741211,12.30957317352295,21.060447692871094
2016-07-25,184.54531860351562,104.3297348022461,125.47000122070312,12.174301147460938,21.027029037475586
2016-07-26,184.63050842285156,104.49515533447266,126.0,12.123576164245605,21.001972198486328
2016-07-27,184.4346160888672,105.79647064208984,128.02999877929688,12.005213737487793,20.901723861694336
2016-07-28,184.64752197265625,105.60090637207031,127.66000366210938,11.971395492553711,20.89337158203125
2016-07-29,184.94570922851562,106.4809799194336,128.97999572753906,12.07284927368164,20.609333038330078
2016-08-01,184.79234313964844,105.32649230957031,129.22000122070312,11.861488342285156,20.667810440063477
2016-08-02,183.60836791992188,104.24140930175781,130.27000427246094,11.844581604003906,20.52579116821289
2016-08-03,184.1449737548828,104.3016357421875,129.64999389648438,12.039030075073242,20.64274787902832
2016-08-04,184.34091186523438,105.0853500366211,129.8699951171875,12.089757919311523,20.676164627075195
2016-08-05,185.84864807128906,103.99271392822266,127.55000305175781,12.140483856201172,20.784765243530273
2016-08-08,185.7378387451172,104.18868255615234,127.44000244140625,12.208118438720703,20.801475524902344
2016-08-09,185.84864807128906,105.21347045898438,127.95999908447266,12.174301147460938,20.75970458984375
2016-08-10,185.388671875,105.62041473388672,128.55999755859375,12.030576705932617,20.65110206604004
2016-08-11,186.24896240234375,104.67848205566406,127.66999816894531,12.216571807861328,20.709579467773438
2016-08-12,186.0871124267578,105.56015014648438,127.4000015258789,12.30957317352295,20.676164627075195
2016-08-15,186.6237335205078,104.56544494628906,127.83999633789062,12.512475967407227,20.64274787902832
2016-08-16,185.66122436523438,104.28659057617188,128.47000122070312,12.61392879486084,20.45895767211914
2016-08-17,186.01043701171875,104.91203308105469,128.5,12.664654731750488,20.47566795349121
2016-08-18,186.42787170410156,105.07781219482422,129.11000061035156,12.825288772583008,20.325294494628906
2016-08-19,186.1552734375,104.52771759033203,127.97000122070312,12.783016204833984,20.400480270385742
2016-08-22,186.14674377441406,105.4094467163086,127.77999877929688,12.664654731750488,20.4255428314209
2016-08-23,186.521484375,105.52250671386719,127.76000213623047,12.715380668640137,20.408836364746094
2016-08-24,185.56748962402344,105.27375793457031,126.33999633789062,12.563202857971191,20.467315673828125
2016-08-25,185.4397430419922,104.87432861328125,126.2300033569336,12.61392879486084,20.467315673828125
2016-08-26,185.0904998779297,104.26402282714844,126.05000305175781,12.571657180786133,20.617687225341797
2016-08-29,186.00192260742188,105.65809631347656,126.30000305175781,12.520931243896484,20.634395599365234
2016-08-30,185.69528198242188,105.25115203857422,125.02999877929688,12.402569770812988,20.742996215820312
2016-08-31,185.16714477539062,105.40190124511719,124.77999877929688,12.165847778320312,20.734642028808594
2016-09-01,185.17564392089844,105.51814270019531,125.29000091552734,12.030576705932617,20.659456253051758
2016-09-02,186.01043701171875,104.65754699707031,126.56999969482422,12.165847778320312,20.709579467773438
2016-09-06,186.5727081298828,105.42000579833984,128.7100067138672,12.250391006469727,20.467315673828125
2016-09-07,186.55564880371094,105.34453582763672,128.27000427246094,12.360297203063965,20.500730514526367
2016-09-08,186.12974548339844,104.02335357666016,127.58999633789062,12.580111503601074,20.52579116821289
2016-09-09,181.67471313476562,102.3096694946289,126.75,12.385660171508789,20.584270477294922
2016-09-12,184.28125,102.36245727539062,126.58999633789062,12.385660171508789,20.55085563659668
2016-09-13,181.63214111328125,101.19983673095703,125.75,12.225027084350586,20.634395599365234
2016-09-14,181.56396484375,101.35089111328125,126.18000030517578,12.132030487060547,20.584270477294922
2016-09-15,183.3783721923828,100.9129867553711,125.37000274658203,12.19120979309082,20.57591438293457
2016-09-16,182.6694793701172,101.72834777832031,125.05999755859375,12.208118438720703,20.742996215820312
2016-09-19,182.70375061035156,101.39619445800781,125.31999969482422,12.199664115905762,20.692873001098633
2016-09-20,182.7123260498047,101.75099182128906,125.44000244140625,12.241936683654785,20.726287841796875
2016-09-21,184.7670135498047,102.5738525390625,127.2699966430664,12.39411449432373,20.634395599365234
2016-09-22,185.93124389648438,103.38917541503906,127.56999969482422,12.461750030517578,20.609333038330078
2016-09-23,184.9125213623047,103.29103088378906,127.6500015258789,12.318024635314941,20.617687225341797
2016-09-26,183.414306640625,103.94783020019531,127.55000305175781,12.402569770812988,20.57591438293457
2016-09-27,184.5529327392578,104.71031188964844,126.62000274658203,12.284208297729492,20.592622756958008
2016-09-28,185.46896362304688,104.48388671875,126.22000122070312,12.571657180786133,20.609333038330078
2016-09-29,183.791015625,104.74809265136719,126.06999969482422,12.647747993469238,20.626041412353516
2016-09-30,185.17791748046875,103.81197357177734,125.63999938964844,12.690017700195312,20.617687225341797
2016-10-03,184.73269653320312,103.46935272216797,125.31999969482422,12.799925804138184,20.659456253051758
2016-10-04,183.791015625,102.25933837890625,120.97000122070312,12.766108512878418,20.751352310180664
2016-10-05,184.60430908203125,101.78284454345703,120.77999877929688,12.842196464538574,20.77641487121582
2016-10-06,184.73269653320312,101.21559143066406,119.66000366210938,12.867559432983398,20.8850154876709
2016-10-07,184.09918212890625,101.28364562988281,119.73999786376953,12.83374309539795,20.85159683227539
2016-10-10,185.05807495117188,100.6861801147461,120.16000366210938,12.977468490600586,20.935138702392578
2016-10-11,182.72084045410156,100.45932006835938,119.55000305175781,12.90137767791748,21.09386444091797
2016-10-12,182.9605712890625,100.5576400756836,119.73999786376953,12.808380126953125,21.152341842651367
2016-10-13,182.36129760742188,100.93574523925781,120.02999877929688,12.892922401428223,21.077157974243164
2016-10-14,182.45545959472656,99.52146911621094,119.36000061035156,12.90137767791748,21.185760498046875
2016-10-17,181.82192993164062,100.15677642822266,119.68000030517578,12.918286323547363,21.13563346862793
2016-10-18,182.9605712890625,100.48196411132812,120.41999816894531,12.943650245666504,21.152341842651367
2016-10-19,183.4485626220703,100.56520080566406,121.11000061035156,13.028193473815918,21.160694122314453
2016-10-20,183.1060791015625,100.67106628417969,120.73999786376953,12.909832954406738,21.227529525756836
2016-10-21,183.19171142578125,100.82229614257812,120.83000183105469,12.96055793762207,21.302715301513672
2016-10-24,183.9708251953125,100.38365173339844,120.55999755859375,12.969012260437012,21.327777862548828
2016-10-25,183.35433959960938,100.64835357666016,121.47000122070312,12.909832954406738,21.31942367553711
2016-10-26,182.9862518310547,99.96770477294922,120.79000091552734,12.825288772583008,21.311067581176758
2016-10-27,182.49826049804688,98.87864685058594,121.01000213623047,12.90137767791748,21.35283851623535
2016-10-28,181.9588623046875,98.6592788696289,121.58000183105469,12.816834449768066,21.227529525756836
2016-10-31,181.96749877929688,99.26436614990234,121.94000244140625,12.647747993469238,21.235881805419922
2016-11-01,180.64903259277344,99.27192687988281,122.7300033569336,12.706927299499512,21.127283096313477
2016-11-02,179.56182861328125,99.70380401611328,123.63999938964844,12.554747581481934,21.052095413208008
2016-11-03,178.73989868164062,98.93852233886719,124.30000305175781,12.512475967407227,20.993616104125977
2016-11-04,178.54296875,99.8250503540039,124.38999938964844,12.427932739257812,20.935138702392578
2016-11-07,182.48117065429688,98.9764175415039,122.1500015258789,12.478659629821777,21.110572814941406
2016-11-08,183.30299377441406,98.57479858398438,121.63999938964844,12.461750030517578,21.169050216674805
2016-11-09,185.24636840820312,94.3920669555664,121.55999755859375,12.520931243896484,21.302715301513672
2016-11-10,185.708740234375,92.9978256225586,119.75,12.419479370117188,21.344484329223633
2016-11-11,185.28067016601562,92.4749755859375,117.0999984741211,12.182755470275879,21.377901077270508
2016-11-14,185.4261932373047,91.92181396484375,116.11000061035156,12.157393455505371,21.586750030517578
2016-11-15,186.8729705810547,92.37649536132812,117.12000274658203,12.427932739257812,21.620166778564453
2016-11-16,186.52197265625,93.20999908447266,116.7699966430664,12.275754928588867,21.678647994995117
2016-11-17,187.48089599609375,91.83849334716797,116.16999816894531,12.301117897033691,21.803955078125
2016-11-18,187.0613250732422,91.57323455810547,115.1500015258789,12.402569770812988,21.87914276123047
2016-11-21,188.47393798828125,91.80057525634766,115.58000183105469,12.749198913574219,21.79560089111328
2016-11-22,188.8421173095703,91.77029418945312,115.54000091552734,12.732291221618652,21.829017639160156
2016-11-23,188.9447784423828,91.41413116455078,113.25,12.783016204833984,21.96268081665039
2016-11-25,189.6468505859375,91.55050659179688,112.61000061035156,12.690017700195312,21.920909881591797
2016-11-28,188.7564697265625,92.22488403320312,113.80000305175781,12.732291221618652,21.8624324798584
2016-11-29,189.12457275390625,92.61134338378906,113.2699966430664,12.478659629821777,21.81230926513672
2016-11-30,188.67088317871094,91.11104583740234,111.75,12.859106063842773,21.92926597595215
2016-12-01,187.97738647460938,90.14899444580078,111.54000091552734,13.095829010009766,21.81230926513672
2016-12-02,188.071533203125,90.80963134765625,112.13999938964844,13.188826560974121,21.76218605041504
2016-12-05,189.20169067382812,90.71089935302734,111.54000091552734,13.256461143493652,21.620166778564453
2016-12-06,189.80091857910156,90.64257049560547,111.43000030517578,13.197280883789062,21.703710556030273
2016-12-07,192.28366088867188,91.41703796386719,111.83000183105469,13.095829010009766,21.636877059936523
2016-12-08,192.75453186035156,90.3388442993164,111.56999969482422,13.12119197845459,21.829017639160156
2016-12-09,193.9188232421875,89.2151107788086,110.4000015258789,13.188826560974121,21.920909881591797
2016-12-12,193.69625854492188,89.38212585449219,110.81999969482422,13.273370742797852,21.79560089111328
2016-12-13,194.98898315429688,89.7010498046875,110.44999694824219,13.307188034057617,21.82066535949707
2016-12-14,193.37950134277344,88.69882202148438,108.83000183105469,13.180371284484863,22.02951431274414
2016-12-15,194.17568969726562,89.1468276977539,107.33999633789062,13.163463592529297,22.271780014038086
2016-12-16,193.79591369628906,88.94178771972656,108.05000305175781,13.22264575958252,22.19659423828125
2016-12-19,194.21786499023438,89.89847564697266,108.58999633789062,13.146554946899414,22.263425827026367
2016-12-20,194.96707153320312,89.45050811767578,107.79000091552734,13.205735206604004,22.305194854736328
2016-12-21,194.42459106445312,89.84532165527344,107.8499984741211,13.129645347595215,22.238365173339844
2016-12-22,194.08872985839844,89.68468475341797,107.58999633789062,13.112737655639648,22.263425827026367
2016-12-23,194.3728790283203,89.86737060546875,107.93000030517578,13.138100624084473,22.24671745300293
2016-12-27,194.8551483154297,89.57809448242188,108.55999755859375,13.341005325317383,22.238365173339844
2016-12-28,193.24476623535156,90.23280334472656,108.86000061035156,13.349459648132324,22.296842575073242
2016-12-29,193.20175170898438,90.55253601074219,110.29000091552734,13.366368293762207,22.171531677246094
2016-12-30,192.49557495117188,90.6895523071289,109.61000061035156,13.391732215881348,22.104698181152344
2017-01-03,193.96812438964844,91.07780456542969,110.47000122070312,13.231098175048828,22.305194854736328
2017-01-04,195.12205505371094,91.42798614501953,110.86000061035156,13.332551002502441,22.13811492919922
2017-01-05,194.96707153320312,92.85919189453125,112.58000183105469,13.400187492370605,21.904203414916992
2017-01-06,195.6645965576172,92.00653076171875,111.75,13.383277893066406,22.062931060791016
2017-01-09,195.0188446044922,92.7449951171875,112.66999816894531,13.180371284484863,22.004451751708984
2017-01-10,195.0188446044922,92.68405151367188,113.1500015258789,13.12119197845459,22.012805938720703
2017-01-11,195.5699462890625,92.99616241455078,113.5,13.264915466308594,21.96268081665039
2017-01-12,195.0790557861328,92.7906723022461,113.91000366210938,13.459366798400879,21.87914276123047
2017-01-13,195.5268096923828,92.3491439819336,114.20999908447266,13.434003829956055,21.85407829284668
2017-01-17,194.83790588378906,93.31593322753906,115.8499984741211,13.425548553466797,21.65358543395996
2017-01-18,195.26852416992188,92.12073516845703,114.87000274658203,13.307188034057617,21.85407829284668
2017-01-19,194.545166015625,91.48887634277344,114.7699966430664,13.264915466308594,21.82066535949707
2017-01-20,195.25990295410156,91.30615234375,115.05000305175781,13.417094230651855,21.74547576904297
2017-01-23,194.7517852783203,92.21968078613281,115.79000091552734,13.417094230651855,21.628522872924805
2017-01-24,196.0005340576172,91.58786010742188,115.2699966430664,13.450912475585938,21.636877059936523
2017-01-25,197.6969451904297,90.4383316040039,114.31999969482422,13.366368293762207,21.561689376831055
2017-01-26,197.4902801513672,90.74284362792969,113.26000213623047,13.425548553466797,21.703710556030273
2017-01-27,197.18023681640625,91.07015991210938,113.48999786376953,13.315641403198242,21.712060928344727
2017-01-30,195.95745849609375,90.79615783691406,113.97000122070312,13.23955249786377,21.670291900634766
2017-01-31,195.94017028808594,91.42798614501953,115.55000305175781,13.315641403198242,21.494855880737305
2017-02-01,196.0177459716797,90.86270141601562,115.19999694824219,13.459366798400879,21.511566162109375
2017-02-02,196.14688110351562,90.82450866699219,115.83999633789062,13.459366798400879,21.544981002807617
2017-02-03,197.4989013671875,90.786376953125,116.12999725341797,13.450912475585938,21.53662872314453
2017-02-06,197.14584350585938,91.335693359375,117.69999694824219,13.366368293762207,21.553335189819336
2017-02-07,197.1544189453125,92.00706481933594,117.45999908447266,13.307188034057617,21.661935806274414
2017-02-08,197.4127655029297,93.25820922851562,118.19000244140625,13.35791301727295,21.636877059936523
2017-02-09,198.58395385742188,92.1824951171875,117.29000091552734,13.425548553466797,21.720413208007812
2017-02-10,199.3676300048828,92.12909698486328,117.5999984741211,13.569272994995117,21.74547576904297
2017-02-13,200.4527130126953,91.83919525146484,116.80000305175781,13.417094230651855,21.79560089111328
2017-02-14,201.2535858154297,91.17548370361328,116.93000030517578,13.434003829956055,21.84572410583496
2017-02-15,202.30421447753906,90.7558364868164,117.44999694824219,13.450912475585938,21.803955078125
2017-02-16,202.13194274902344,91.25173950195312,118.08000183105469,13.366368293762207,21.678647994995117
2017-02-17,202.45059204101562,91.7934341430664,117.68000030517578,13.341005325317383,21.787246704101562
2017-02-21,203.65623474121094,91.63321685791016,117.75,13.3240966796875,21.887496948242188
2017-02-22,203.47535705566406,91.78580474853516,117.91000366210938,13.256461143493652,21.83736801147461
2017-02-23,203.61317443847656,92.06047058105469,118.94000244140625,13.29873275756836,21.787246704101562
2017-02-24,203.8715362548828,93.082763671875,119.69999694824219,13.273370742797852,21.829017639160156
2017-02-27,204.1901397705078,92.53345489501953,119.12000274658203,13.23955249786377,21.829017639160156
2017-02-28,203.6389923095703,92.87676239013672,119.2300033569336,13.290279388427734,21.81230926513672
2017-03-01,206.4894256591797,91.32044982910156,119.05999755859375,13.349459648132324,21.96268081665039
2017-03-02,205.1890869140625,90.9918212890625,117.58000183105469,13.138100624084473,22.054576873779297
2017-03-03,205.31826782226562,91.228759765625,117.51000213623047,13.205735206604004,21.8624324798584
2017-03-06,204.70684814453125,90.79304504394531,116.72000122070312,13.188826560974121,21.9376220703125
2017-03-07,204.0954132080078,90.51786804199219,115.77999877929688,13.129645347595215,21.96268081665039
2017-03-08,203.7165069580078,90.02864837646484,115.05999755859375,12.83374309539795,22.037866592407227
2017-03-09,203.974853515625,89.3101577758789,114.47000122070312,12.723834991455078,21.996097564697266
2017-03-10,204.68963623046875,89.62354278564453,114.72000122070312,12.605473518371582,21.84572410583496
2017-03-13,204.79295349121094,89.05791473388672,114.73999786376953,12.588566780090332,21.87914276123047
2017-03-14,204.00927734375,89.48594665527344,114.12000274658203,12.53783893585205,21.954328536987305
2017-03-15,205.77468872070312,90.57899475097656,116.25,12.647747993469238,21.695354461669922
2017-03-16,205.3699188232422,90.120361328125,116.7300033569336,12.630837440490723,21.620166778564453
2017-03-17,205.0092315673828,90.68600463867188,116.98999786376953,12.67310905456543,21.628522872924805
2017-03-20,204.78440856933594,91.0759048461914,117.51000213623047,12.664654731750488,21.636877059936523
2017-03-21,202.1551055908203,91.8326187133789,118.54000091552734,12.597021102905273,21.503211975097656
2017-03-22,202.63079833984375,92.19949340820312,118.83000183105469,12.588566780090332,21.48650360107422
2017-03-23,202.41455078125,92.06956481933594,118.66999816894531,12.563202857971191,21.511566162109375
2017-03-24,202.26748657226562,92.39822387695312,118.86000061035156,12.605473518371582,21.503211975097656
2017-03-27,202.0599365234375,92.81867980957031,119.52999877929688,12.588566780090332,21.386255264282227
2017-03-28,203.53028869628906,92.19949340820312,119.04000091552734,12.664654731750488,21.503211975097656
2017-03-29,203.72052001953125,92.74984741210938,119.33000183105469,12.783016204833984,21.544981002807617
2017-03-30,204.3691864013672,92.00077056884766,118.47000122070312,12.83374309539795,21.68699836730957
2017-03-31,203.8935089111328,92.26830291748047,118.72000122070312,12.859106063842773,21.678647994995117
2017-04-03,203.53887939453125,93.19900512695312,119.3499984741211,12.808380126953125,21.678647994995117
2017-04-04,203.66864013671875,92.69346618652344,119.62000274658203,12.935195922851562,21.703710556030273
2017-04-05,203.063232421875,92.9768295288086,119.62000274658203,12.96055793762207,21.695354461669922
2017-04-06,203.63406372070312,92.83895874023438,119.18000030517578,12.994375228881836,21.74547576904297
2017-04-07,203.42654418945312,92.46363067626953,119.45999908447266,13.028193473815918,21.84572410583496
2017-04-10,203.54759216308594,92.89261627197266,119.45999908447266,13.129645347595215,21.803955078125
2017-04-11,203.305419921875,93.77347564697266,121.19000244140625,13.155009269714355,21.73712158203125
2017-04-12,202.41455078125,94.28672790527344,122.0199966430664,13.155009269714355,21.628522872924805
2017-04-13,201.0998992919922,94.57781982421875,122.5999984741211,13.197280883789062,21.703710556030273
2017-04-17,202.88160705566406,94.28672790527344,122.23999786376953,13.12119197845459,21.64522933959961
2017-04-18,202.27613830566406,95.51995849609375,122.81999969482422,13.070465087890625,21.461441040039062
2017-04-19,201.9042205810547,94.99908447265625,121.7300033569336,12.842196464538574,21.53662872314453
2017-04-20,203.54759216308594,94.63140106201172,121.95999908447266,12.791470527648926,21.544981002807617
2017-04-21,202.8988800048828,94.63140106201172,122.30999755859375,12.664654731750488,21.561689376831055
2017-04-24,205.13034057617188,94.16413116455078,121.4800033569336,12.622384071350098,21.36119270324707
2017-04-25,206.32388305664062,93.03050231933594,120.25,12.681562423706055,21.302715301513672
2017-04-26,206.19415283203125,93.5436782836914,120.83999633789062,12.61392879486084,21.35283851623535
2017-04-27,206.36720275878906,93.5130386352539,120.38999938964844,12.546293258666992,21.386255264282227
2017-04-28,205.91741943359375,93.71986389160156,120.7699966430664,12.512475967407227,21.36119270324707
2017-05-01,206.4363250732422,92.94078063964844,119.66999816894531,12.53783893585205,21.377901077270508
2017-05-02,206.51417541503906,93.41664123535156,119.6500015258789,12.402569770812988,21.344484329223633
2017-05-03,206.2633819580078,93.47810363769531,117.9800033569336,12.351842880249023,21.428024291992188
2017-05-04,206.50552368164062,93.0175552368164,116.79000091552734,12.055940628051758,21.294361114501953
2017-05-05,207.31858825683594,93.10198211669922,117.01000213623047,12.225027084350586,21.260944366455078
2017-05-08,207.28399658203125,92.59535217285156,116.75,12.174301147460938,21.377901077270508
2017-05-09,207.0937042236328,92.58767700195312,116.05000305175781,12.115120887756348,21.48650360107422
2017-05-10,207.465576171875,92.48021697998047,116.04000091552734,12.30957317352295,21.494855880737305
2017-05-11,207.04180908203125,92.48021697998047,116.5,12.360297203063965,21.503211975097656
2017-05-12,206.69583129882812,93.1787109375,116.83000183105469,12.360297203063965,21.394609451293945
2017-05-15,207.8375244140625,92.92542266845703,117.13999938964844,12.427932739257812,21.336132049560547
2017-05-16,207.6472625732422,93.2708511352539,117.6500015258789,12.444842338562012,21.177404403686523
2017-05-17,203.96270751953125,94.62943267822266,119.79000091552734,12.52938461303711,21.03538703918457
2017-05-18,204.78440856933594,94.73694610595703,118.80999755859375,12.495567321777344,21.110572814941406
2017-05-19,206.11631774902344,94.95954895019531,119.4000015258789,12.740744590759277,20.960201263427734
2017-05-22,207.1628875732422,94.69857788085938,119.9000015258789,12.825288772583008,20.92678451538086
2017-05-23,207.62130737304688,94.06143188476562,119.13999938964844,12.783016204833984,21.018678665161133
2017-05-24,208.10562133789062,94.59109497070312,119.61000061035156,12.757654190063477,20.95184898376465
2017-05-25,209.10025024414062,94.621826171875,119.4800033569336,12.478659629821777,20.976909637451172
2017-05-26,209.05703735351562,94.78301239013672,120.54000091552734,12.571657180786133,21.027029037475586
2017-05-30,208.87538146972656,95.25120544433594,120.13999938964844,12.470205307006836,21.001972198486328
2017-05-31,208.82351684570312,95.48917388916016,120.62000274658203,12.33493423461914,20.95184898376465
2017-06-01,210.48411560058594,95.4991683959961,120.72000122070312,12.250391006469727,20.976909637451172
2017-06-02,211.1847381591797,96.62996673583984,121.61000061035156,12.19120979309082,20.876659393310547
2017-06-05,211.0290069580078,96.02998352050781,121.7300033569336,12.123576164245605,20.89337158203125
2017-06-06,210.3544158935547,96.55302429199219,123.0999984741211,12.208118438720703,20.843246459960938
2017-06-07,210.74359130859375,96.09149932861328,122.44999694824219,12.039030075073242,20.86830711364746
2017-06-08,210.84742736816406,95.83765411376953,121.6500015258789,12.039030075073242,20.943496704101562
2017-06-09,210.52737426757812,95.69146728515625,120.54000091552734,12.106666564941406,21.010326385498047
2017-06-12,210.48411560058594,95.66071319580078,120.36000061035156,11.996760368347168,20.976909637451172
2017-06-13,211.5133819580078,95.67613220214844,120.4800033569336,12.0474853515625,20.95184898376465
2017-06-14,211.24525451660156,97.15301513671875,119.81999969482422,11.836127281188965,20.935138702392578
2017-06-15,210.83876037597656,96.99913787841797,119.31999969482422,11.886853218078613,21.060447692871094
2017-06-16,210.88478088378906,97.19149780273438,119.33999633789062,11.937579154968262,20.98526382446289
2017-06-19,212.64041137695312,97.05301666259766,118.43000030517578,11.861488342285156,21.077157974243164
2017-06-20,211.20635986328125,97.92223358154297,118.18000030517578,11.743128776550293,21.110572814941406
2017-06-21,211.15423583984375,98.12226867675781,118.5199966430664,11.616312026977539,21.068803787231445
2017-06-22,211.05862426757812,98.3376235961914,118.91999816894531,11.633221626281738,21.077157974243164
2017-06-23,211.31069946289062,98.29147338867188,119.43000030517578,11.68394660949707,21.010326385498047
2017-06-26,211.44970703125,98.66068267822266,118.36000061035156,11.709311485290527,21.04374122619629
2017-06-27,209.7462921142578,97.60686492919922,118.80999755859375,11.844581604003906,20.80982780456543
2017-06-28,211.62359619140625,97.28378295898438,118.9000015258789,11.920671463012695,20.742996215820312
2017-06-29,209.76364135742188,96.46841430664062,118.31999969482422,11.971395492553711,20.64274787902832
2017-06-30,210.1547393798828,96.24534606933594,118.0199966430664,12.216571807861328,20.676164627075195
2017-07-03,210.5110626220703,95.93546295166016,116.08999633789062,12.343388557434082,20.801475524902344
2017-07-05,210.99783325195312,95.95860290527344,116.5199966430664,12.157393455505371,20.80982780456543
2017-07-06,209.0683135986328,95.16461944580078,116.47000122070312,12.165847778320312,20.717933654785156
2017-07-07,210.42417907714844,94.5942153930664,115.27999877929688,12.0474853515625,20.751352310180664
2017-07-10,210.6501007080078,94.73301696777344,115.47000122070312,12.098213195800781,20.75970458984375
2017-07-11,210.49371337890625,94.89486694335938,115.62000274658203,12.216571807861328,20.684518814086914
2017-07-12,212.07550048828125,95.55003356933594,116.02999877929688,12.157393455505371,20.684518814086914
2017-07-13,212.43185424804688,94.94883728027344,115.81999969482422,12.148937225341797,20.692873001098633
2017-07-14,213.42271423339844,95.06443786621094,116.7699966430664,12.284208297729492,20.567562103271484
2017-07-17,213.39659118652344,95.32649993896484,117.29000091552734,12.241936683654785,20.567562103271484
2017-07-18,213.5095977783203,96.15904998779297,118.11000061035156,12.292662620544434,20.45895767211914
2017-07-19,214.66554260253906,96.19755554199219,118.08000183105469,12.402569770812988,20.509084701538086
2017-07-20,214.7611083984375,96.47509002685547,118.23999786376953,12.385660171508789,20.383773803710938
2017-07-21,214.5699005126953,96.8835678100586,119.26000213623047,12.216571807861328,20.316944122314453
2017-07-24,214.51773071289062,96.50588989257812,119.30999755859375,12.241936683654785,20.325294494628906
2017-07-25,215.03921508789062,95.24942779541016,118.91999816894531,12.377205848693848,20.358713150024414
2017-07-26,215.04794311523438,95.40362548828125,119.87999725341797,12.495567321777344,20.241756439208984
2017-07-27,214.84799194335938,94.93342590332031,119.79000091552734,12.571657180786133,20.316944122314453
2017-07-28,214.595947265625,95.49612426757812,120.69000244140625,12.639291763305664,20.191635131835938
2017-07-31,214.47434997558594,95.61170196533203,120.75,12.715380668640137,20.10809326171875
2017-08-01,214.95233154296875,96.28302001953125,120.6500015258789,12.571657180786133,20.141508102416992
2017-08-02,215.05662536621094,96.33710479736328,120.4000015258789,12.597021102905273,20.116445541381836
2017-08-03,214.63943481445312,97.3336181640625,120.58999633789062,12.504020690917969,20.066322326660156
2017-08-04,215.0305633544922,96.50702667236328,119.6500015258789,12.52938461303711,20.241756439208984
2017-08-07,215.4303436279297,96.61521911621094,119.51000213623047,12.554747581481934,20.233402252197266
2017-08-08,214.90016174316406,96.26758575439453,119.86000061035156,12.563202857971191,20.26681900024414
2017-08-09,214.89151000976562,96.79286193847656,121.30999755859375,12.647747993469238,20.250112533569336
2017-08-10,211.8582305908203,97.61943054199219,122.20999908447266,12.453295707702637,20.216693878173828
2017-08-11,212.1710968017578,97.66573333740234,122.79000091552734,12.495567321777344,20.141508102416992
2017-08-14,214.27439880371094,97.16366577148438,121.91999816894531,12.385660171508789,20.225048065185547
2017-08-15,214.24835205078125,96.75425720214844,120.9800033569336,12.3264799118042,20.316944122314453
2017-08-16,214.62208557128906,97.1096420288086,121.87000274658203,12.292662620544434,20.250112533569336
2017-08-17,211.2759246826172,97.83573913574219,122.48999786376953,12.3264799118042,20.291881561279297
2017-08-18,210.94566345214844,97.81250762939453,122.30000305175781,12.546293258666992,20.225048065185547
2017-08-21,211.1107635498047,98.05203247070312,122.76000213623047,12.39411449432373,20.166568756103516
2017-08-22,213.318359375,97.67356872558594,122.20999908447266,12.427932739257812,20.250112533569336
2017-08-23,212.55352783203125,98.33784484863281,122.66999816894531,12.53783893585205,20.166568756103516
2017-08-24,212.05807495117188,97.97473907470703,122.29000091552734,12.52938461303711,20.208341598510742
2017-08-25,212.55352783203125,98.35328674316406,122.73999786376953,12.504020690917969,20.041261672973633
2017-08-28,212.56227111816406,98.29148864746094,124.69000244140625,12.512475967407227,19.9827823638916
2017-08-29,212.80557250976562,98.60819244384766,124.41999816894531,12.512475967407227,20.007844924926758
2017-08-30,213.81373596191406,98.57731628417969,124.36000061035156,12.419479370117188,20.13315773010254
2017-08-31,215.10006713867188,98.87086486816406,125.81999969482422,12.766108512878418,20.074676513671875
2017-09-01,215.40423583984375,98.1146011352539,126.05999755859375,12.783016204833984,20.116445541381836
2017-09-05,213.857177734375,99.67045593261719,127.45999908447266,12.808380126953125,20.007844924926758
2017-09-06,214.5872802734375,99.05896759033203,126.80999755859375,12.935195922851562,19.99113655090332
2017-09-07,214.56117248535156,100.0730209350586,128.1300048828125,12.926740646362305,19.849119186401367
2017-09-08,214.3091278076172,99.85628509521484,127.97000122070312,12.783016204833984,19.798995971679688
2017-09-11,216.594970703125,98.66419219970703,126.19000244140625,12.808380126953125,19.932659149169922
2017-09-12,217.32501220703125,98.14555358886719,126.55999755859375,12.842196464538574,19.924304962158203
2017-09-13,217.4293212890625,97.7585220336914,125.61000061035156,12.90137767791748,20.041261672973633
2017-09-14,217.35977172851562,98.16101837158203,126.16000366210938,12.909832954406738,19.9827823638916
2017-09-15,217.6523895263672,98.19969940185547,125.52999877929688,12.969012260437012,19.915950775146484
2017-09-18,218.1153564453125,97.6346664428711,124.36000061035156,12.952103614807129,19.966073989868164
2017-09-19,218.33370971679688,97.39470672607422,124.62000274658203,12.926740646362305,19.907596588134766
2017-09-20,218.4122772216797,97.46434020996094,123.62000274658203,13.03664779663086,20.066322326660156
2017-09-21,217.82711791992188,97.41018676757812,122.68000030517578,12.985922813415527,20.007844924926758
2017-09-22,217.8707733154297,97.6888427734375,123.23999786376953,13.03664779663086,19.99113655090332
2017-09-25,217.42532348632812,98.30038452148438,124.52999877929688,13.256461143493652,20.10809326171875
2017-09-26,217.55633544921875,98.12235260009766,123.13999938964844,13.138100624084473,20.174924850463867
2017-09-27,218.40354919433594,96.6438217163086,121.9800033569336,13.087373733520508,20.275171279907227
2017-09-28,218.66561889648438,96.3574447631836,122.20999908447266,13.087373733520508,20.216693878173828
2017-09-29,219.4342041015625,96.57415008544922,121.58000183105469,13.019739151000977,20.199987411499023
2017-10-02,220.3863067626953,96.3973159790039,120.7699966430664,12.909832954406738,20.316944122314453
2017-10-03,220.85792541503906,96.49038696289062,120.83000183105469,12.918286323547363,20.3085880279541
2017-10-04,221.11997985839844,96.49816131591797,121.16999816894531,12.935195922851562,20.283527374267578
2017-10-05,222.4300994873047,96.13359832763672,120.5199966430664,13.078919410705566,20.392126083374023
2017-10-06,222.17681884765625,95.86212921142578,121.08999633789062,12.87601375579834,20.358713150024414
2017-10-09,221.81004333496094,96.16464233398438,122.08000183105469,12.884469032287598,20.325294494628906
2017-10-10,222.39520263671875,96.31975555419922,122.4000015258789,13.03664779663086,20.216693878173828
2017-10-11,222.74453735351562,96.50589752197266,122.79000091552734,13.06201171875,20.158214569091797
2017-10-12,222.41265869140625,96.91700744628906,122.88999938964844,13.0451021194458,20.199987411499023
2017-10-13,222.68344116210938,97.61510467529297,123.81999969482422,13.171917915344238,20.199987411499023
2017-10-16,222.98036193847656,97.54523468017578,122.97000122070312,13.205735206604004,20.250112533569336
2017-10-17,223.13755798339844,97.66936492919922,122.12999725341797,13.188826560974121,20.300233840942383
2017-10-18,223.35597229003906,97.02555847167969,121.66999816894531,13.180371284484863,20.275171279907227
2017-10-19,223.4171142578125,97.19622802734375,122.38999938964844,13.12119197845459,20.225048065185547
2017-10-20,224.57005310058594,96.16464233398438,121.61000061035156,13.188826560974121,20.342004776000977
2017-10-23,223.69659423828125,96.33527374267578,121.80000305175781,13.188826560974121,20.3670654296875
2017-10-24,224.08966064453125,95.73802185058594,121.33000183105469,13.3240966796875,20.400480270385742
2017-10-25,222.98036193847656,95.28038787841797,121.3499984741211,13.341005325317383,20.350358963012695
2017-10-26,223.2686309814453,94.9623794555664,120.33000183105469,13.400187492370605,20.567562103271484
2017-10-27,225.0941162109375,95.59064483642578,120.9000015258789,13.46782112121582,20.617687225341797
2017-10-30,224.2556610107422,96.50589752197266,121.12999725341797,13.501638412475586,20.517436981201172
2017-10-31,224.60501098632812,96.53694152832031,120.66999816894531,13.535455703735352,20.534147262573242
2017-11-01,224.90194702148438,96.9668197631836,121.11000061035156,13.543910026550293,20.57591438293457
2017-11-02,224.98928833007812,97.394287109375,121.19000244140625,13.62845516204834,20.57591438293457
2017-11-03,225.74044799804688,97.6585464477539,120.62000274658203,13.712997436523438,20.626041412353516
2017-11-06,226.0898895263672,98.02389526367188,121.6500015258789,13.97508430480957,20.57591438293457
2017-11-07,225.93258666992188,98.43583679199219,121.20999908447266,13.890541076660156,20.609333038330078
2017-11-08,226.31692504882812,98.21820831298828,121.62999725341797,13.865177154541016,20.600976943969727
2017-11-09,225.49591064453125,97.93840026855469,122.12999725341797,13.890541076660156,20.517436981201172
2017-11-10,225.42599487304688,96.4615707397461,121.12999725341797,13.865177154541016,20.500730514526367
2017-11-13,225.63565063476562,96.66361236572266,121.30999755859375,13.822904586791992,20.517436981201172
2017-11-14,225.11160278320312,97.31653594970703,121.55999755859375,13.636908531188965,20.37541961669922
2017-11-15,223.98484802246094,98.37367248535156,121.41000366210938,13.619999885559082,20.3670654296875
2017-11-16,225.888916015625,97.51861572265625,121.4000015258789,13.577728271484375,20.392126083374023
2017-11-17,225.22509765625,98.2415542602539,122.86000061035156,13.797542572021484,20.333648681640625
2017-11-20,225.60943603515625,98.20269012451172,121.30999755859375,13.68763542175293,20.43389892578125
2017-11-21,227.0855712890625,98.51358032226562,121.51000213623047,13.780631065368652,20.408836364746094
2017-11-22,226.88465881347656,98.8322982788086,122.62999725341797,13.856720924377441,20.250112533569336
2017-11-24,227.4087371826172,98.56021118164062,122.31999969482422,13.898995399475098,20.158214569091797
2017-11-27,227.295166015625,98.42030334472656,122.83000183105469,13.873631477355957,20.18328094482422
2017-11-28,229.60104370117188,98.55243682861328,122.80999755859375,13.814449310302734,20.26681900024414
2017-11-29,229.46127319335938,97.58085632324219,122.04000091552734,13.721452713012695,20.258466720581055
2017-11-30,231.4702911376953,97.2544174194336,121.0999984741211,13.662271499633789,20.208341598510742
2017-12-01,230.98983764648438,98.56680297851562,121.58999633789062,13.780631065368652,20.191635131835938
2017-12-04,230.7104034423828,98.61354064941406,121.18000030517578,13.61154556274414,20.258466720581055
2017-12-05,229.88063049316406,99.104248046875,120.31999969482422,13.61154556274414,20.291881561279297
2017-12-06,229.9241943359375,99.4468765258789,120.06999969482422,13.383277893066406,20.342004776000977
2017-12-07,230.64920043945312,98.66803741455078,118.48999786376953,13.425548553466797,20.383773803710938
2017-12-08,231.90695190429688,98.67584228515625,118.4800033569336,13.493183135986328,20.417190551757812
2017-12-11,232.60568237304688,98.47333526611328,118.01000213623047,13.527000427246094,20.417190551757812
2017-12-12,233.0161895751953,98.43437194824219,118.1500015258789,13.408641815185547,20.450603485107422
2017-12-13,232.98997497558594,99.1742935180664,119.16999816894531,13.349459648132324,20.3085880279541
2017-12-14,232.0379638671875,99.5948715209961,118.93000030517578,13.391732215881348,20.325294494628906
2017-12-15,233.97018432617188,99.9687728881836,119.18000030517578,13.391732215881348,20.408836364746094
2017-12-18,235.45387268066406,99.05748748779297,119.7300033569336,13.450912475585938,20.377897262573242
2017-12-19,234.54969787597656,97.77235412597656,119.81999969482422,13.552366256713867,20.31936264038086
2017-12-20,234.42674255371094,96.68968963623047,120.13999938964844,13.62845516204834,20.294279098510742
2017-12-21,234.9095916748047,97.25321960449219,120.30999755859375,13.636908531188965,20.285917282104492
2017-12-22,234.8481903076172,97.38587951660156,120.94000244140625,13.696089744567871,20.294279098510742
2017-12-26,234.56724548339844,97.67473602294922,121.7699966430664,13.898995399475098,20.277557373046875
2017-12-27,234.68128967285156,98.94698333740234,122.2300033569336,13.93281078338623,20.23574447631836
2017-12-28,235.16415405273438,98.86109161376953,122.8499984741211,14.000445365905762,20.177209854125977
2017-12-29,234.27748107910156,99.01721954345703,123.6500015258789,14.042720794677734,20.09359359741211
2018-01-02,235.9542694091797,97.94788360595703,125.1500015258789,14.110353469848633,20.009973526000977
2018-01-03,237.4467010498047,98.41620635986328,124.81999969482422,14.19489860534668,20.08523178100586
2018-01-04,238.44757080078125,98.40056610107422,125.45999908447266,14.177988052368164,20.018335342407227
2018-01-05,240.0365447998047,98.11956787109375,125.33000183105469,14.127263069152832,20.035058975219727
2018-01-08,240.4755096435547,98.05716705322266,125.30999755859375,14.11880874633789,20.12704086303711
2018-01-09,241.01986694335938,96.74588775634766,124.7300033569336,14.21180534362793,20.16884994506836
2018-01-10,240.651123046875,96.62883758544922,125.02999877929688,14.262533187866211,20.118677139282227
2018-01-11,242.4069366455078,97.02684783935547,125.44000244140625,14.25407886505127,20.035058975219727
2018-01-12,243.98712158203125,97.1907730102539,126.95999908447266,14.347074508666992,19.826013565063477
2018-01-16,243.1531219482422,97.59663391113281,127.16999816894531,14.279439926147461,19.71730613708496
2018-01-17,245.4707489013672,97.46398162841797,126.13999938964844,14.296350479125977,19.767480850219727
2018-01-18,245.05816650390625,96.55859375,125.86000061035156,14.296350479125977,19.742393493652344
2018-01-19,246.173095703125,96.05121612548828,126.41999816894531,14.270987510681152,19.775842666625977
2018-01-22,248.17471313476562,96.1448974609375,126.6500015258789,14.304804801940918,19.70894432067871
2018-01-23,248.70147705078125,96.55859375,127.27999877929688,14.406257629394531,19.658777236938477
2018-01-24,248.60491943359375,96.03557586669922,128.8300018310547,14.55843448638916,19.466453552246094
2018-01-25,248.71026611328125,96.82395935058594,127.97000122070312,14.473893165588379,19.49153709411621
2018-01-26,251.5897216796875,96.46489715576172,128.07000732421875,14.5837984085083,19.449729919433594
2018-01-29,249.9216766357422,95.79364776611328,127.3499984741211,14.541525840759277,19.499900817871094
2018-01-30,247.35833740234375,95.23169708251953,126.80000305175781,14.44007396697998,19.466453552246094
2018-01-31,247.48117065429688,95.79364776611328,127.6500015258789,14.456982612609863,19.44136619567871
2018-02-01,247.2003173828125,94.40532684326172,128.07000732421875,14.6007080078125,19.341022491455078
2018-02-02,241.81866455078125,93.52934265136719,126.38999938964844,14.363984107971191,19.45808982849121
2018-02-05,231.7052459716797,94.41317749023438,126.70999908447266,14.228714942932129,19.541709899902344
2018-02-06,236.27040100097656,93.82658386230469,125.37999725341797,14.144170761108398,19.583518981933594
2018-02-07,234.98858642578125,92.93490600585938,124.79000091552734,13.983538627624512,19.734031677246094
2018-02-08,226.1744384765625,92.83323669433594,124.9800033569336,13.839813232421875,19.734031677246094
2018-02-09,229.57196044921875,92.24659729003906,124.7699966430664,13.636908531188965,19.750757217407227
2018-02-12,232.94313049316406,92.65335083007812,125.37000274658203,13.721452713012695,19.683860778808594
2018-02-13,233.52252197265625,93.06785583496094,126.08000183105469,13.746816635131836,19.575157165527344
2018-02-14,236.67416381835938,92.03543090820312,128.22999572753906,13.958174705505371,19.42464256286621
2018-02-15,239.69422912597656,92.34831237792969,128.3800048828125,13.983538627624512,19.341022491455078
2018-02-16,239.76438903808594,92.84886169433594,127.95999908447266,14.008899688720703,19.474815368652344
2018-02-20,238.26324462890625,92.44212341308594,126.23999786376953,14.05117416381836,19.600242614746094
2018-02-21,237.07798767089844,91.30806732177734,125.66000366210938,14.034263610839844,19.675500869750977
2018-02-22,237.38523864746094,91.58180236816406,126.30000305175781,14.161078453063965,19.60860252380371
2018-02-23,241.16908264160156,92.39517211914062,126.13999938964844,14.25407886505127,19.650415420532227
2018-02-26,243.9695587158203,92.42649841308594,126.44999694824219,14.330167770385742,19.625328063964844
2018-02-27,240.9231719970703,92.29354858398438,125.12999725341797,14.186442375183105,19.750757217407227
2018-02-28,238.48263549804688,92.88017272949219,125.0,14.034263610839844,19.80929183959961
2018-03-01,235.01499938964844,93.51420593261719,124.72000122070312,14.059626579284668,19.742393493652344
2018-03-02,236.22640991210938,92.75395202636719,125.38999938964844,14.059626579284668,19.658777236938477
2018-03-05,238.95669555664062,92.5031967163086,125.18000030517578,14.144170761108398,19.658777236938477
2018-03-06,239.5625457763672,92.58940887451172,126.52999877929688,14.19489860534668,19.60860252380371
2018-03-07,239.4746856689453,92.48751831054688,125.72000122070312,14.042720794677734,19.59187889099121
2018-03-08,240.63356018066406,93.02045440673828,125.41999816894531,13.958174705505371,19.71730613708496
2018-03-09,244.8212890625,92.40914154052734,125.54000091552734,14.093446731567383,19.692222595214844
2018-03-12,244.5138702392578,92.94207000732422,125.54000091552734,14.068081855773926,19.667139053344727
2018-03-13,242.93368530273438,93.41230773925781,125.77999877929688,14.025809288024902,19.616966247558594
2018-03-14,241.68698120117188,94.23517608642578,125.69999694824219,14.025809288024902,19.625328063964844
2018-03-15,241.4236602783203,94.23517608642578,124.9000015258789,14.017355918884277,19.700584411621094
2018-03-16,241.68548583984375,93.89823913574219,124.5999984741211,14.068081855773926,19.750757217407227
2018-03-19,238.4153289794922,93.60037231445312,124.87000274658203,13.97508430480957,19.667139053344727
2018-03-20,238.8207550048828,93.22420501708984,124.30999755859375,14.068081855773926,19.784204483032227
2018-03-21,238.36244201660156,93.32606506347656,126.4800033569336,14.3217134475708,19.625328063964844
2018-03-22,232.40406799316406,94.25089263916016,125.9800033569336,14.21180534362793,19.650415420532227
2018-03-23,227.45045471191406,94.18035125732422,127.61000061035156,14.338619232177734,19.583518981933594
2018-03-26,233.6732635498047,93.81985473632812,128.27999877929688,14.347074508666992,19.49153709411621
2018-03-27,229.6981658935547,94.8230209350586,127.48999786376953,14.287895202636719,19.583518981933594
2018-03-28,229.0193634033203,95.07380676269531,125.7300033569336,14.228714942932129,19.759117126464844
2018-03-29,231.9457550048828,95.53620910644531,125.79000091552734,14.355528831481934,19.742393493652344
2018-04-02,226.93927001953125,95.7247085571289,127.26000213623047,14.161078453063965,19.734031677246094
2018-04-03,229.84791564941406,94.98640441894531,126.30000305175781,14.23716926574707,19.767480850219727
2018-04-04,232.30712890625,94.79009246826172,126.44999694824219,14.177988052368164,19.759117126464844
2018-04-05,234.14053344726562,94.08320617675781,125.80000305175781,14.245624542236328,19.834373474121094
2018-04-06,228.92250061035156,95.11209106445312,126.38999938964844,14.144170761108398,19.759117126464844
2018-04-09,230.05064392089844,95.26920318603516,126.81999969482422,14.3217134475708,19.70894432067871
2018-04-10,233.70848083496094,95.09637451171875,127.12000274658203,14.566889762878418,19.658777236938477
2018-04-11,232.48336791992188,95.4341049194336,128.11000061035156,14.676797866821289,19.642053604125977
2018-04-12,234.39602661132812,94.73506927490234,126.62000274658203,14.617618560791016,19.683860778808594
2018-04-13,233.70848083496094,94.95501708984375,127.44999694824219,14.626070022583008,19.683860778808594
2018-04-16,235.63006591796875,94.98640441894531,127.62999725341797,14.575343132019043,19.616966247558594
2018-04-17,238.1509552001953,95.24559020996094,127.75,14.5837984085083,19.616966247558594
2018-04-18,238.32725524902344,94.4837875366211,127.8499984741211,14.854338645935059,19.658777236938477
2018-04-19,237.0050506591797,93.71406555175781,127.5999984741211,14.795159339904785,19.71730613708496
2018-04-20,234.99546813964844,93.03864288330078,126.62999725341797,14.769794464111328,19.834373474121094
2018-04-23,234.96023559570312,93.06220245361328,125.62000274658203,14.76133918762207,19.95980453491211
2018-04-24,231.79588317871094,92.63806915283203,126.2300033569336,14.68525218963623,19.93471908569336
2018-04-25,232.36880493164062,92.01759338378906,125.41000366210938,14.710613250732422,20.018335342407227
2018-04-26,234.7310333251953,92.66165161132812,124.97000122070312,14.786703109741211,20.11031723022461
2018-04-27,234.95140075683594,93.37632751464844,125.5,14.778249740600586,20.09359359741211
2018-04-30,233.1444854736328,93.54132080078125,124.58999633789062,14.845885276794434,20.177209854125977
2018-05-01,233.55873107910156,93.20439147949219,123.70999908447266,14.76133918762207,20.311002731323242
2018-05-02,231.98980712890625,93.10203552246094,123.6500015258789,14.76133918762207,20.402982711791992
2018-05-03,231.47853088378906,93.51924896240234,124.27999877929688,14.854338645935059,20.31936264038086
2018-05-04,234.47540283203125,93.66092681884766,124.54000091552734,14.955792427062988,20.34444808959961
2018-05-07,235.26870727539062,93.51136779785156,124.56999969482422,14.94733715057373,20.38625717163086
2018-05-08,235.26870727539062,93.42477416992188,124.58999633789062,14.989607810974121,20.461515426635742
2018-05-09,237.542724609375,92.86593627929688,124.33000183105469,15.124878883361816,20.461515426635742
2018-05-10,239.76393127441406,93.6136703491211,125.18000030517578,15.200966835021973,20.369535446166992
2018-05-11,240.4955291748047,93.84982299804688,125.0,15.107970237731934,20.336088180541992
2018-05-14,240.61007690429688,93.35394287109375,124.48999786376953,15.217877388000488,20.36117172241211
2018-05-15,238.9530487060547,92.29131317138672,122.4800033569336,15.234785079956055,20.486602783203125
2018-05-16,239.95779418945312,91.93712615966797,122.29000091552734,15.319331169128418,20.536771774291992
2018-05-17,239.755126953125,91.47271728515625,122.36000061035156,15.336237907409668,20.561859130859375
2018-05-18,239.15577697753906,92.25981903076172,122.41000366210938,15.344693183898926,20.603666305541992
2018-05-21,240.953857421875,92.30701446533203,122.4800033569336,15.463054656982422,20.586942672729492
2018-05-22,240.28396606445312,92.16536712646484,122.41000366210938,15.479963302612305,20.578582763671875
2018-05-23,240.9450225830078,92.83440399169922,122.54000091552734,15.564505577087402,20.662200927734375
2018-05-24,240.45143127441406,93.57433319091797,123.58999633789062,15.463054656982422,20.637115478515625
2018-05-25,239.87852478027344,94.15681457519531,123.20999908447266,15.234785079956055,20.737457275390625
2018-05-29,237.11965942382812,96.21908569335938,123.19000244140625,15.091059684753418,20.879608154296875
2018-05-30,240.28396606445312,95.57364654541016,123.37000274658203,15.285510063171387,20.720733642578125
2018-05-31,238.81199645996094,95.41627502441406,123.0999984741211,15.243242263793945,20.704010009765625
2018-06-01,241.15655517578125,94.91209411621094,122.48999786376953,15.141785621643066,20.737457275390625
2018-06-04,242.3023681640625,94.2256851196289,122.37000274658203,14.964245796203613,20.720733642578125
2018-06-05,242.47869873046875,94.44657897949219,122.8499984741211,14.989607810974121,20.695646286010742
2018-06-06,244.50596618652344,93.68131256103516,122.91999816894531,15.040334701538086,20.637115478515625
2018-06-07,244.47952270507812,94.58861541748047,122.86000061035156,15.099515914916992,20.595304489135742
2018-06-08,245.2022705078125,94.30459594726562,123.01000213623047,15.091059684753418,20.603666305541992
2018-06-11,245.52841186523438,94.13101196289062,123.2300033569336,15.082606315612793,20.620389938354492
2018-06-12,245.84571838378906,94.1546401977539,122.81999969482422,15.074151992797852,20.662200927734375
2018-06-13,245.06126403808594,94.10735321044922,123.19000244140625,15.133333206176758,20.628755569458008
2018-06-14,245.67825317382812,94.88837432861328,123.37999725341797,14.964245796203613,20.896331787109375
2018-06-15,245.36483764648438,94.97516632080078,121.33999633789062,14.6007080078125,20.879608154296875
2018-06-18,244.8601837158203,94.88837432861328,121.11000061035156,14.727523803710938,20.879608154296875
2018-06-19,243.92166137695312,95.440673828125,120.80000305175781,14.575343132019043,20.93814468383789
2018-06-20,244.3378143310547,94.60441589355469,120.26000213623047,14.55843448638916,20.95486831665039
2018-06-21,242.80613708496094,95.10140991210938,120.05000305175781,14.448529243469238,20.896331787109375
2018-06-22,243.24876403808594,95.09355163574219,120.33999633789062,14.735977172851562,20.821077346801758
2018-06-25,239.9374542236328,95.30658721923828,119.88999938964844,14.566889762878418,20.78763198852539
2018-06-26,240.46875,95.440673828125,119.26000213623047,14.710613250732422,20.896331787109375
2018-06-27,238.47666931152344,96.34009552001953,118.58000183105469,14.786703109741211,21.021760940551758
2018-06-28,239.84002685546875,96.36375427246094,118.22000122070312,14.778249740600586,21.021760940551758
2018-06-29,240.1853485107422,96.03240203857422,118.6500015258789,14.94733715057373,20.854524612426758
2018-07-02,240.69882202148438,95.95724487304688,117.45999908447266,14.63452434539795,20.95486831665039
2018-07-03,239.8489227294922,96.47126007080078,118.6500015258789,14.617618560791016,20.887969970703125
2018-07-05,241.8056182861328,96.74799346923828,119.05000305175781,14.702159881591797,20.821077346801758
2018-07-06,243.8508758544922,97.06431579589844,118.86000061035156,14.769794464111328,20.754179000854492
2018-07-09,246.04656982421875,96.43966674804688,119.1500015258789,14.845885276794434,20.762542724609375
2018-07-10,246.93185424804688,96.43171691894531,118.93000030517578,14.812067031860352,20.770904541015625
2018-07-11,245.12583923339844,96.80339813232422,117.63999938964844,14.296350479125977,20.91305923461914
2018-07-12,247.34808349609375,96.79545593261719,118.12999725341797,14.372440338134766,20.92978286743164
2018-07-13,247.54290771484375,97.04058074951172,117.61000061035156,14.39780330657959,20.904695510864258
2018-07-16,247.32144165039062,96.63733673095703,117.55000305175781,14.093446731567383,20.871244430541992
2018-07-17,248.32205200195312,96.45541381835938,116.27999877929688,14.110353469848633,20.963228225708008
2018-07-18,248.8443603515625,96.06795501708984,116.30999755859375,14.23716926574707,20.98831558227539
2018-07-19,247.90582275390625,96.67681884765625,115.80999755859375,14.220260620117188,21.03012466430664
2018-07-20,247.62258911132812,95.49072265625,116.55999755859375,14.3217134475708,20.862886428833008
2018-07-23,248.0829620361328,94.3125,116.0,14.372440338134766,20.896331787109375
2018-07-24,249.33131408691406,94.63674926757812,116.04000091552734,14.448529243469238,20.904695510864258
2018-07-25,251.4561767578125,94.48646545410156,116.68000030517578,14.642979621887207,20.80435562133789
2018-07-26,250.8629608154297,94.30461883544922,115.7699966430664,14.642979621887207,20.946504592895508
2018-07-27,249.16314697265625,94.46272277832031,115.83000183105469,14.5837984085083,20.92142105102539
2018-07-30,247.86170959472656,94.1385498046875,115.6500015258789,14.668344497680664,20.846160888671875
2018-07-31,249.08338928222656,94.65252685546875,115.98999786376953,14.5837984085083,20.887969970703125
2018-08-01,248.66732788085938,93.88141632080078,115.13999938964844,14.372440338134766,20.91305923461914
2018-08-02,250.02188110351562,94.01614379882812,114.5199966430664,14.456982612609863,21.03012466430664
2018-08-03,251.09335327148438,94.48375701904297,114.91999816894531,14.507708549499512,21.046846389770508
2018-08-06,252.0140838623047,94.53921508789062,114.33000183105469,14.533072471618652,21.08029556274414
2018-08-07,252.84640502929688,94.04786682128906,114.58999633789062,14.642979621887207,21.05521011352539
2018-08-08,252.7400665283203,94.14293670654297,114.91000366210938,14.465436935424805,21.03012466430664
2018-08-09,252.39471435546875,94.93547058105469,114.73999786376953,14.406257629394531,21.15555191040039
2018-08-10,250.70375061035156,95.62496948242188,114.69000244140625,14.406257629394531,21.306066513061523
2018-08-13,249.7652130126953,95.42679595947266,112.95999908447266,14.330167770385742,21.314430236816406
2018-08-14,251.3588409423828,95.21286010742188,113.06999969482422,14.355528831481934,21.39804458618164
2018-08-15,249.4818878173828,95.76761627197266,111.19000244140625,14.042720794677734,21.39804458618164
2018-08-16,251.5005340576172,95.75967407226562,111.0999984741211,14.15262508392334,21.381322860717773
2018-08-17,252.38583374023438,95.87859344482422,112.12999725341797,14.21180534362793,21.27261734008789
2018-08-20,252.92599487304688,96.52049255371094,112.69000244140625,14.23716926574707,21.222444534301758
2018-08-21,253.51910400390625,96.19556427001953,113.0199966430664,14.262533187866211,21.09701919555664
2018-08-22,253.36868286132812,96.57598876953125,113.2699966430664,14.465436935424805,21.03848648071289
2018-08-23,253.03216552734375,96.72654724121094,112.19999694824219,14.44007396697998,21.172273635864258
2018-08-24,254.55506896972656,96.91677856445312,114.16000366210938,14.549981117248535,21.07193374633789
2018-08-27,256.5648498535156,96.36199951171875,114.58999633789062,14.6007080078125,20.98831558227539
2018-08-28,256.6888427734375,95.78347778320312,113.68000030517578,14.541525840759277,20.98831558227539
2018-08-29,258.0699462890625,95.9102783203125,114.19999694824219,14.702159881591797,20.95486831665039
2018-08-30,257.025146484375,96.1163101196289,113.63999938964844,14.676797866821289,20.97159194946289
2018-08-31,257.0341491699219,95.89440155029297,113.51000213623047,14.693705558776855,21.06357192993164
2018-09-04,256.5914306640625,95.34001159667969,112.93000030517578,14.609162330627441,21.15555191040039
2018-09-05,255.90086364746094,95.08580780029297,113.31999969482422,14.549981117248535,21.08029556274414
2018-09-06,255.1305694580078,95.43531799316406,113.54000091552734,14.465436935424805,21.08029556274414
2018-09-07,254.634765625,94.62511444091797,113.2300033569336,14.499255180358887,21.13882827758789
2018-09-10,255.07742309570312,94.9745864868164,113.1500015258789,14.549981117248535,21.09701919555664
2018-09-11,255.91851806640625,94.25181579589844,113.22000122070312,14.693705558776855,21.11374282836914
2018-09-12,255.9805145263672,94.4742202758789,114.16999816894531,14.795159339904785,21.03848648071289
2018-09-13,257.4945983886719,94.6171875,113.76000213623047,14.63452434539795,20.97995376586914
2018-09-14,257.538818359375,94.1644287109375,113.0199966430664,14.541525840759277,21.05521011352539
2018-09-17,256.1753234863281,94.1644287109375,113.61000061035156,14.524618148803711,20.95486831665039
2018-09-18,257.5653991699219,93.17952728271484,113.44000244140625,14.65988826751709,20.98831558227539
2018-09-19,257.8398742675781,92.62348175048828,113.87999725341797,14.752885818481445,20.97995376586914
2018-09-20,259.9292297363281,93.05244445800781,114.2699966430664,14.752885818481445,20.829439163208008
2018-09-21,259.6917419433594,93.01270294189453,113.48999786376953,14.786703109741211,20.896331787109375
2018-09-24,258.8291931152344,92.77439880371094,113.47000122070312,15.006518363952637,20.896331787109375
2018-09-25,258.58892822265625,92.67911529541016,113.6500015258789,15.040334701538086,20.91305923461914
2018-09-26,257.8151550292969,93.33041381835938,113.05000305175781,14.972700119018555,20.92142105102539
2018-09-27,258.5355529785156,93.39396667480469,112.05000305175781,15.040334701538086,21.07193374633789
2018-09-28,258.5623474121094,93.14769744873047,112.76000213623047,15.192512512207031,21.12210464477539
2018-10-01,259.46063232421875,92.4638900756836,112.56999969482422,15.479963302612305,21.15555191040039
2018-10-02,259.30938720703125,93.02918243408203,113.87000274658203,15.530688285827637,21.18899917602539
2018-10-03,259.4517822265625,91.41307830810547,113.41999816894531,15.67441463470459,21.255895614624023
2018-10-04,257.42388916015625,90.76827239990234,113.4800033569336,15.505328178405762,21.26425552368164
2018-10-05,255.9832000732422,89.98811340332031,113.80000305175781,15.471510887145996,21.23917007446289
2018-10-08,255.9832000732422,89.68560791015625,112.54000091552734,15.42923641204834,21.26425552368164
2018-10-09,255.60952758789062,90.59309387207031,112.5999984741211,15.539140701293945,21.255895614624023
2018-10-10,247.51612854003906,90.34635162353516,112.87999725341797,15.234785079956055,21.23080825805664
2018-10-11,242.06427001953125,91.44493103027344,115.77999877929688,15.006518363952637,21.11374282836914
2018-10-12,245.4261474609375,91.12650299072266,115.2300033569336,15.124878883361816,21.18063735961914
2018-10-15,244.04754638671875,91.08670043945312,116.0,15.158696174621582,21.13046646118164
2018-10-16,249.3838653564453,91.29364776611328,115.80000305175781,15.226333618164062,21.13882827758789
2018-10-17,249.4282989501953,90.75235748291016,115.79000091552734,15.091059684753418,21.24753189086914
2018-10-18,245.82635498046875,90.7204818725586,115.91999816894531,14.92197322845459,21.33951187133789
2018-10-19,245.69293212890625,90.52145385742188,116.01000213623047,15.006518363952637,21.29770278930664
2018-10-22,244.59007263183594,90.40206909179688,115.70999908447266,15.02342700958252,21.37295913696289
2018-10-23,243.34486389160156,90.68860626220703,116.38999938964844,14.693705558776855,21.33951187133789
2018-10-24,235.97190856933594,91.37328338623047,116.66000366210938,14.592253684997559,21.44821548461914
2018-10-25,240.2053985595703,90.99115753173828,116.4000015258789,14.651434898376465,21.50674819946289
2018-10-26,235.9808349609375,91.54046630859375,116.7699966430664,14.76133918762207,21.44821548461914
2018-10-29,234.67333984375,91.33348846435547,116.30999755859375,14.609162330627441,21.50674819946289
2018-10-30,238.1508331298828,90.87969970703125,115.80000305175781,14.533072471618652,21.598730087280273
2018-10-31,240.69456481933594,90.41802215576172,115.1500015258789,14.338619232177734,21.590370178222656
2018-11-01,243.25596618652344,90.50177001953125,116.62999725341797,14.23716926574707,21.44821548461914
2018-11-02,241.8151397705078,89.37657928466797,116.6500015258789,14.203351020812988,21.498388290405273
2018-11-05,243.14926147460938,89.72774505615234,116.37000274658203,14.19489860534668,21.490028381347656
2018-11-06,244.68789672851562,89.67186737060547,116.04000091552734,14.135716438293457,21.439857482910156
2018-11-07,249.92636108398438,89.79155731201172,116.02999877929688,14.101899147033691,21.39804458618164
2018-11-08,249.4727783203125,89.78356170654297,115.77999877929688,14.017355918884277,21.52347183227539
2018-11-09,247.0358123779297,90.45388793945312,114.4800033569336,13.865177154541016,21.565284729003906
2018-11-12,242.419921875,91.04444122314453,113.66000366210938,13.831358909606934,21.757606506347656
2018-11-13,241.96636962890625,90.98855590820312,113.69999694824219,13.450912475585938,21.682350158691406
2018-11-14,240.3120880126953,91.04444122314453,114.63999938964844,13.569272994995117,21.607093811035156
2018-11-15,242.8201904296875,91.00453186035156,114.7699966430664,13.543910026550293,21.657264709472656
2018-11-16,243.45162963867188,91.53121948242188,115.62000274658203,13.62845516204834,21.498388290405273
2018-11-19,239.3338165283203,91.78654479980469,115.66999816894531,13.62845516204834,21.481666564941406
2018-11-20,234.9046173095703,91.81849670410156,115.66999816894531,13.214189529418945,21.590370178222656
2018-11-21,235.70506286621094,91.78654479980469,115.86000061035156,13.3240966796875,21.590370178222656
2018-11-23,234.130859375,91.88231658935547,115.7699966430664,12.935195922851562,21.63218116760254
2018-11-26,237.9108428955078,91.67487335205078,115.63999938964844,12.994375228881836,21.673988342285156
2018-11-27,238.71121215820312,91.7785873413086,114.94999694824219,12.943650245666504,21.732521057128906
2018-11-28,244.20761108398438,91.33171844482422,115.37999725341797,12.90137767791748,21.623815536499023
2018-11-29,243.6739959716797,91.6907958984375,115.73999786376953,12.985922813415527,21.590370178222656
2018-11-30,245.1592254638672,92.03394317626953,115.54000091552734,12.926740646362305,21.673988342285156
2018-12-03,248.40548706054688,92.68742370605469,116.41000366210938,13.22264575958252,21.682350158691406
2018-12-04,240.35662841796875,94.23914337158203,117.12000274658203,13.231098175048828,21.640541076660156
2018-12-06,239.99191284179688,94.53511810302734,117.13999938964844,13.12119197845459,21.63218116760254
2018-12-07,234.41549682617188,94.7110595703125,118.08999633789062,13.273370742797852,21.573644638061523
2018-12-10,234.8601837158203,95.1030044555664,117.68000030517578,13.06201171875,21.715797424316406
2018-12-11,234.91354370117188,95.08702087402344,117.54000091552734,13.138100624084473,21.77433204650879
2018-12-12,236.0963897705078,94.66304779052734,117.79000091552734,13.095829010009766,21.69071388244629
2018-12-13,236.01632690429688,94.4391098022461,117.52999877929688,13.264915466308594,21.69071388244629
2018-12-14,231.65838623046875,94.7670669555664,117.05999755859375,13.06201171875,21.77433204650879
2018-12-17,227.11366271972656,95.31895446777344,117.87000274658203,12.909832954406738,21.715797424316406
2018-12-18,226.86459350585938,95.88983154296875,118.1500015258789,12.639291763305664,21.707435607910156
2018-12-19,223.46713256835938,97.15658569335938,117.43000030517578,12.690017700195312,21.715797424316406
2018-12-20,219.82957458496094,96.80382537841797,119.23999786376953,12.571657180786133,21.548561096191406
2018-12-21,215.3253173828125,96.78777313232422,118.72000122070312,12.461750030517578,21.69071388244629
2018-12-24,209.6357879638672,97.26880645751953,120.0199966430664,12.323867797851562,21.5943603515625
2018-12-26,220.22763061523438,96.2265396118164,119.66000366210938,12.597921371459961,21.704235076904297
2018-12-27,221.91839599609375,96.24260711669922,120.56999969482422,12.478021621704102,21.611265182495117
2018-12-28,221.6321258544922,97.05236053466797,121.05999755859375,12.375250816345215,21.55210304260254
2018-12-31,223.5733642578125,97.42118072509766,121.25,12.40950870513916,21.509843826293945
2019-01-02,223.8059844970703,97.934326171875,121.33000183105469,12.443765640258789,21.670429229736328
2019-01-03,218.46533203125,99.04873657226562,122.43000030517578,12.54653549194336,21.55210304260254
2019-01-04,225.782958984375,97.90218353271484,121.44000244140625,12.717819213867188,21.518295288085938
2019-01-07,227.56321716308594,97.61360931396484,121.86000061035156,12.812026977539062,21.425325393676758
2019-01-08,229.70123291015625,97.35702514648438,121.52999877929688,12.940488815307617,21.492942810058594
2019-01-09,230.77476501464844,97.20466613769531,122.30999755859375,13.19741439819336,21.290096282958984
2019-01-10,231.58880615234375,96.57929992675781,121.58999633789062,13.163156509399414,21.416873931884766
2019-01-11,231.67828369140625,96.95610809326172,121.80000305175781,13.120336532592773,21.433778762817383
2019-01-14,230.2648162841797,96.5953598022461,122.08999633789062,13.009001731872559,21.433778762817383
2019-01-15,232.9038543701172,96.24260711669922,121.87999725341797,13.111772537231445,21.509843826293945
2019-01-16,233.4674530029297,96.33880615234375,122.2699966430664,13.180286407470703,21.535198211669922
2019-01-17,235.2386474609375,96.36284637451172,122.11000061035156,13.188850402832031,21.535198211669922
2019-01-18,238.36976623535156,95.85774993896484,121.0199966430664,13.32587718963623,21.602813720703125
2019-01-22,235.14923095703125,96.50717163085938,121.44999694824219,13.231671333312988,21.602813720703125
2019-01-23,235.6412353515625,96.46710205078125,121.27999877929688,13.214542388916016,21.55210304260254
2019-01-24,235.76649475097656,97.10041046142578,121.08999633789062,13.248799324035645,21.678878784179688
2019-01-25,237.76136779785156,96.63546752929688,122.86000061035156,13.317313194274902,21.501392364501953
2019-01-28,235.95436096191406,96.5392074584961,123.29000091552734,13.13746452331543,21.518295288085938
2019-01-29,235.6412353515625,97.0282974243164,123.9800033569336,13.265928268432617,21.52674674987793
2019-01-30,239.37168884277344,96.95610809326172,124.69000244140625,13.36013412475586,21.416873931884766
2019-01-31,241.473876953125,97.78997039794922,124.75,13.291621208190918,21.459131240844727
2019-02-01,241.5901641845703,97.19934844970703,124.5,13.411519050598145,21.459131240844727
2019-02-04,243.2899169921875,96.76541900634766,123.95999908447266,13.420083045959473,21.518295288085938
2019-02-05,244.3097686767578,97.2073745727539,124.27999877929688,13.36013412475586,21.577457427978516
2019-02-06,243.9876251220703,97.25557708740234,123.44000244140625,13.377262115478516,21.661975860595703
2019-02-07,241.66183471679688,97.89848327636719,123.73999786376953,13.248799324035645,21.71268653869629
2019-02-08,241.9569854736328,98.31631469726562,124.20999908447266,13.265928268432617,21.738040924072266
2019-02-11,242.0911407470703,97.93061065673828,123.5999984741211,13.188850402832031,21.822561264038086
2019-02-12,245.2042694091797,97.68146514892578,123.86000061035156,13.265928268432617,21.746492385864258
2019-02-13,246.00054931640625,97.31184387207031,123.37000274658203,13.343005180358887,21.86482048034668
2019-02-14,245.4547882080078,97.8663330078125,124.05999755859375,13.377262115478516,21.83946418762207
2019-02-15,248.12962341308594,98.01898193359375,124.80000305175781,13.62562370300293,21.79720687866211
2019-02-19,248.5590362548828,98.26811981201172,126.69999694824219,13.659880638122559,21.71268653869629
2019-02-20,249.0599822998047,97.98686218261719,126.4800033569336,13.7027006149292,21.729589462280273
2019-02-21,248.17434692382812,97.11097717285156,125.05000305175781,13.745521545410156,21.746492385864258
2019-02-22,249.71307373046875,97.68950653076172,125.5,13.779778480529785,21.738040924072266
2019-02-25,250.05291748046875,97.40021514892578,125.37000274658203,13.574239730834961,21.721139907836914
2019-02-26,249.87393188476562,97.88235473632812,125.58000183105469,13.634187698364258,21.636621475219727
2019-02-27,249.76666259765625,96.77346801757812,124.69000244140625,13.7027006149292,21.653526306152344
2019-02-28,249.3014373779297,96.44398498535156,123.98999786376953,13.66844367980957,21.670429229736328
2019-03-01,250.85804748535156,95.55252838134766,121.87999725341797,13.514288902282715,21.75494384765625
2019-03-04,249.94561767578125,96.30145263671875,121.55999755859375,13.557110786437988,21.780303955078125
2019-03-05,249.60557556152344,96.50276947021484,121.72000122070312,13.62562370300293,21.83946418762207
2019-03-06,248.09381103515625,96.85711669921875,121.61000061035156,13.548545837402344,21.83946418762207
2019-03-07,246.0183868408203,97.48521423339844,121.51000213623047,13.514288902282715,22.033855438232422
2019-03-08,245.52633666992188,97.8958740234375,122.83999633789062,13.505724906921387,21.966243743896484
2019-03-11,249.0867462158203,97.60600280761719,122.23999786376953,13.522852897644043,21.915531158447266
2019-03-12,250.0260772705078,98.29048919677734,122.9800033569336,13.608495712280273,21.87327003479004
2019-03-13,251.68106079101562,98.10523223876953,123.83999633789062,13.694136619567871,21.771848678588867
2019-03-14,251.5200958251953,97.39659881591797,122.41000366210938,13.634187698364258,21.83946418762207
2019-03-15,252.7627410888672,98.04083251953125,122.97000122070312,13.634187698364258,21.80565643310547
2019-03-18,253.67916870117188,97.98442840576172,123.04000091552734,13.7027006149292,21.780303955078125
2019-03-19,253.74205017089844,97.76704406738281,123.37999725341797,13.736959457397461,21.75494384765625
2019-03-20,252.97830200195312,98.78972625732422,124.18000030517578,13.839728355407715,21.6281681060791
2019-03-21,255.83566284179688,99.00717163085938,123.68000030517578,13.771214485168457,21.763397216796875
2019-03-22,250.91175842285156,100.54521179199219,123.97000122070312,13.65131664276123,21.80565643310547
2019-03-25,250.72314453125,100.70623779296875,124.91999816894531,13.7027006149292,21.80565643310547
2019-03-26,252.5919647216797,100.63375854492188,124.30000305175781,13.728395462036133,21.87327003479004
2019-03-27,251.2711181640625,101.55984497070312,123.6500015258789,13.65131664276123,21.89862823486328
2019-03-28,252.2235870361328,101.91413879394531,121.9000015258789,13.608495712280273,21.97469139099121
2019-03-29,253.81394958496094,101.81752014160156,122.01000213623047,13.617058753967285,22.000051498413086
2019-04-01,256.8240051269531,100.3713150024414,121.52999877929688,13.745521545410156,21.98314666748047
2019-04-02,256.9498291015625,100.55694580078125,121.9800033569336,13.779778480529785,22.008501052856445
2019-04-03,257.3541564941406,99.68534851074219,121.80000305175781,13.796907424926758,21.97469139099121
2019-04-04,258.0369873046875,99.96781158447266,122.11000061035156,13.805472373962402,22.000051498413086
2019-04-05,259.2859191894531,100.0969009399414,121.9800033569336,13.848291397094727,22.02540397644043
2019-04-08,259.48358154296875,99.74183654785156,122.51000213623047,13.899678230285645,21.949338912963867
2019-04-09,258.1538391113281,100.05658721923828,123.1500015258789,13.873985290527344,21.95779037475586
2019-04-10,259.03436279296875,100.29867553710938,123.52999877929688,13.993882179260254,21.923980712890625
2019-04-11,258.9624938964844,99.70953369140625,121.94999694824219,13.925371170043945,21.991596221923828
2019-04-12,260.714599609375,98.99932861328125,121.83000183105469,13.96819019317627,21.940885543823242
2019-04-15,260.54388427734375,99.2495346069336,121.5999984741211,13.942499160766602,21.93243408203125
2019-04-16,260.714599609375,98.62808990478516,120.51000213623047,13.89111328125,21.98314666748047
2019-04-17,260.07672119140625,98.6684341430664,120.27999877929688,13.839728355407715,21.966243743896484
2019-04-18,260.58880615234375,99.18495178222656,120.37000274658203,13.882548332214355,22.084566116333008
2019-04-22,260.81341552734375,98.70880126953125,120.37000274658203,13.951065063476562,22.033855438232422
2019-04-23,263.1585388183594,98.91865539550781,120.12000274658203,13.96819019317627,22.109922409057617
2019-04-24,262.574462890625,99.72571563720703,120.47000122070312,13.916807174682617,22.219797134399414
2019-04-25,262.412841796875,99.58039093017578,120.56999969482422,13.89111328125,22.262054443359375
2019-04-26,263.634765625,99.91937255859375,121.37000274658203,13.728395462036133,22.236698150634766
2019-04-29,264.0481262207031,99.28180694580078,120.83000183105469,13.736959457397461,22.185989379882812
2019-04-30,264.182861328125,99.79024505615234,121.19999694824219,13.779778480529785,22.118375778198242
2019-05-01,262.1971435546875,100.20185852050781,120.4000015258789,13.736959457397461,22.14373016357422
2019-05-02,261.6310119628906,99.72470092773438,119.94000244140625,13.582803726196289,22.194438934326172
2019-05-03,264.1918640136719,100.0078353881836,120.6500015258789,13.5913667678833,22.109922409057617
2019-05-06,263.1047058105469,100.28276062011719,120.80999755859375,13.634187698364258,22.1268253326416
2019-05-07,258.7109375,101.05105590820312,121.20999908447266,13.46290397644043,22.14373016357422
2019-05-08,258.35150146484375,100.61434173583984,120.91000366210938,13.480032920837402,22.152179718017578
2019-05-09,257.5697937011719,101.02676391601562,121.19999694824219,13.411519050598145,22.109922409057617
2019-05-10,258.8636779785156,100.88934326171875,121.43000030517578,13.437211036682129,22.101470947265625
2019-05-13,252.35836791992188,101.681884765625,122.66999816894531,13.368698120117188,22.101470947265625
2019-05-14,254.640625,101.3826675415039,122.45999908447266,13.548545837402344,22.152179718017578
2019-05-15,256.1321105957031,102.00538635253906,122.38999938964844,13.66844367980957,22.16063117980957
2019-05-16,258.50421142578125,101.66568756103516,121.51000213623047,13.745521545410156,22.219797134399414
2019-05-17,256.83306884765625,101.89215087890625,120.6500015258789,13.617058753967285,22.2705078125
2019-05-20,255.13478088378906,101.681884765625,120.63999938964844,13.677008628845215,22.253604888916016
2019-05-21,257.43505859375,101.52014923095703,120.36000061035156,13.685572624206543,22.287412643432617
2019-05-22,256.644287109375,102.10240173339844,120.23999786376953,13.488595962524414,22.30431365966797
2019-05-23,253.50848388671875,103.25078582763672,121.16999816894531,13.205978393554688,22.262054443359375
2019-05-24,254.0835418701172,103.33976745605469,121.30000305175781,13.385826110839844,22.185989379882812
2019-05-28,251.7204132080078,104.08379364013672,120.83000183105469,13.497160911560059,22.27895736694336
2019-05-29,250.03121948242188,104.39923095703125,120.87000274658203,13.445775985717773,22.329669952392578
2019-05-30,250.71409606933594,105.29693603515625,121.69000244140625,13.308749198913574,22.33812141418457
2019-05-31,247.33566284179688,106.61515045166016,123.33000183105469,12.957616806030273,22.24515151977539
2019-06-03,246.70669555664062,107.32830810546875,125.11000061035156,12.914795875549316,22.1268253326416
2019-06-04,252.06179809570312,106.10456848144531,125.1500015258789,12.991873741149902,22.101470947265625
2019-06-05,254.24530029296875,105.50489807128906,125.47000122070312,12.726384162902832,22.177536010742188
2019-06-06,255.8986053466797,105.84527587890625,125.87999725341797,12.949052810668945,22.101470947265625
2019-06-07,258.4594421386719,106.76100158691406,126.58999633789062,12.991873741149902,22.008501052856445
2019-06-10,259.64532470703125,105.75611114501953,125.33000183105469,12.957616806030273,22.033855438232422
2019-06-11,259.58245849609375,105.82098388671875,125.18000030517578,13.043257713317871,22.042306900024414
2019-06-12,259.1242370605469,105.9019775390625,125.83000183105469,12.863410949707031,22.101470947265625
2019-06-13,260.1934509277344,106.26667022705078,126.5999984741211,13.026130676269531,22.118375778198242
2019-06-14,259.9058837890625,106.53414916992188,126.55999755859375,13.077516555786133,22.236698150634766
2019-06-17,260.0046081542969,106.72046661376953,126.4800033569336,13.017566680908203,22.24515151977539
2019-06-18,262.7272033691406,107.25535583496094,127.12000274658203,13.171721458435059,22.27895736694336
2019-06-19,263.3202819824219,107.40933227539062,127.88999938964844,13.14603042602539,22.177536010742188
2019-06-20,265.8361511230469,107.69291687011719,131.11000061035156,13.411519050598145,22.042306900024414
2019-06-21,265.4496154785156,106.50975799560547,131.97999572753906,13.445775985717773,21.93243408203125
2019-06-24,265.1247253417969,107.3039779663086,133.94000244140625,13.505724906921387,21.89862823486328
2019-06-25,262.5243835449219,107.63622283935547,134.1999969482422,13.548545837402344,21.949338912963867
2019-06-26,262.2624206542969,106.94740295410156,132.97000122070312,13.617058753967285,21.966243743896484
2019-06-27,263.1924743652344,107.7010726928711,132.83999633789062,13.617058753967285,21.966243743896484
2019-06-28,264.54681396484375,107.62809753417969,133.1999969482422,13.471467971801758,21.949338912963867
2019-07-01,266.9485778808594,107.3763656616211,130.6199951171875,13.46290397644043,22.109922409057617
2019-07-02,267.6437683105469,108.20460510253906,133.41000366210938,13.240235328674316,22.093017578125
2019-07-03,269.7835693359375,108.97602081298828,133.6300048828125,13.368698120117188,22.093017578125
2019-07-05,269.4765625,107.53067016601562,132.13999938964844,13.394392013549805,22.211341857910156
2019-07-08,267.9958190917969,107.67681884765625,131.2899932861328,13.377262115478516,22.253604888916016
2019-07-09,268.32989501953125,107.6362075805664,131.75,13.420083045959473,22.2705078125
2019-07-10,269.61199951171875,107.04349517822266,133.8300018310547,13.711265563964844,22.177536010742188
2019-07-11,270.24407958984375,105.61442565917969,132.6999969482422,13.719829559326172,22.177536010742188
2019-07-12,271.4538879394531,105.73622131347656,133.52999877929688,13.7540864944458,22.13528060913086
2019-07-15,271.5442199707031,106.3451919555664,133.52999877929688,13.608495712280273,22.169084548950195
2019-07-16,270.6684875488281,106.02853393554688,132.39999389648438,13.46290397644043,22.2705078125
2019-07-17,268.8265380859375,107.17340087890625,134.5800018310547,13.343005180358887,22.22824478149414
2019-07-18,269.8106384277344,107.1815414428711,136.47999572753906,13.248799324035645,22.109922409057617
2019-07-19,268.3119201660156,106.92979431152344,134.47000122070312,13.32587718963623,22.219797134399414
2019-07-22,268.9709777832031,107.13280487060547,134.4499969482422,13.283056259155273,22.262054443359375
2019-07-23,270.89410400390625,106.54822540283203,133.69000244140625,13.368698120117188,22.363475799560547
2019-07-24,272.1672668457031,107.01101684570312,134.3699951171875,13.308749198913574,22.363475799560547
2019-07-25,270.86700439453125,106.49945831298828,133.4199981689453,13.257363319396973,22.405736923217773
2019-07-26,272.6819152832031,106.75116729736328,133.63999938964844,13.274491310119629,22.439542770385742
2019-07-29,272.1852722167969,106.78363800048828,134.52999877929688,13.32587718963623,22.456445693969727
2019-07-30,271.51715087890625,107.04349517822266,134.97999572753906,13.4029541015625,22.456445693969727
2019-07-31,268.546630859375,107.9041519165039,133.2100067138672,13.317313194274902,22.5916748046875
2019-08-01,266.20806884765625,110.04719543457031,136.41000366210938,12.949052810668945,22.524059295654297
2019-08-02,264.2037658691406,111.06422424316406,135.88999938964844,12.966181755065918,22.473350524902344
2019-08-05,256.2583312988281,112.9843521118164,137.7899932861328,12.854846000671387,22.363475799560547
2019-08-06,259.851806640625,113.88738250732422,138.91000366210938,12.786334037780762,22.388830184936523
2019-08-07,260.0052795410156,113.92807006835938,141.02000427246094,12.623613357543945,22.37192726135254
2019-08-08,265.10662841796875,114.17217254638672,141.72999572753906,12.692126274108887,22.388830184936523
2019-08-09,263.3008117675781,113.94432067871094,141.25999450683594,12.803461074829102,22.363475799560547
2019-08-12,260.0955505371094,116.32008361816406,142.6300048828125,12.70925521850586,22.346572875976562
2019-08-13,264.14056396484375,115.92139434814453,141.77999877929688,13.009001731872559,22.447994232177734
2019-08-14,256.3304748535156,118.53303527832031,142.75,12.812026977539062,22.49870491027832
2019-08-15,257.0077819824219,119.85106658935547,143.6999969482422,12.70925521850586,22.515607833862305
2019-08-16,260.7999267578125,118.89097595214844,142.77999877929688,12.700690269470215,22.532512664794922
2019-08-19,263.9419250488281,117.19061279296875,141.11000061035156,12.760641098022461,22.583223342895508
2019-08-20,261.9193420410156,118.40280151367188,142.2100067138672,12.794897079467773,22.532512664794922
2019-08-21,264.0502624511719,117.61368560791016,141.75999450683594,12.83771800994873,22.55786895751953
2019-08-22,263.968994140625,116.83258819580078,141.39999389648438,12.777769088745117,22.540964126586914
2019-08-23,257.1883239746094,118.75271606445312,144.1699981689453,12.683563232421875,22.414188385009766
2019-08-26,260.0323791503906,118.2726821899414,144.19000244140625,12.67499828338623,22.532512664794922
2019-08-27,259.0121765136719,120.09510040283203,145.57000732421875,12.760641098022461,22.515607833862305
2019-08-28,260.83599853515625,120.24968719482422,145.16000366210938,12.87197494506836,22.566320419311523
2019-08-29,264.1676330566406,119.79412078857422,144.1199951171875,12.906231880187988,22.6254825592041
2019-08-30,264.0502624511719,119.82666778564453,143.75,12.700690269470215,22.71000099182129
2019-09-03,262.50634765625,119.98158264160156,145.75,12.63217830657959,22.760709762573242
2019-09-04,265.4858093261719,120.1607666015625,146.66000366210938,12.931924819946289,22.61703109741211
2019-09-05,268.8988952636719,117.98466491699219,143.13999938964844,12.914795875549316,22.6254825592041
2019-09-06,269.1065368652344,118.82415771484375,141.9199981689453,12.949052810668945,22.633934020996094
2019-09-09,269.2417907714844,116.71318054199219,141.38999938964844,13.068951606750488,22.5916748046875
2019-09-10,269.1786193847656,114.66757202148438,140.17999267578125,13.086079597473145,22.61703109741211
2019-09-11,271.0927429199219,114.46373748779297,141.02999877929688,12.991873741149902,22.68464469909668
2019-09-12,272.0318298339844,113.71392822265625,141.32000732421875,12.940488815307617,22.61703109741211
2019-09-13,271.8512268066406,111.28504180908203,140.14999389648438,12.940488815307617,22.583223342895508
2019-09-16,271.0115051269531,112.70323181152344,141.32000732421875,13.514288902282715,22.68464469909668
2019-09-17,271.69769287109375,113.31450653076172,141.60000610351562,13.257363319396973,22.583223342895508
2019-09-18,271.8603210449219,113.79535675048828,140.7100067138672,13.171721458435059,22.667741775512695
2019-09-19,271.8421936035156,114.13766479492188,141.27999877929688,13.240235328674316,22.61703109741211
2019-09-20,270.55780029296875,115.6455307006836,142.9499969482422,13.257363319396973,22.676191329956055
2019-09-23,270.4942932128906,115.62107849121094,143.75,13.291621208190918,22.71000099182129
2019-09-24,268.3717346191406,117.01480865478516,144.50999450683594,13.13746452331543,22.6254825592041
2019-09-25,269.9591979980469,115.30326080322266,141.8300018310547,13.060386657714844,22.802968978881836
2019-09-26,269.3968505859375,116.04489135742188,141.7899932861328,13.060386657714844,22.862133026123047
2019-09-27,267.9454345703125,116.33019256591797,141.05999755859375,13.009001731872559,22.828325271606445
2019-09-30,269.1881408691406,116.61542510986328,138.8699951171875,12.880537986755371,22.904394149780273
2019-10-01,265.9861755371094,116.96647644042969,139.6300048828125,12.87197494506836,22.828325271606445
2019-10-02,261.28753662109375,117.25221252441406,141.25999450683594,12.760641098022461,22.811420440673828
2019-10-03,263.4283142089844,118.32179260253906,141.89999389648438,12.743512153625488,22.802968978881836
2019-10-04,266.9931335449219,119.19546508789062,141.89999389648438,12.846281051635742,22.78606605529785
2019-10-07,265.841064453125,118.2074966430664,140.69000244140625,12.829154014587402,22.828325271606445
2019-10-08,261.7138977050781,118.5259780883789,141.9199981689453,12.82059097290039,22.862133026123047
2019-10-09,264.1992492675781,117.8564453125,142.0500030517578,12.854846000671387,22.845230102539062
2019-10-10,265.9861755371094,116.10095977783203,140.80999755859375,12.940488815307617,22.752260208129883
2019-10-11,268.7436828613281,114.66407775878906,140.02999877929688,13.094643592834473,22.667741775512695
2019-10-14,268.4443054199219,115.49684143066406,140.58999633789062,13.034693717956543,22.735355377197266
2019-10-15,271.10198974609375,114.10069274902344,139.61000061035156,13.000438690185547,22.667741775512695
2019-10-16,270.6665954589844,114.23948669433594,140.41000366210938,13.017566680908203,22.608579635620117
2019-10-17,271.46484375,113.96190643310547,140.61000061035156,13.068951606750488,22.524059295654297
2019-10-18,270.27667236328125,113.96190643310547,140.4600067138672,13.060386657714844,22.439542770385742
2019-10-21,272.1088562011719,113.1046142578125,139.7899932861328,13.043257713317871,22.456445693969727
2019-10-22,271.2199401855469,113.76596069335938,140.1999969482422,13.060386657714844,22.507156372070312
2019-10-23,272.009033203125,113.88026428222656,140.52999877929688,13.223106384277344,22.49870491027832
2019-10-24,272.45361328125,113.65167236328125,141.52999877929688,13.291621208190918,22.566320419311523
2019-10-25,273.5692443847656,113.09646606445312,141.86000061035156,13.368698120117188,22.5916748046875
2019-10-28,275.1112976074219,112.06771850585938,140.63999938964844,13.317313194274902,22.574771881103516
2019-10-29,275.02960205078125,112.14120483398438,140.25,13.291621208190918,22.566320419311523
2019-10-30,275.8731994628906,113.78227233886719,141.02000427246094,13.205978393554688,22.515607833862305
2019-10-31,275.1385192871094,115.31729125976562,142.42999267578125,13.128900527954102,22.473350524902344
2019-11-01,277.687255859375,114.96231079101562,142.55999755859375,13.368698120117188,22.46489906311035
2019-11-04,278.802978515625,113.44915771484375,142.14999389648438,13.454339027404785,22.549415588378906
2019-11-05,278.49462890625,112.17324829101562,139.85000610351562,13.488595962524414,22.633934020996094
2019-11-06,278.55804443359375,112.85214233398438,140.4499969482422,13.343005180358887,22.633934020996094
2019-11-07,279.5376892089844,110.80735778808594,138.27000427246094,13.334441184997559,22.68464469909668
2019-11-08,280.2270202636719,110.34122467041016,137.38999938964844,13.368698120117188,22.735355377197266
2019-11-11,279.6919250488281,110.41487121582031,137.05999755859375,13.283056259155273,22.701547622680664
2019-11-12,280.2814025878906,110.921875,137.42999267578125,13.291621208190918,22.735355377197266
2019-11-13,280.3722229003906,111.64166259765625,137.97999572753906,13.317313194274902,22.726903915405273
2019-11-14,280.7803039550781,112.79487609863281,138.55999755859375,13.274491310119629,22.71000099182129
2019-11-15,282.8122253417969,112.67218780517578,138.2100067138672,13.343005180358887,22.65928840637207
2019-11-18,283.0207824707031,112.8766860961914,138.6199951171875,13.205978393554688,22.61703109741211
2019-11-19,282.9391784667969,113.81722259521484,138.69000244140625,13.086079597473145,22.64238739013672
2019-11-20,281.886962890625,114.99497985839844,138.75999450683594,13.257363319396973,22.64238739013672
2019-11-21,281.4335021972656,114.27522277832031,138.0,13.377262115478516,22.676191329956055
2019-11-22,282.059326171875,114.4224624633789,137.74000549316406,13.368698120117188,22.743804931640625
2019-11-25,284.245361328125,114.7578353881836,137.0800018310547,13.368698120117188,22.760709762573242
2019-11-26,284.8892517089844,115.4284439086914,137.74000549316406,13.445775985717773,22.735355377197266
2019-11-27,286.15924072265625,115.09315490722656,137.00999450683594,13.377262115478516,22.769163131713867
2019-11-29,285.0979919433594,114.84777069091797,137.86000061035156,13.111772537231445,22.743804931640625
2019-12-02,282.67608642578125,113.31648254394531,137.7899932861328,13.094643592834473,22.650836944580078
2019-12-03,280.7803039550781,115.69242858886719,139.11000061035156,13.103208541870117,22.6254825592041
2019-12-04,282.5128173828125,114.53727722167969,138.9199981689453,13.308749198913574,22.600128173828125
2019-12-05,283.0207824707031,113.98013305664062,139.0,13.334441184997559,22.549415588378906
2019-12-06,285.6058654785156,113.34928131103516,137.6199951171875,13.420083045959473,22.633934020996094
2019-12-09,284.7079162597656,113.59503173828125,137.5800018310547,13.4029541015625,22.608579635620117
2019-12-10,284.39044189453125,113.603271484375,137.97000122070312,13.46290397644043,22.583223342895508
2019-12-11,285.1977233886719,114.49628448486328,138.9199981689453,13.4029541015625,22.49870491027832
2019-12-12,287.6560363769531,112.61188507080078,138.42999267578125,13.522852897644043,22.532512664794922
2019-12-13,287.8281555175781,113.9145736694336,139.0500030517578,13.5913667678833,22.532512664794922
2019-12-16,289.80560302734375,112.8904800415039,139.0399932861328,13.685572624206543,22.49025535583496
2019-12-17,289.8691101074219,112.73481750488281,139.00999450683594,13.745521545410156,22.532512664794922
2019-12-18,289.88726806640625,111.8089828491211,139.02000427246094,13.7540864944458,22.574771881103516
2019-12-19,291.075439453125,111.98790740966797,139.3800048828125,13.814035415649414,22.574771881103516
2019-12-20,292.35162353515625,112.1355972290039,139.52000427246094,13.796907424926758,22.650836944580078
2019-12-23,292.7983703613281,111.971435546875,139.9499969482422,13.80038833618164,22.638769149780273
2019-12-24,292.80743408203125,112.2914810180664,141.27000427246094,13.861297607421875,22.638769149780273
2019-12-26,294.3660583496094,112.56230926513672,142.3800048828125,13.965714454650879,22.60428237915039
2019-12-27,294.29315185546875,112.68538665771484,142.3300018310547,13.99181842803955,22.492212295532227
2019-12-30,292.6705627441406,112.27507781982422,142.6300048828125,13.965714454650879,22.449108123779297
2019-12-31,293.38165283203125,111.17547607421875,142.89999389648438,13.878700256347656,22.388757705688477
2020-01-02,296.12530517578125,112.43101501464844,143.9499969482422,13.896102905273438,22.46634864807129
2020-01-03,293.8829650878906,114.16246795654297,145.86000061035156,14.061429023742676,22.492212295532227
2020-01-06,295.00408935546875,113.51421356201172,147.38999938964844,14.087533950805664,22.440486907958984
2020-01-07,294.1745910644531,112.9561996459961,147.97000122070312,14.078831672668457,22.518075942993164
2020-01-08,295.7425231933594,112.20948028564453,146.86000061035156,13.869998931884766,22.578420639038086
2020-01-09,297.7477111816406,112.60335540771484,146.02999877929688,13.809090614318848,22.621524810791016
2020-01-10,296.89093017578125,113.60447692871094,146.91000366210938,13.809090614318848,22.60428237915039
2020-01-13,298.9327697753906,113.25981903076172,145.82000732421875,13.704673767089844,22.60428237915039
2020-01-14,298.47698974609375,113.84248352050781,145.69000244140625,13.765582084655762,22.612903594970703
2020-01-15,299.1515808105469,114.5973892211914,146.5399932861328,13.695971488952637,22.578420639038086
2020-01-16,301.6400146484375,114.23633575439453,146.30999755859375,13.678568840026855,22.612903594970703
2020-01-17,302.5788879394531,113.25981903076172,146.5800018310547,13.722076416015625,22.690494537353516
2020-01-21,301.98638916015625,114.44961547851562,146.74000549316406,13.643763542175293,22.67325210571289
2020-01-22,302.0228271484375,114.85179901123047,146.7899932861328,13.461034774780273,22.656009674072266
2020-01-23,302.3692932128906,115.65606689453125,147.1199951171875,13.347916603088379,22.71635627746582
2020-01-24,299.6802673339844,116.5915298461914,147.97999572753906,13.147784233093262,22.75084114074707
2020-01-27,294.87652587890625,118.40502166748047,148.99000549316406,12.904145240783691,22.78532600402832
2020-01-28,297.96661376953125,117.47775268554688,147.66000366210938,12.965055465698242,22.78532600402832
2020-01-29,297.720458984375,118.62657165527344,148.4600067138672,12.904145240783691,22.819807052612305
2020-01-30,298.68658447265625,118.64295196533203,148.47000122070312,12.791028022766113,22.75084114074707
2020-01-31,293.26312255859375,119.72621154785156,149.3300018310547,12.68661117553711,22.656009674072266
2020-02-03,295.4416809082031,119.62916564941406,148.36000061035156,12.451674461364746,22.768083572387695
2020-02-04,299.944580078125,118.01814270019531,146.42999267578125,12.469077110290527,22.802568435668945
2020-02-05,303.4082946777344,116.72762298583984,146.61000061035156,12.660506248474121,22.888778686523438
2020-02-06,304.4293212890625,117.25371551513672,147.39999389648438,12.712716102600098,22.931882858276367
2020-02-07,302.8067321777344,118.71676635742188,147.7899932861328,12.643104553222656,22.98360824584961
2020-02-10,305.0672912597656,119.04558563232422,148.1699981689453,12.529986381530762,23.018091201782227
2020-02-11,305.59600830078125,118.4455795288086,147.66000366210938,12.573493957519531,22.992229461669922
2020-02-12,307.56488037109375,117.84551239013672,147.5399932861328,12.74752140045166,23.05257797241211
2020-02-13,307.2367248535156,118.29756927490234,148.3800048828125,12.756223678588867,23.078439712524414
2020-02-14,307.7289123535156,118.81544494628906,149.0,12.74752140045166,23.0698184967041
2020-02-18,306.93597412109375,119.62916564941406,150.91000366210938,12.843235969543457,23.156030654907227
2020-02-19,308.4034118652344,119.62096405029297,151.7899932861328,12.965055465698242,23.199132919311523
2020-02-20,307.1364440917969,120.55804443359375,152.41000366210938,12.912847518920898,23.268102645874023
2020-02-21,303.97344970703125,121.68414306640625,154.6999969482422,12.860640525817871,23.130165100097656
2020-02-24,293.8920593261719,123.50067138671875,156.08999633789062,12.6170015335083,23.13878631591797
2020-02-25,284.9865417480469,124.158203125,153.3000030517578,12.382061958312988,23.0698184967041
2020-02-26,283.9383239746094,123.50067138671875,153.97000122070312,12.260244369506836,23.087060928344727
2020-02-27,271.18621826171875,124.8404769897461,154.0,12.051411628723145,22.94912338256836
2020-02-28,270.0467529296875,127.65979766845703,148.3800048828125,11.842577934265137,22.871536254882812
2020-03-02,281.7414855957031,126.72062683105469,149.1999969482422,12.112320899963379,22.75084114074707
2020-03-03,273.674560546875,128.68795776367188,153.88999938964844,12.138423919677734,22.656009674072266
2020-03-04,285.17791748046875,127.3215103149414,154.16000366210938,12.147126197814941,22.733600616455078
2020-03-05,275.6981506347656,130.49075317382812,157.49000549316406,12.016605377197266,22.561180114746094
2020-03-06,271.14056396484375,137.2820281982422,157.5500030517578,11.625043869018555,22.43186378479004
2020-03-09,249.9659881591797,141.00277709960938,157.80999755859375,10.720099449157715,22.190475463867188
2020-03-10,262.9004211425781,133.77529907226562,154.47999572753906,11.059453964233398,22.518075942993164
2020-03-11,250.08441162109375,128.8526611328125,153.92999267578125,10.859322547912598,22.55255699157715
2020-03-12,226.15704345703125,129.65106201171875,147.7899932861328,10.4242525100708,22.7939453125
2020-03-13,245.4904327392578,126.72062683105469,143.27999877929688,10.537371635437012,23.656047821044922
2020-03-16,218.6279296875,134.9276885986328,141.63999938964844,9.90217113494873,22.897396087646484
2020-03-17,230.43209838867188,125.93032836914062,143.55999755859375,9.745545387268066,23.30258560180664
2020-03-18,218.7646484375,118.82627868652344,140.6999969482422,9.42359447479248,23.656047821044922
2020-03-19,219.22955322265625,122.06137084960938,138.0399932861328,9.623726844787598,24.216413497924805
2020-03-20,209.78199768066406,131.23983764648438,140.11000061035156,9.519309043884277,24.147445678710938
2020-03-23,204.41827392578125,136.64816284179688,146.3000030517578,9.632427215576172,24.112958908081055
2020-03-24,222.93922424316406,134.1045379638672,153.39999389648438,9.84126091003418,23.83708953857422
2020-03-25,226.276611328125,133.79994201660156,151.3000030517578,10.006587028503418,23.612939834594727
2020-03-26,239.48890686035156,134.45843505859375,153.24000549316406,9.971781730651855,23.233619689941406
2020-03-27,232.35552978515625,138.04762268066406,152.25,9.936975479125977,23.043956756591797
2020-03-30,239.9014434814453,136.9115753173828,152.9199981689453,9.910872459411621,23.14740753173828
2020-03-31,236.32566833496094,135.80027770996094,148.0500030517578,9.789052963256836,23.130165100097656
2020-04-01,225.68984985351562,137.70289611816406,149.4499969482422,9.510607719421387,23.276721954345703
2020-04-02,230.89773559570312,138.57675170898438,151.89999389648438,9.693337440490723,23.397417068481445
2020-04-03,227.56028747558594,138.90650939941406,152.64999389648438,9.936975479125977,23.5267333984375
2020-04-06,242.84466552734375,138.5437774658203,156.8800048828125,9.98918342590332,23.535354614257812
2020-04-07,243.09219360351562,137.09295654296875,156.0399932861328,10.058794975280762,23.319826126098633
2020-04-08,251.2523956298828,136.0954132080078,154.64999389648438,10.032690048217773,23.406036376953125
2020-04-09,255.0758514404297,136.3426971435547,158.69000244140625,10.058794975280762,23.233619689941406
2020-04-13,252.7469482421875,135.09788513183594,161.41000366210938,10.232823371887207,23.199132919311523
2020-04-14,260.2012023925781,135.06492614746094,162.67999267578125,10.145808219909668,23.0698184967041
2020-04-15,254.6724090576172,138.64271545410156,161.85000610351562,9.936975479125977,23.24224090576172
2020-04-16,255.9010772705078,140.2172088623047,161.7100067138672,9.910872459411621,23.345691680908203
2020-04-17,262.81427001953125,138.33767700195312,158.57000732421875,9.954377174377441,23.28534507751465
2020-04-20,258.18402099609375,139.45057678222656,159.6999969482422,9.789052963256836,23.362934112548828
2020-04-21,250.3447723388672,141.2064971923828,158.61000061035156,9.327878952026367,23.397417068481445
2020-04-22,255.9010772705078,139.76385498046875,161.72999572753906,9.45840072631836,23.466384887695312
2020-04-23,255.88272094726562,140.5058135986328,163.33999633789062,9.432295799255371,23.475006103515625
2020-04-24,259.4493103027344,140.83546447753906,162.63999938964844,9.310476303100586,23.423280715942383
2020-04-27,263.19012451171875,138.2140350341797,161.55999755859375,9.136449813842773,23.362934112548828
2020-04-28,261.97991943359375,139.80508422851562,160.83999633789062,9.145150184631348,23.33707046508789
2020-04-29,268.83819580078125,139.07962036132812,161.72999572753906,9.310476303100586,23.24224090576172
2020-04-30,266.33514404296875,137.45562744140625,158.8000030517578,9.484503746032715,23.09568214416504
2020-05-01,259.2843933105469,138.6326904296875,159.77999877929688,9.362685203552246,23.121543884277344
2020-05-04,259.9994812011719,137.98062133789062,160.33999633789062,9.475802421569824,23.250858306884766
2020-05-05,262.40167236328125,137.09732055664062,161.02000427246094,9.719440460205078,23.268102645874023
2020-05-06,260.623046875,134.8852081298828,158.9499969482422,9.528010368347168,23.38017463684082
2020-05-07,263.7678527832031,137.138671875,161.38999938964844,9.588920593261719,23.311206817626953
2020-05-08,268.1322326660156,135.3556365966797,160.4199981689453,9.789052963256836,23.30258560180664
2020-05-11,268.1871337890625,134.29916381835938,159.4199981689453,9.65853214263916,23.3887939453125
2020-05-12,262.8418273925781,135.67759704589844,160.0399932861328,9.580219268798828,23.345691680908203
2020-05-13,258.1932373046875,136.62684631347656,161.5800018310547,9.484503746032715,23.3887939453125
2020-05-14,261.28314208984375,137.964111328125,163.00999450683594,9.649829864501953,23.414657592773438
2020-05-15,262.4842224121094,137.60919189453125,163.92999267578125,9.745545387268066,23.431900024414062
2020-05-18,270.4794616699219,134.58807373046875,162.69000244140625,10.0239896774292,23.24224090576172
2020-05-19,267.7012939453125,135.091552734375,164.25999450683594,9.997884750366211,23.22499656677246
2020-05-20,272.24896240234375,135.49598693847656,164.64999389648438,10.17191219329834,23.14740753173828
2020-05-21,270.369384765625,135.83441162109375,162.25,10.128406524658203,23.199132919311523
2020-05-22,270.8828430175781,136.65159606933594,163.2100067138672,10.050093650817871,23.268102645874023
2020-05-26,274.2203063964844,134.8192138671875,160.88999938964844,10.154509544372559,23.09568214416504
2020-05-27,278.3004150390625,134.57151794433594,161.17999267578125,10.0239896774292,23.087060928344727
2020-05-28,277.78692626953125,134.0762176513672,161.72000122070312,10.076197624206543,22.966365814208984
2020-05-29,279.0247497558594,135.03379821777344,162.91000366210938,10.250225067138672,22.931882858276367
2020-06-01,280.1524353027344,134.12460327148438,163.66000366210938,10.311135292053223,22.802568435668945
2020-06-02,282.47222900390625,133.63699340820312,162.60000610351562,10.4242525100708,22.776702880859375
2020-06-03,286.23138427734375,131.8600616455078,159.60000610351562,10.4242525100708,22.638769149780273
2020-06-04,285.4796142578125,129.95077514648438,161.27999877929688,10.511266708374023,22.55255699157715
2020-06-05,292.79620361328125,129.025146484375,158.00999450683594,10.720099449157715,22.595661163330078
2020-06-08,296.3354797363281,129.5210418701172,159.72000122070312,10.65048885345459,22.535316467285156
2020-06-09,294.1257019042969,130.99215698242188,161.25999450683594,10.685294151306152,22.46634864807129
2020-06-10,292.48455810546875,132.9344024658203,163.57000732421875,10.754905700683594,22.35427474975586
2020-06-11,275.6231384277344,135.44699096679688,162.38999938964844,10.406850814819336,22.578420639038086
2020-06-12,278.92388916015625,134.14117431640625,162.6199951171875,10.450357437133789,22.638769149780273
2020-06-15,281.52777099609375,134.21548461914062,162.3300018310547,10.546072959899902,22.54393768310547
2020-06-16,286.946533203125,132.1575469970703,162.25,10.633086204528809,22.612903594970703
2020-06-17,285.75457763671875,132.70309448242188,162.55999755859375,10.580877304077148,22.630146026611328
2020-06-18,285.8646240234375,134.10813903808594,162.24000549316406,10.641786575317383,22.71635627746582
2020-06-19,284.2309265136719,134.21548461914062,164.02999877929688,10.728800773620605,22.742219924926758
2020-06-22,286.05426025390625,134.2321014404297,165.08999633789062,10.8419189453125,22.621524810791016
2020-06-23,287.3712158203125,133.31468200683594,166.47999572753906,10.789710998535156,22.54393768310547
2020-06-24,280.0407409667969,134.7444610595703,165.89999389648438,10.519968032836914,22.64739227294922
2020-06-25,283.04296875,135.13291931152344,165.8000030517578,10.615683555603027,22.68187141418457
2020-06-26,276.32025146484375,136.57931518554688,166.5399932861328,10.485161781311035,22.71635627746582
2020-06-29,280.38153076171875,136.1495819091797,166.6300048828125,10.659189224243164,22.724977493286133
2020-06-30,283.9731140136719,135.48834228515625,167.3699951171875,10.71139907836914,22.690494537353516
2020-07-01,285.9622497558594,135.22528076171875,166.6199951171875,10.79841136932373,22.638769149780273
2020-07-02,287.5370788574219,135.36582946777344,166.97999572753906,10.8419189453125,22.656009674072266
2020-07-06,291.9757995605469,134.81143188476562,167.97999572753906,10.928933143615723,22.535316467285156
2020-07-07,288.9644775390625,136.7063446044922,169.0399932861328,10.937633514404297,22.58704376220703
2020-07-08,291.1745910644531,136.1602783203125,170.08999633789062,11.076855659484863,22.46634864807129
2020-07-09,289.5169677734375,138.3282470703125,169.6300048828125,10.946334838867188,22.54393768310547
2020-07-10,292.47308349609375,137.63316345214844,169.19000244140625,11.015946388244629,22.50945281982422
2020-07-13,289.9405517578125,138.0881805419922,169.39999389648438,10.902828216552734,22.47496795654297
2020-07-14,293.69793701171875,138.28688049316406,170.19000244140625,10.955037117004395,22.43186378479004
2020-07-15,296.3962097167969,137.641357421875,170.33999633789062,11.085556983947754,22.371517181396484
2020-07-16,295.4200134277344,138.29513549804688,168.72999572753906,10.99854564666748,22.449108123779297
2020-07-17,296.2764892578125,138.0054931640625,170.1199951171875,11.015946388244629,22.35427474975586
2020-07-20,298.6708679199219,138.34481811523438,170.94000244140625,11.007245063781738,22.31978988647461
2020-07-21,299.3063659667969,138.42755126953125,173.0,11.163870811462402,22.181854248046875
2020-07-22,301.0100402832031,138.8412628173828,175.6300048828125,11.233480453491211,22.121505737304688
2020-07-23,297.41845703125,140.463134765625,177.17999267578125,11.207377433776855,22.07840347290039
2020-07-24,295.5028991699219,140.45484924316406,178.6999969482422,11.224780082702637,21.983572006225586
2020-07-27,297.6578063964844,139.93356323242188,182.22999572753906,11.32919692993164,21.81977081298828
2020-07-28,295.77001953125,140.90167236328125,183.75,11.268285751342773,21.854257583618164
2020-07-29,299.4076232910156,140.66163635253906,185.1300048828125,11.32919692993164,21.750804901123047
2020-07-30,298.3393249511719,141.58840942382812,183.75999450683594,11.198676109313965,21.664594650268555
2020-07-31,300.6968688964844,141.49742126464844,185.42999267578125,11.259584426879883,21.79391098022461
2020-08-03,302.787353515625,140.7850341796875,185.63999938964844,11.372702598571777,21.79391098022461
2020-08-04,303.9569396972656,142.1270294189453,189.58999633789062,11.433612823486328,21.716320037841797
2020-08-05,305.8447265625,140.8844757080078,191.35000610351562,11.529328346252441,21.621488571166992
2020-08-06,307.8891906738281,141.6714324951172,193.88999938964844,11.616342544555664,21.621488571166992
2020-08-07,308.11029052734375,140.72694396972656,190.80999755859375,11.459717750549316,21.750804901123047
2020-08-10,309.0311279296875,140.09750366210938,190.14999389648438,11.52062702178955,21.785289764404297
2020-08-11,306.4802551269531,138.4324188232422,179.94000244140625,11.337897300720215,21.81977081298828
2020-08-12,310.7532653808594,137.1732177734375,179.10000610351562,11.459717750549316,21.750804901123047
2020-08-13,310.19146728515625,135.70703125,183.3300018310547,11.52062702178955,21.742185592651367
2020-08-14,310.2007141113281,135.17678833007812,182.5399932861328,11.52062702178955,21.707698822021484
2020-08-17,311.1861267089844,135.51637268066406,186.5,11.712056159973145,21.61286735534668
2020-08-18,311.8583984375,136.4856414794922,188.17999267578125,11.738161087036133,21.49217414855957
2020-08-19,310.5599060058594,135.6324462890625,182.24000549316406,11.70335578918457,21.664594650268555
2020-08-20,311.5268249511719,136.8584442138672,183.5,11.685953140258789,21.604246139526367
2020-08-21,312.6319274902344,137.6785888671875,182.02999877929688,11.572834014892578,21.707698822021484
2020-08-24,315.7999572753906,137.45489501953125,181.0,11.633745193481445,21.742185592651367
2020-08-25,316.9049072265625,136.40284729003906,181.22000122070312,11.729459762573242,21.664594650268555
2020-08-26,320.08209228515625,135.88092041015625,183.36000061035156,11.755563735961914,21.638731002807617
2020-08-27,320.7821044921875,133.56967163085938,181.24000549316406,11.712056159973145,21.664594650268555
2020-08-28,322.8541564941406,133.4702606201172,184.38999938964844,11.790369033813477,21.49217414855957
2020-08-31,321.68450927734375,134.35675048828125,184.8300018310547,11.781667709350586,21.466310501098633
2020-09-01,324.7142333984375,135.8933868408203,185.0500030517578,11.799071311950684,21.509416580200195
2020-09-02,329.4110107421875,137.18722534179688,182.6199951171875,11.642446517944336,21.587005615234375
2020-09-03,318.07452392578125,137.5770263671875,181.13999938964844,11.538029670715332,21.595624923706055
2020-09-04,315.4775390625,134.96456909179688,181.63999938964844,11.433612823486328,21.630109786987305
2020-09-08,306.8578186035156,135.79393005371094,181.2899932861328,11.155168533325195,21.742185592651367
2020-09-09,312.91741943359375,135.4290771484375,183.0500030517578,11.259584426879883,21.707698822021484
2020-09-10,307.4841003417969,136.11729431152344,182.4600067138672,11.146467208862305,21.750804901123047
2020-09-11,307.6405944824219,136.40757751464844,182.4499969482422,11.224780082702637,21.707698822021484
2020-09-14,311.6925048828125,136.39930725097656,183.88999938964844,11.233480453491211,21.655975341796875
2020-09-15,313.2674255371094,136.06765747070312,183.4499969482422,11.294389724731445,21.673213958740234
2020-09-16,312.024169921875,135.66122436523438,183.97000122070312,11.50322437286377,21.699077606201172
2020-09-17,309.27972412109375,136.075927734375,182.9600067138672,11.633745193481445,21.621488571166992
2020-09-18,305.71917724609375,135.65292358398438,183.1999969482422,11.685953140258789,21.64735221862793
2020-09-21,302.3166198730469,136.34129333496094,179.52000427246094,11.398807525634766,21.80253028869629
2020-09-22,305.3955383300781,136.23348999023438,178.64999389648438,11.346598625183105,21.880117416381836
2020-09-23,298.3131103515625,136.41587829589844,174.7899932861328,11.216078758239746,22.000812530517578
2020-09-24,299.1083068847656,136.93844604492188,175.44000244140625,11.268285751342773,21.96632957458496
2020-09-25,303.9439392089844,136.93844604492188,174.94000244140625,11.268285751342773,22.026676177978516
2020-09-28,308.9922180175781,136.548583984375,176.6999969482422,11.364002227783203,21.95770835876465
2020-09-29,307.3094787597656,136.70619201660156,178.19000244140625,11.233480453491211,21.854257583618164
2020-09-30,309.6395263671875,135.39584350585938,177.1199951171875,11.364002227783203,21.854257583618164
2020-10-01,311.62738037109375,135.61915588378906,178.6999969482422,11.224780082702637,21.81977081298828
2020-10-02,308.668701171875,135.1127471923828,178.5399932861328,11.085556983947754,21.871498107910156
2020-10-05,314.1423034667969,132.47276306152344,179.41000366210938,11.372702598571777,21.77666664123535
2020-10-06,309.6764831542969,133.18667602539062,177.3000030517578,11.416210174560547,21.837013244628906
2020-10-07,315.0668640136719,132.21542358398438,177.22000122070312,11.459717750549316,21.8111515045166
2020-10-08,317.8592224121094,132.92935180664062,177.85000610351562,11.572834014892578,21.80253028869629
2020-10-09,320.69775390625,132.9044189453125,181.0800018310547,11.607640266418457,21.673213958740234
2020-10-12,325.8569641113281,133.3278350830078,180.55999755859375,11.485821723937988,21.64735221862793
2020-10-13,323.73040771484375,134.2825927734375,177.72000122070312,11.511924743652344,21.77666664123535
2020-10-14,321.6962890625,134.5896453857422,178.27000427246094,11.59023666381836,21.72494125366211
2020-10-15,321.2987060546875,134.35728454589844,178.9199981689453,11.625043869018555,21.828392028808594
2020-10-16,321.1045227050781,133.98370361328125,178.3000030517578,11.546731948852539,21.80253028869629
2020-10-19,316.22265625,133.477294921875,178.38999938964844,11.555432319641113,21.73356056213379
2020-10-20,317.48931884765625,132.20706176757812,179.25,11.685953140258789,21.664594650268555
2020-10-21,316.88836669921875,131.75047302246094,180.60000610351562,11.59023666381836,21.552522659301758
2020-10-22,318.6264953613281,130.38072204589844,178.8300018310547,11.625043869018555,21.638731002807617
2020-10-23,319.7084045410156,131.1776885986328,178.63999938964844,11.538029670715332,21.587005615234375
2020-10-26,313.8001708984375,132.3980255126953,178.5500030517578,11.372702598571777,21.664594650268555
2020-10-27,312.7184143066406,133.28634643554688,179.02000427246094,11.451014518737793,21.621488571166992
2020-10-28,302.0299377441406,133.41082763671875,176.1300048828125,11.146467208862305,21.759424209594727
2020-10-29,305.09967041015625,132.11578369140625,175.39999389648438,11.007245063781738,21.84563636779785
2020-10-30,301.91900634765625,130.8123779296875,176.1999969482422,11.007245063781738,21.871498107910156
2020-11-02,305.3031311035156,131.792236328125,177.91000366210938,11.207377433776855,21.897361755371094
2020-11-03,310.6935119628906,131.0276641845703,178.9199981689453,11.27698802947998,21.77666664123535
2020-11-04,317.6372985839844,133.86988830566406,178.82000732421875,11.398807525634766,21.742185592651367
2020-11-05,323.8321228027344,134.1026611328125,182.92999267578125,11.451014518737793,21.535276412963867
2020-11-06,323.75811767578125,132.48199462890625,183.19000244140625,11.40750789642334,21.45768928527832
2020-11-09,327.8263854980469,129.69790649414062,175.0800018310547,11.546731948852539,21.595624923706055
2020-11-10,327.3455810546875,128.94993591308594,175.66000366210938,11.772967338562012,21.595624923706055
2020-11-11,329.77728271484375,129.4153594970703,174.89999389648438,11.764266014099121,21.621488571166992
2020-11-12,326.578125,131.61764526367188,175.9600067138672,11.668550491333008,21.621488571166992
2020-11-13,331.0994567871094,131.44317626953125,177.16000366210938,11.616342544555664,21.578384399414062
2020-11-16,335.2323913574219,131.1273956298828,177.14999389648438,11.720758438110352,21.526657104492188
2020-11-17,333.4294128417969,131.98336791992188,176.5,11.755563735961914,21.49217414855957
2020-11-18,329.41668701171875,132.36569213867188,175.49000549316406,11.772967338562012,21.500797271728516
2020-11-19,330.80352783203125,133.04713439941406,175.16000366210938,11.772967338562012,21.466310501098633
2020-11-20,328.5382995605469,134.22726440429688,175.69000244140625,11.833876609802246,21.49217414855957
2020-11-23,330.50762939453125,133.6123046875,172.22999572753906,11.868682861328125,21.526657104492188
2020-11-24,335.8333740234375,132.2825164794922,169.58999633789062,12.12102222442627,21.423206329345703
2020-11-25,335.3155822753906,131.8752899169922,169.50999450683594,12.225438117980957,21.388723373413086
2020-11-27,336.2494812011719,133.15521240234375,167.7899932861328,12.199334144592285,21.345617294311523
2020-11-30,334.7608642578125,132.989013671875,166.6699981689453,12.129722595214844,21.397342681884766
2020-12-01,338.42230224609375,131.0281219482422,170.17999267578125,12.094918251037598,21.20768165588379
2020-12-02,339.1341857910156,129.9882354736328,171.4600067138672,12.147126197814941,21.18181800842285
2020-12-03,339.0418395996094,131.03639221191406,172.80999755859375,12.164528846740723,21.069746017456055
2020-12-04,341.9634704589844,129.11473083496094,172.32000732421875,12.216736793518066,21.095605850219727
2020-12-07,341.2607421875,130.2793426513672,174.88999938964844,12.216736793518066,21.13009262084961
2020-12-08,342.25946044921875,130.89501953125,175.5,12.234140396118164,21.155956268310547
2020-12-09,339.189697265625,130.4624481201172,172.5,12.242840766906738,21.164573669433594
2020-12-10,339.0787658691406,131.61878967285156,172.1699981689453,12.425570487976074,21.104228973388672
2020-12-11,338.6811218261719,132.08465576171875,172.49000549316406,12.390765190124512,21.155956268310547
2020-12-14,337.1648254394531,131.7186279296875,171.5399932861328,12.425570487976074,21.095605850219727
2020-12-15,341.7230529785156,131.2777099609375,173.94000244140625,12.521285057067871,21.02663803100586
2020-12-16,342.25946044921875,130.92831420898438,174.89999389648438,12.590896606445312,21.000776290893555
2020-12-17,344.17327880859375,130.5818634033203,176.74000549316406,12.738821029663086,20.888704299926758
2020-12-18,342.79913330078125,130.1904296875,176.44000244140625,12.782325744628906,20.914567947387695
2020-12-21,341.5733642578125,130.70677185058594,175.8800048828125,12.651805877685547,20.957672119140625
2020-12-22,340.9976501464844,131.38137817382812,174.49000549316406,12.512584686279297,21.069746017456055
2020-12-23,341.30419921875,130.47364807128906,175.64999389648438,12.669208526611328,20.974912643432617
2020-12-24,342.6319274902344,130.98995971679688,176.35000610351562,12.704014778137207,20.992156982421875
2020-12-28,345.5754089355469,131.04815673828125,175.7100067138672,12.625701904296875,20.992156982421875
2020-12-29,344.9161682128906,130.8817138671875,176.35000610351562,12.660506248474121,20.923185348510742
2020-12-30,345.4081726074219,131.16482543945312,177.6999969482422,12.738821029663086,20.836978912353516
2020-12-31,347.1631774902344,131.35635375976562,178.36000061035156,12.791028022766113,20.897323608398438
2021-01-04,342.4369201660156,131.19810485839844,182.3300018310547,12.721417427062988,20.914567947387695
2021-01-05,344.79547119140625,130.22377014160156,182.8699951171875,13.078173637390137,20.793874740600586
2021-01-06,346.8567199707031,127.55046081542969,179.89999389648438,13.095576286315918,20.768009185791016
2021-01-07,352.01019287109375,126.42622375488281,179.47999572753906,13.156485557556152,20.888704299926758
2021-01-08,354.015869140625,126.01815795898438,173.33999633789062,13.260902404785156,20.923185348510742
2021-01-11,351.62945556640625,125.80995178222656,173.0,13.165186882019043,21.052501678466797
2021-01-12,351.7037658691406,125.71002197265625,174.1199951171875,13.41752815246582,20.9404296875
2021-01-13,352.6509094238281,127.12574768066406,173.3699951171875,13.382722854614258,21.009397506713867
2021-01-14,351.4159240722656,125.93489074707031,173.27999877929688,13.504542350769043,20.966293334960938
2021-01-15,348.8531494140625,126.43463134765625,171.1300048828125,13.3131103515625,21.104228973388672
2021-01-19,351.5923156738281,126.84262084960938,172.5800018310547,13.356618881225586,21.043880462646484
2021-01-20,356.4578857421875,126.9675064086914,175.38999938964844,13.36531925201416,21.035259246826172
2021-01-21,356.7828674316406,126.07650756835938,175.27999877929688,13.356618881225586,20.9404296875
2021-01-22,355.52008056640625,126.4844970703125,173.89999389648438,13.13038158416748,20.98353385925293
2021-01-25,356.9222412109375,127.97517395019531,174.0500030517578,13.269603729248047,21.009397506713867
2021-01-26,356.364990234375,127.73380279541016,173.6199951171875,13.295707702636719,20.949050903320312
2021-01-27,347.6553039550781,128.05845642089844,172.52000427246094,13.260902404785156,21.078365325927734
2021-01-28,350.645263671875,127.35060119628906,172.67999267578125,13.199993133544922,21.02663803100586
2021-01-29,343.6255187988281,126.58447265625,172.61000061035156,13.217395782470703,21.052501678466797
2021-02-01,349.34527587890625,126.731201171875,174.22999572753906,13.469734191894531,21.155956268310547
2021-02-02,354.2851257324219,125.91410064697266,172.11000061035156,13.574151992797852,21.18181800842285
2021-02-03,354.5636901855469,124.79682922363281,171.85000610351562,13.669867515563965,21.17319679260254
2021-02-04,358.593505859375,124.46338653564453,168.14999389648438,13.739479064941406,21.268028259277344
2021-02-05,360.00494384765625,123.42118835449219,169.80999755859375,13.809090614318848,21.147335052490234
2021-02-08,362.6048889160156,123.96317291259766,171.52000427246094,14.02662467956543,21.13871192932129
2021-02-09,362.36346435546875,124.05476379394531,172.0800018310547,14.078831672668457,21.02663803100586
2021-02-10,362.2055358886719,124.88020324707031,172.7100067138672,14.052728652954102,21.01801872253418
2021-02-11,362.79058837890625,124.19657897949219,171.2100067138672,14.02662467956543,21.009397506713867
2021-02-12,364.5826721191406,122.65412902832031,170.69000244140625,14.200651168823242,21.02663803100586
2021-02-16,364.2669982910156,120.78650665283203,168.24000549316406,14.392083168029785,21.02663803100586
2021-02-17,364.3505554199219,121.55355834960938,166.3300018310547,14.435589790344238,21.11284828186035
2021-02-18,362.7998352050781,121.06159210205078,166.32000732421875,14.383380889892578,21.043880462646484
2021-02-19,362.15924072265625,119.45250701904297,167.00999450683594,14.374680519104004,20.992156982421875
2021-02-22,359.3735046386719,118.5436782836914,169.50999450683594,14.696629524230957,20.931808471679688
2021-02-23,359.8099670410156,118.20188903808594,169.1199951171875,14.766240119934082,20.949050903320312
2021-02-24,363.7748107910156,117.42647552490234,169.0,14.992477416992188,20.914567947387695
2021-02-25,355.0093994140625,115.50882720947266,165.82000732421875,14.870657920837402,20.98353385925293
2021-02-26,353.18017578125,119.32740783691406,161.80999755859375,14.55740737915039,21.13871192932129
2021-03-01,361.7412414550781,117.75141906738281,161.52999877929688,14.435589790344238,21.155956268310547
2021-03-02,358.9186096191406,117.759765625,162.41000366210938,14.496499061584473,21.078365325927734
2021-03-03,354.1643371582031,116.48258972167969,160.6199951171875,14.583513259887695,21.13871192932129
2021-03-04,349.7816162109375,115.73129272460938,159.0399932861328,14.809749603271484,21.276647567749023
2021-03-05,356.2165222167969,115.95672607421875,159.13999938964844,15.114295959472656,21.354238510131836
2021-03-08,354.4429626464844,115.05513000488281,157.49000549316406,14.905463218688965,21.474931716918945
2021-03-09,359.50347900390625,116.64952850341797,160.83999633789062,14.905463218688965,21.354238510131836
2021-03-10,361.7412414550781,116.88326263427734,161.66000366210938,15.001178741455078,21.319751739501953
2021-03-11,365.4090576171875,116.04006958007812,161.52000427246094,15.22741413116455,21.21630096435547
2021-03-12,365.90118408203125,113.57757568359375,161.49000549316406,15.157803535461426,21.28527069091797
2021-03-15,368.08331298828125,114.245361328125,162.1999969482422,15.105595588684082,21.3283748626709
2021-03-16,367.61895751953125,113.78628540039062,162.35000610351562,15.044686317443848,21.3283748626709
2021-03-17,368.8724670410156,112.93482971191406,163.50999450683594,15.044686317443848,21.22492218017578
2021-03-18,363.5054931640625,111.79120635986328,162.55999755859375,14.331171989440918,21.354238510131836
2021-03-19,362.83294677734375,112.48406982421875,163.24000549316406,14.644421577453613,21.36285972595215
2021-03-22,365.730224609375,113.74453735351562,163.0,14.618318557739258,21.319751739501953
2021-03-23,362.8515625,114.77130889892578,161.80999755859375,14.209352493286133,21.44906997680664
2021-03-24,361.00701904296875,115.38903045654297,162.3699951171875,14.583513259887695,21.500797271728516
2021-03-25,363.0379333496094,114.47917175292969,161.77999877929688,14.252859115600586,21.561141967773438
2021-03-26,368.88824462890625,114.07847595214844,162.24000549316406,14.592214584350586,21.535276412963867
2021-03-29,368.7018737792969,113.11016845703125,160.30999755859375,14.609618186950684,21.587005615234375
2021-03-30,367.72381591796875,113.70284271240234,157.57000732421875,14.374680519104004,21.673213958740234
2021-03-31,369.21429443359375,113.06836700439453,159.9600067138672,14.45299243927002,21.655975341796875
2021-04-01,373.2014465332031,114.94500732421875,161.97999572753906,14.696629524230957,21.561141967773438
2021-04-05,378.55810546875,114.4434585571289,161.9199981689453,14.479095458984375,21.49217414855957
2021-04-06,378.3345031738281,115.22081756591797,163.22000122070312,14.531304359436035,21.440448760986328
2021-04-07,378.7723388671875,114.41841888427734,162.75999450683594,14.574811935424805,21.466310501098633
2021-04-08,380.5703125,115.36294555664062,164.50999450683594,14.65312385559082,21.371482849121094
2021-04-09,383.3370666503906,114.94500732421875,163.27000427246094,14.600915908813477,21.388723373413086
2021-04-12,383.47686767578125,114.89486694335938,162.27999877929688,14.609618186950684,21.38010025024414
2021-04-13,384.6133117675781,115.75579833984375,163.42999267578125,14.766240119934082,21.30251121520996
2021-04-14,383.2998352050781,115.38804626464844,162.72000122070312,15.105595588684082,21.276647567749023
2021-04-15,387.4173278808594,117.31890869140625,165.35000610351562,15.201309204101562,21.276647567749023
2021-04-16,388.7123107910156,116.40780639648438,166.35000610351562,15.17520523071289,21.25078582763672
2021-04-19,386.8025207519531,116.07344818115234,165.88999938964844,15.192607879638672,21.13009262084961
2021-04-20,383.9705810546875,116.60845947265625,166.47999572753906,15.166504859924316,21.164573669433594
2021-04-21,387.60369873046875,116.84251403808594,168.1300048828125,15.105595588684082,21.13871192932129
2021-04-22,384.063720703125,117.35237884521484,167.0399932861328,15.22741413116455,21.199060440063477
2021-04-23,388.2279052734375,117.07659149169922,166.39999389648438,15.349233627319336,21.078365325927734
2021-04-26,389.0383605957031,116.90937805175781,166.83999633789062,15.453651428222656,21.078365325927734
2021-04-27,388.95458984375,115.88957977294922,166.4199981689453,15.584172248840332,21.086986541748047
2021-04-28,388.8427734375,115.96482849121094,166.91000366210938,15.610276222229004,21.009397506713867
2021-04-29,391.32073974609375,115.62207794189453,166.22000122070312,15.714690208435059,21.01801872253418
2021-04-30,388.74957275390625,115.88957977294922,165.66000366210938,15.584172248840332,21.190439224243164
2021-05-03,389.5880126953125,115.95906066894531,167.80999755859375,15.758200645446777,21.095605850219727
2021-05-04,387.18450927734375,116.74594116210938,166.5800018310547,16.0018367767334,21.190439224243164
2021-05-05,387.3056640625,116.93852996826172,167.27000427246094,16.062747955322266,21.18181800842285
2021-05-06,390.3984375,117.13099670410156,170.05999755859375,16.14105796813965,21.078365325927734
2021-05-07,393.2398376464844,116.55340576171875,171.58999633789062,16.297683715820312,20.923185348510742
2021-05-10,389.3458251953125,115.37310028076172,172.11000061035156,16.184566497802734,20.923185348510742
2021-05-11,385.8709716796875,114.7201156616211,172.13999938964844,16.358591079711914,20.905946731567383
2021-05-12,377.67303466796875,113.51459503173828,170.42999267578125,16.341190338134766,21.061124801635742
2021-05-13,382.2098693847656,113.69042205810547,171.1300048828125,15.888720512390137,21.02663803100586
2021-05-14,388.078857421875,114.75359344482422,172.69000244140625,16.01923942565918,20.9404296875
2021-05-17,387.09130859375,114.51080322265625,174.6999969482422,16.219371795654297,20.914567947387695
2021-05-18,383.7562561035156,114.21788787841797,175.0399932861328,16.14105796813965,20.819734573364258
2021-05-19,382.7501525878906,113.94158172607422,175.16000366210938,15.810406684875488,20.914567947387695
2021-05-20,386.8677978515625,114.87915802001953,175.9600067138672,15.645079612731934,20.811111450195312
2021-05-21,386.55108642578125,115.24754333496094,176.0399932861328,15.793004035949707,20.880083084106445
2021-05-24,390.49163818359375,115.67444610595703,176.35000610351562,16.01053810119629,20.82835578918457
2021-05-25,389.6252136230469,116.74594116210938,177.9499969482422,15.958330154418945,20.802492141723633
2021-05-26,390.3984375,116.54505920410156,177.63999938964844,15.984435081481934,20.880083084106445
2021-05-27,390.6033935546875,116.07627868652344,177.7100067138672,16.236774444580078,20.862842559814453
2021-05-28,391.3021240234375,115.89205169677734,178.3800048828125,16.184566497802734,20.880083084106445
2021-06-01,390.9574279785156,115.86609649658203,177.89999389648438,16.471710205078125,20.845598220825195
2021-06-02,391.572265625,116.13433074951172,178.77000427246094,16.558727264404297,20.845598220825195
2021-06-03,390.1190185546875,115.69842529296875,175.27000427246094,16.419504165649414,20.974912643432617
2021-06-04,393.6870422363281,117.28286743164062,177.16000366210938,16.602231979370117,20.897323608398438
2021-06-07,393.3050537109375,116.92241668701172,177.8699951171875,16.628337860107422,20.862842559814453
2021-06-08,393.3888244628906,117.74398040771484,177.32000732421875,16.79366111755371,20.888704299926758
2021-06-09,392.8019714355469,118.78347778320312,176.97999572753906,16.715349197387695,20.905946731567383
2021-06-10,394.62786865234375,119.49612426757812,177.74000549316406,16.776260375976562,20.888704299926758
2021-06-11,395.2799072265625,119.30327606201172,175.74000549316406,16.72405242919922,20.992156982421875
2021-06-14,396.16497802734375,118.38948059082031,174.7100067138672,16.628337860107422,20.974912643432617
2021-06-15,395.4383850097656,118.2469711303711,174.0500030517578,16.558727264404297,20.992156982421875
2021-06-16,393.23046875,118.14630889892578,171.11000061035156,16.4630126953125,21.164573669433594
2021-06-17,393.1000061035156,119.91520690917969,165.85000610351562,16.036643981933594,21.3283748626709
2021-06-18,387.79705810546875,122.17034149169922,164.92999267578125,16.201969146728516,21.397342681884766
2021-06-21,393.3486022949219,120.12482452392578,166.9499969482422,16.402101516723633,21.29388999938965
2021-06-22,395.4515380859375,120.41826629638672,166.25,16.428205490112305,21.259408950805664
2021-06-23,394.9750061035156,120.10807037353516,166.13999938964844,16.532623291015625,21.29388999938965
2021-06-24,397.31158447265625,120.30091094970703,166.0399932861328,16.59353256225586,21.276647567749023
2021-06-25,398.7227783203125,119.05174255371094,166.58999633789062,16.523921966552734,21.28527069091797
2021-06-28,399.5266418457031,120.2757568359375,166.5800018310547,16.51521873474121,21.29388999938965
2021-06-29,399.7415771484375,120.47695922851562,164.8300018310547,16.59353256225586,21.345617294311523
2021-06-30,400.07794189453125,121.01349639892578,165.6300048828125,16.750154495239258,21.405961990356445
2021-07-01,402.2930603027344,121.02017974853516,166.1999969482422,16.811065673828125,21.466310501098633
2021-07-02,405.3680419921875,121.75048065185547,167.2899932861328,16.967689514160156,21.38010025024414
2021-07-06,404.62969970703125,123.17749786376953,168.1199951171875,16.506515502929688,21.45768928527832
2021-07-07,406.0595703125,124.26874542236328,168.75999450683594,16.306386947631836,21.49217414855957
2021-07-08,402.7511291503906,124.7556381225586,168.64999389648438,16.445608139038086,21.405961990356445
2021-07-09,407.0504150390625,123.00123596191406,169.2100067138672,16.63703727722168,21.354238510131836
2021-07-12,408.5083923339844,122.84175872802734,169.0,16.66314125061035,21.38010025024414
2021-07-13,407.1158447265625,121.90159606933594,169.22000122070312,16.802364349365234,21.509416580200195
2021-07-14,407.72332763671875,123.28655242919922,171.0399932861328,16.63703727722168,21.405961990356445
2021-07-15,406.3306884765625,124.64653015136719,171.07000732421875,16.55002212524414,21.466310501098633
2021-07-16,403.1435546875,124.41144561767578,169.41000366210938,16.55002212524414,21.49217414855957
2021-07-19,397.1900329589844,127.13957977294922,169.61000061035156,15.888720512390137,21.526657104492188
2021-07-20,402.8819580078125,125.91400909423828,169.38999938964844,16.1236572265625,21.552522659301758
2021-07-21,406.143798828125,124.31914520263672,168.75999450683594,16.445608139038086,21.500797271728516
2021-07-22,406.99432373046875,125.49429321289062,169.08999633789062,16.576128005981445,21.526657104492188
2021-07-23,411.1815185546875,124.6548843383789,168.55999755859375,16.66314125061035,21.535276412963867
2021-07-26,412.1908874511719,124.28558349609375,168.16000366210938,16.784961700439453,21.466310501098633
2021-07-27,410.3122863769531,125.61186218261719,168.44000244140625,16.689247131347656,21.431827545166016
2021-07-28,410.14398193359375,125.62020874023438,169.2899932861328,16.767559051513672,21.371482849121094
2021-07-29,411.84503173828125,124.92347717285156,171.1699981689453,17.063405990600586,21.29388999938965
2021-07-30,409.844970703125,125.51115417480469,169.82000732421875,16.967689514160156,21.354238510131836
2021-08-02,408.98504638671875,126.63056945800781,169.61000061035156,16.784961700439453,21.3283748626709
2021-08-03,412.3124084472656,126.69782257080078,169.49000549316406,16.70665168762207,21.336994171142578
2021-08-04,410.2841491699219,126.95829772949219,169.52999877929688,16.436904907226562,21.371482849121094
2021-08-05,412.88250732421875,126.31124877929688,168.86000061035156,16.680543899536133,21.371482849121094
2021-08-06,413.5647277832031,124.2016372680664,164.63999938964844,16.541322708129883,21.49217414855957
2021-08-09,413.228271484375,123.7562484741211,161.72000122070312,16.306386947631836,21.535276412963867
2021-08-10,413.7422790527344,123.18473815917969,161.77000427246094,16.602231979370117,21.552522659301758
2021-08-11,414.7704772949219,123.10913848876953,164.0,16.750154495239258,21.509416580200195
2021-08-12,416.0134582519531,122.90739440917969,164.0399932861328,16.689247131347656,21.535276412963867
2021-08-13,416.77056884765625,124.84884643554688,166.38999938964844,16.59353256225586,21.431827545166016
2021-08-16,417.75189208984375,125.15138244628906,167.22000122070312,16.55002212524414,21.44906997680664
2021-08-17,415.0133972167969,125.10096740722656,166.97000122070312,16.36729621887207,21.578384399414062
2021-08-18,410.47113037109375,125.5212173461914,167.10000610351562,16.175865173339844,21.578384399414062
2021-08-19,411.1066589355469,126.44569396972656,166.61000061035156,15.949629783630371,21.68183708190918
2021-08-20,414.37786865234375,126.52977752685547,166.6999969482422,15.575469970703125,21.655975341796875
2021-08-23,418.0229797363281,126.44569396972656,168.72999572753906,16.14105796813965,21.526657104492188
2021-08-24,418.68646240234375,125.46240997314453,168.64999389648438,16.48041343688965,21.509416580200195
2021-08-25,419.5650634765625,124.42022705078125,167.47999572753906,16.628337860107422,21.49217414855957
2021-08-26,417.0882263183594,124.76480865478516,167.6699981689453,16.49781608581543,21.552522659301758
2021-08-27,420.8175354003906,125.6136245727539,170.19000244140625,16.70665168762207,21.45768928527832
2021-08-30,422.66802978515625,125.94141387939453,169.35000610351562,16.767559051513672,21.45768928527832
2021-08-31,422.0418395996094,125.08417510986328,169.69000244140625,16.689247131347656,21.45768928527832
2021-09-01,422.2661437988281,125.293701171875,169.6999969482422,16.610933303833008,21.41458511352539
2021-09-02,423.5652770996094,125.84066009521484,169.25,16.802364349365234,21.36285972595215
2021-09-03,423.46240234375,124.69624328613281,171.05999755859375,16.819765090942383,21.319751739501953
2021-09-07,421.9483642578125,123.64431762695312,167.7100067138672,16.628337860107422,21.423206329345703
2021-09-08,421.43438720703125,124.48587036132812,167.2899932861328,16.750154495239258,21.45768928527832
2021-09-09,419.6304931640625,125.9921875,168.02999877929688,16.628337860107422,21.405961990356445
2021-09-10,416.3218994140625,124.88133239746094,167.17999267578125,16.845870971679688,21.440448760986328
2021-09-13,417.3873596191406,125.63872528076172,167.74000549316406,16.976390838623047,21.440448760986328
2021-09-14,415.13494873046875,127.16183471679688,168.82000732421875,16.967689514160156,21.440448760986328
2021-09-15,418.6024475097656,126.7158432006836,167.8300018310547,17.246131896972656,21.397342681884766
2021-09-16,417.9388122558594,126.13520050048828,164.02999877929688,17.12431526184082,21.49217414855957
2021-09-17,413.8676452636719,125.52926635742188,163.77000427246094,16.98509407043457,21.569765090942383
2021-09-20,406.9667663574219,127.0861587524414,164.94000244140625,16.784961700439453,21.578384399414062
2021-09-21,406.58233642578125,126.97672271728516,166.0399932861328,16.802364349365234,21.561141967773438
2021-09-22,410.5484619140625,127.7341537475586,165.4199981689453,16.99379539489746,21.621488571166992
2021-09-23,415.53656005859375,124.8476791381836,163.50999450683594,17.254837036132812,21.535276412963867
2021-09-24,416.22113037109375,123.62747955322266,163.3000030517578,17.333148956298828,21.595624923706055
2021-09-27,415.0303039550781,123.17304229736328,163.63999938964844,17.568086624145508,21.621488571166992
2021-09-28,406.6667175292969,121.25438690185547,162.0500030517578,17.428863525390625,21.699077606201172
2021-09-29,407.3511657714844,121.46475219726562,161.32000732421875,17.446266174316406,21.854257583618164
2021-09-30,402.3724060058594,121.44795227050781,164.22000122070312,17.559383392333984,21.81977081298828
2021-10-01,407.15423583984375,122.47003936767578,164.58999633789062,17.794322967529297,21.77666664123535
2021-10-04,401.9036560058594,122.15827178955078,165.36000061035156,18.081466674804688,21.707698822021484
2021-10-05,406.08538818359375,120.97863006591797,164.58999633789062,18.307703018188477,21.750804901123047
2021-10-06,407.7731018066406,121.6611099243164,165.02999877929688,18.003154754638672,21.8111515045166
2021-10-07,411.298583984375,120.38882446289062,164.16000366210938,18.229389190673828,21.80253028869629
2021-10-08,410.5484619140625,119.5462875366211,164.22999572753906,18.290300369262695,21.785289764404297
2021-10-11,407.5762023925781,119.24292755126953,163.9199981689453,18.412118911743164,21.84563636779785
2021-10-12,406.5730285644531,121.28191375732422,164.66000366210938,18.412118911743164,21.871498107910156
2021-10-13,408.03558349609375,122.46159362792969,167.58999633789062,18.51653480529785,21.750804901123047
2021-10-14,414.8990173339844,122.91657257080078,168.0,18.70796775817871,21.750804901123047
2021-10-15,418.05877685546875,122.20032501220703,165.3300018310547,18.864591598510742,21.72494125366211
2021-10-18,419.29656982421875,122.77339172363281,164.9199981689453,18.751474380493164,21.73356056213379
2021-10-19,422.5314025878906,121.07972717285156,165.4499969482422,18.794979095458984,21.68183708190918
2021-10-20,424.19091796875,120.2624282836914,166.89999389648438,19.003812789916992,21.64735221862793
2021-10-21,425.29730224609375,120.11917114257812,166.75,18.71666717529297,21.699077606201172
2021-10-22,424.8565979003906,121.4420394897461,167.77000427246094,18.803682327270508,21.655975341796875
2021-10-25,427.1349792480469,121.25672912597656,168.92999267578125,18.899396896362305,21.690458297729492
2021-10-26,427.51947021484375,122.25934600830078,167.67999267578125,18.925498962402344,21.73356056213379
2021-10-27,425.6255187988281,124.48379516601562,168.1199951171875,18.57744598388672,21.72494125366211
2021-10-28,429.7322692871094,124.06249237060547,168.0800018310547,18.673160552978516,21.595624923706055
2021-10-29,430.604248046875,124.441650390625,166.64999389648438,18.57744598388672,21.768047332763672
2021-11-01,431.3450622558594,123.54569244384766,167.52000427246094,18.71666717529297,21.699077606201172
2021-11-02,433.08892822265625,124.0940933227539,167.16000366210938,18.768877029418945,21.750804901123047
2021-11-03,435.7331237792969,122.81175231933594,165.77000427246094,18.290300369262695,21.699077606201172
2021-11-04,437.7864685058594,124.10250854492188,167.64999389648438,18.177183151245117,21.8111515045166
2021-11-05,439.305419921875,125.95854949951172,169.83999633789062,18.429523468017578,21.79391098022461
2021-11-08,439.6805419921875,125.7223892211914,170.4499969482422,18.542640686035156,21.750804901123047
2021-11-09,438.22723388671875,127.35904693603516,171.2899932861328,18.69056510925293,21.72494125366211
2021-11-10,434.70172119140625,125.0304946899414,173.14999389648438,18.455625534057617,21.95770835876465
2021-11-11,434.8423156738281,124.844970703125,174.1199951171875,18.58614730834961,22.009435653686523
2021-11-12,438.1239318847656,124.29658508300781,174.4499969482422,18.560043334960938,21.983572006225586
2021-11-15,438.2740783691406,122.73576354980469,174.17999267578125,18.56874656677246,22.104265213012695
2021-11-16,440.0086364746094,122.4236068725586,172.9199981689453,18.542640686035156,22.190475463867188
2021-11-17,438.9397888183594,123.39378356933594,174.5,18.3773136138916,22.147371292114258
2021-11-18,440.4305725097656,123.85784149169922,173.94000244140625,18.438222885131836,22.087024688720703
2021-11-19,439.64300537109375,125.16554260253906,172.61000061035156,18.142379760742188,22.1990966796875
2021-11-22,438.40533447265625,123.6975326538086,168.74000549316406,18.272899627685547,22.311166763305664
2021-11-23,438.9866943359375,121.90899658203125,167.27999877929688,18.60354995727539,22.302549362182617
2021-11-24,440.1586608886719,123.86628723144531,167.1199951171875,18.533935546875,22.388757705688477
2021-11-26,430.3417663574219,126.9962387084961,166.85000610351562,17.428863525390625,22.216339111328125
2021-11-29,435.6206359863281,125.97541046142578,166.6199951171875,17.428863525390625,22.259443283081055
2021-11-30,427.1444091796875,127.89054107666016,165.5,16.950288772583008,22.15599250793457
2021-12-01,422.4001159667969,128.6794891357422,166.16000366210938,16.802364349365234,22.216339111328125
2021-12-02,428.8696594238281,128.83999633789062,165.24000549316406,16.950288772583008,22.224960327148438
2021-12-03,425.1379699707031,130.3773651123047,166.6300048828125,16.967689514160156,22.216339111328125
2021-12-06,430.1730041503906,128.5865478515625,166.22000122070312,17.26353645324707,22.250823974609375
2021-12-07,439.071044921875,127.54753875732422,166.80999755859375,17.52457618713379,22.259443283081055
2021-12-08,440.2336730957031,125.34298706054688,166.89999389648438,17.75951385498047,22.15599250793457
2021-12-09,437.2613830566406,126.04412841796875,165.8800048828125,17.48977279663086,22.233579635620117
2021-12-10,441.3775634765625,125.73998260498047,166.5800018310547,17.689905166625977,22.1990966796875
2021-12-13,437.4676818847656,127.59831237792969,167.0,17.602890014648438,22.268064498901367
2021-12-14,434.4578857421875,127.2942123413086,165.44000244140625,17.446266174316406,22.311166763305664
2021-12-15,441.2463684082031,126.06941986083984,166.14999389648438,17.533279418945312,22.276687622070312
2021-12-16,437.3551330566406,126.1184310913086,168.16000366210938,17.637697219848633,22.181854248046875
2021-12-17,432.700439453125,127.54752349853516,167.8000030517578,17.428863525390625,22.337034225463867
2021-12-20,428.0993957519531,126.59198760986328,167.08999633789062,17.307044982910156,22.311166763305664
2021-12-21,435.7020263671875,126.10994720458984,167.02000427246094,17.672500610351562,22.285306930541992
2021-12-22,440.0584411621094,126.6935043334961,168.58999633789062,17.88133430480957,22.1990966796875
2021-12-23,442.79656982421875,125.59418487548828,168.97000122070312,17.97705078125,22.181854248046875
2021-12-27,449.06304931640625,125.89855194091797,169.3699951171875,18.20328712463379,22.190475463867188
2021-12-28,448.6960754394531,125.39967346191406,168.63999938964844,18.16847801208496,22.216339111328125
2021-12-29,449.2701110839844,124.02973937988281,168.58999633789062,18.255495071411133,22.15599250793457
2021-12-30,448.0279846191406,125.06985473632812,169.8000030517578,18.16847801208496,22.190475463867188
2021-12-31,446.89892578125,125.31513214111328,170.9600067138672,18.081466674804688,22.095643997192383
2022-01-03,449.4864501953125,122.02554321289062,168.3300018310547,18.151077270507812,22.233579635620117
2022-01-04,449.3359375,121.51821899414062,169.57000732421875,18.36861228942871,22.250823974609375
2022-01-05,440.70770263671875,120.85860443115234,169.05999755859375,18.290300369262695,22.224960327148438
2022-01-06,440.29376220703125,121.17150115966797,166.99000549316406,18.44692611694336,22.24220085144043
2022-01-07,438.552978515625,120.30046081542969,167.75,18.481731414794922,22.121505737304688
2022-01-10,438.0072021484375,120.59640502929688,168.25999450683594,18.403417587280273,22.173233032226562
2022-01-11,441.9966735839844,121.39976501464844,170.2899932861328,18.760173797607422,22.07840347290039
2022-01-12,443.19171142578125,120.9346694946289,170.74000549316406,18.908098220825195,21.93184471130371
2022-01-13,437.08514404296875,122.00867462158203,170.16000366210938,18.70796775817871,21.92322540283203
2022-01-14,437.263916015625,120.1651840209961,169.6699981689453,18.95160484313965,21.983572006225586
2022-01-18,429.52008056640625,118.47391510009766,169.38999938964844,19.099529266357422,22.121505737304688
2022-01-19,425.0601501464844,119.294189453125,172.0800018310547,19.20394515991211,22.069780349731445
2022-01-20,420.3555603027344,120.0298843383789,171.64999389648438,19.13433265686035,22.138751983642578
2022-01-21,412.1037902832031,121.458984375,171.08999633789062,19.151737213134766,22.07840347290039
2022-01-24,413.8538513183594,120.46106719970703,172.02999877929688,19.10822868347168,22.147371292114258
2022-01-25,408.80108642578125,120.26664733886719,172.5800018310547,19.282257080078125,22.15599250793457
2022-01-26,407.7755126953125,118.81216430664062,169.7899932861328,19.325763702392578,22.276687622070312
2022-01-27,405.7619323730469,120.9938735961914,167.60000610351562,19.421476364135742,22.46634864807129
2022-01-28,415.8392028808594,121.03618621826172,167.10000610351562,19.438880920410156,22.457727432250977
2022-01-31,423.3288879394531,120.41045379638672,168.08999633789062,19.508493423461914,22.302549362182617
2022-02-01,426.1893005371094,120.01071166992188,168.22999572753906,19.58680534362793,22.24220085144043
2022-02-02,430.3293762207031,120.41722869873047,168.83999633789062,19.665117263793945,22.15599250793457
2022-02-03,420.2144470214844,119.47722625732422,168.60000610351562,19.70862579345703,22.04391860961914
2022-02-04,422.1903991699219,117.7157974243164,168.86000061035156,19.865249633789062,22.026676177978516
2022-02-07,420.83544921875,117.79209899902344,170.11000061035156,19.908754348754883,22.035297393798828
2022-02-08,424.29815673828125,117.00450134277344,170.6300048828125,19.734729766845703,22.069780349731445
2022-02-09,430.5081481933594,117.22469329833984,171.2100067138672,19.934860229492188,22.04391860961914
2022-02-10,422.7737121582031,115.36170959472656,170.55999755859375,19.830446243286133,22.07840347290039
2022-02-11,414.4372253417969,117.07225799560547,173.80999755859375,20.126291275024414,22.173233032226562
2022-02-14,413.082275390625,115.6157455444336,174.74000549316406,20.2307071685791,22.233579635620117
2022-02-15,419.7439880371094,114.30316162109375,173.0800018310547,19.900056838989258,22.147371292114258
2022-02-16,420.2144470214844,114.98060607910156,174.86000061035156,19.926158905029297,22.104265213012695
2022-02-17,411.2381286621094,115.83589172363281,177.25,20.09148597717285,22.112884521484375
2022-02-18,408.5753173828125,117.0552978515625,177.1199951171875,20.1697998046875,22.173233032226562
2022-02-22,404.1906433105469,117.36019134521484,177.49000549316406,20.45694351196289,22.181854248046875
2022-02-23,397.02081298828125,115.74279022216797,178.2899932861328,20.648374557495117,22.207717895507812
2022-02-24,402.9956970214844,115.81895446777344,177.13999938964844,20.735387802124023,22.388757705688477
2022-02-25,411.8872985839844,115.90367889404297,176.5500030517578,20.422136306762695,22.276687622070312
2022-02-28,410.8335266113281,118.44407653808594,178.3800048828125,20.77019500732422,22.311166763305664
2022-03-01,404.5764465332031,119.81351470947266,181.6199951171875,21.605525970458984,22.48358917236328
2022-03-02,412.01910400390625,115.7179946899414,179.72999572753906,22.31033706665039,22.46634864807129
2022-03-03,409.9678649902344,116.89661407470703,180.8000030517578,22.55397605895996,22.55255699157715
2022-03-04,406.63702392578125,118.9146957397461,183.67999267578125,23.502426147460938,22.724977493286133
2022-03-07,394.649658203125,118.00737762451172,186.41000366210938,24.01580810546875,22.888778686523438
2022-03-08,391.6575927734375,116.82028198242188,191.50999450683594,24.424772262573242,22.845672607421875
2022-03-09,402.1582946777344,115.67558288574219,185.82000732421875,22.484365463256836,22.621524810791016
2022-03-10,400.3423156738281,114.01360321044922,186.39999389648438,22.214624404907227,22.733600616455078
2022-03-11,395.2519226074219,114.39519500732422,185.08999633789062,22.59748077392578,22.854293823242188
2022-03-14,392.3632507324219,111.72417449951172,182.3000030517578,21.93617820739746,22.845672607421875
2022-03-15,400.991455078125,111.52914428710938,178.88999938964844,21.396692276000977,22.819807052612305
2022-03-16,409.88311767578125,112.6230239868164,180.00999450683594,21.21396255493164,22.656009674072266
2022-03-17,415.01123046875,111.78353881835938,180.88999938964844,22.232023239135742,22.60428237915039
2022-03-18,419.55670166015625,113.14871215820312,179.3000030517578,22.336442947387695,22.630146026611328
2022-03-21,419.4340515136719,110.52861785888672,180.6699981689453,23.17177391052246,22.71635627746582
2022-03-22,424.3419494628906,109.112548828125,179.36000061035156,23.119565963745117,22.70773696899414
2022-03-23,418.8771667480469,111.50372314453125,181.80999755859375,23.693857192993164,22.733600616455078
2022-03-24,425.19146728515625,110.63035583496094,183.1300048828125,23.458919525146484,22.759464263916016
2022-03-25,427.26788330078125,109.09558868408203,182.3800048828125,23.632946014404297,22.768083572387695
2022-03-28,430.3070373535156,110.0283203125,179.05999755859375,22.606185913085938,22.837051391601562
2022-03-29,435.63031005859375,110.85931396484375,179.13999938964844,22.69319725036621,22.699115753173828
2022-03-30,432.9404296875,111.72417449951172,180.5800018310547,23.102163314819336,22.578420639038086
2022-03-31,426.2768249511719,111.99555969238281,180.64999389648438,22.67579460144043,22.67325210571289
2022-04-01,427.4849548339844,112.42182922363281,179.5,22.823719024658203,22.70773696899414
2022-04-04,431.14703369140625,111.64054107666016,180.3699951171875,23.258787155151367,22.811187744140625
2022-04-05,425.7011413574219,109.1183090209961,179.24000549316406,23.067358016967773,22.931882858276367
2022-04-06,421.44439697265625,108.23512268066406,179.66000366210938,22.884628295898438,22.94912338256836
2022-04-07,423.5680236816406,107.41983795166016,180.33999633789062,22.962940216064453,22.992229461669922
2022-04-08,422.43548583984375,106.25640106201172,181.47000122070312,23.25008773803711,22.992229461669922
2022-04-11,415.2150573730469,104.57490539550781,182.3699951171875,23.058656692504883,23.043956756591797
2022-04-12,413.6766052246094,104.43057250976562,183.77000427246094,23.74606704711914,23.121543884277344
2022-04-13,418.4146423339844,104.6428451538086,184.64999389648438,24.268146514892578,23.026714324951172
2022-04-14,413.20465087890625,102.54528045654297,184.0399932861328,24.450876235961914,23.130165100097656
2022-04-18,413.3746032714844,102.03569793701172,184.61000061035156,24.729320526123047,23.22499656677246
2022-04-19,420.0474853515625,101.2713851928711,181.82000732421875,24.0941219329834,23.276721954345703
2022-04-20,419.73602294921875,103.30955505371094,182.7100067138672,24.120222091674805,23.11292266845703
2022-04-21,413.45953369140625,102.54528045654297,182.05999755859375,24.085418701171875,23.18189239501953
2022-04-22,402.1144714355469,101.89979553222656,180.2899932861328,23.62424659729004,23.319826126098633
2022-04-25,404.4458312988281,102.91889190673828,177.0500030517578,23.450218200683594,23.431900024414062
2022-04-26,392.732666015625,103.95497131347656,177.32000732421875,23.77216911315918,23.578458786010742
2022-04-27,393.8370056152344,102.62168884277344,175.97999572753906,23.9374942779541,23.72501564025879
2022-04-28,403.7851867675781,102.77455139160156,176.92999267578125,24.13762664794922,23.862951278686523
2022-04-29,388.8629455566406,101.44124603271484,176.91000366210938,23.954898834228516,23.76811981201172
2022-05-02,391.2037353515625,99.68286895751953,173.6300048828125,24.320358276367188,23.888813018798828
2022-05-03,392.99700927734375,100.35491180419922,174.08999633789062,23.981002807617188,23.84571075439453
2022-05-04,404.9649353027344,100.90786743164062,175.8000030517578,24.729320526123047,23.64742660522461
2022-05-05,390.5713806152344,98.14315032958984,175.1300048828125,24.598800659179688,23.84571075439453
2022-05-06,388.24005126953125,96.69697570800781,175.4199981689453,24.62490463256836,23.888813018798828
2022-05-09,375.8096618652344,97.54766082763672,172.8800048828125,23.511127471923828,23.89743423461914
2022-05-10,376.677978515625,98.43238830566406,171.4199981689453,23.371906280517578,23.94916343688965
2022-05-11,370.69403076171875,100.32941436767578,172.82000732421875,23.946197509765625,23.97502326965332
2022-05-12,370.3070068359375,100.14225006103516,170.1699981689453,24.059314727783203,24.181926727294922
2022-05-13,379.16033935546875,98.66206359863281,168.7899932861328,24.389968872070312,24.112958908081055
2022-05-16,377.621826171875,98.55997467041016,170.39999389648438,24.79022979736328,24.018131256103516
2022-05-17,385.3896179199219,97.3689956665039,169.3300018310547,24.520488739013672,23.819847106933594
2022-05-18,369.8538818359375,99.4446792602539,169.4199981689453,23.989702224731445,23.940540313720703
2022-05-19,367.5887756347656,99.68286895751953,171.91000366210938,24.294252395629883,23.69053077697754
2022-05-20,367.7492370605469,100.81426239013672,172.02999877929688,24.329057693481445,23.742258071899414
2022-05-23,374.62982177734375,99.15542602539062,172.8300018310547,24.51178741455078,23.5267333984375
2022-05-24,371.7700500488281,101.11203002929688,174.1300048828125,24.494382858276367,23.457761764526367
2022-05-25,375.0545654296875,101.51184844970703,173.0800018310547,24.668413162231445,23.543973922729492
2022-05-26,382.5487060546875,101.05247497558594,172.75999450683594,24.938154220581055,23.466384887695312
2022-05-27,391.9399108886719,101.29914093017578,172.85000610351562,25.2340030670166,23.414657592773438
2022-05-31,389.74072265625,99.15542602539062,171.13999938964844,25.059972763061523,23.457761764526367
2022-06-01,386.58831787109375,99.04210662841797,172.22999572753906,25.181793212890625,23.63880729675293
2022-06-02,393.9502868652344,99.09322357177734,174.35000610351562,25.756084442138672,23.431900024414062
2022-06-03,387.48492431640625,98.88018798828125,172.5800018310547,25.99972152709961,23.535354614257812
2022-06-06,388.664794921875,97.05648040771484,171.82000732421875,26.112838745117188,23.587080001831055
2022-06-07,392.3929748535156,98.10469055175781,172.94000244140625,26.286869049072266,23.561216354370117
2022-06-08,388.1268005371094,97.23542785644531,172.77999877929688,26.521804809570312,23.630184173583984
2022-06-09,378.8959655761719,97.55928802490234,172.22999572753906,26.5653133392334,23.80260467529297
2022-06-10,367.9096984863281,96.9542236328125,174.5399932861328,26.304269790649414,23.992265701293945
2022-06-13,353.9407958984375,93.91191101074219,169.92999267578125,26.008424758911133,24.225034713745117
2022-06-14,352.8742980957031,92.72734069824219,168.57000732421875,25.721281051635742,24.276758193969727
2022-06-15,357.9049377441406,94.45729064941406,170.77000427246094,25.73868179321289,24.08709716796875
2022-06-16,346.05975341796875,95.20722961425781,172.69000244140625,25.85179901123047,23.85433006286621
2022-06-17,346.80572509765625,95.51402282714844,171.27000427246094,24.929452896118164,24.095718383789062
2022-06-21,355.5361022949219,93.89485931396484,170.6300048828125,24.86854362487793,24.00950813293457
2022-06-22,354.8915100097656,96.47698974609375,171.30999755859375,24.424772262573242,23.97502326965332
2022-06-23,358.3703918457031,97.26954650878906,170.25999450683594,23.8765869140625,24.000886917114258
2022-06-24,369.7643737792969,95.92308807373047,170.08999633789062,24.10282325744629,23.94916343688965
2022-06-27,368.3519287109375,95.10496520996094,169.89999389648438,24.05061149597168,23.906057357788086
2022-06-28,360.82550048828125,95.54811096191406,169.6199951171875,24.337757110595703,24.04399299621582
2022-06-29,360.5316162109375,97.0394515991211,169.49000549316406,23.92009162902832,24.181926727294922
2022-06-30,357.6025390625,97.89164733886719,168.4600067138672,23.18047332763672,24.104337692260742
2022-07-01,361.384765625,98.89666748046875,168.32000732421875,23.29359245300293,24.181926727294922
2022-07-05,362.0672607421875,99.67369079589844,164.75,21.727344512939453,24.526769638061523
2022-07-06,363.2900695800781,98.00006103515625,162.13999938964844,21.405393600463867,24.63884162902832
2022-07-07,368.7310791015625,97.13766479492188,162.22999572753906,22.29293441772461,24.647462844848633
2022-07-08,368.42779541015625,96.06175994873047,162.3000030517578,22.68449592590332,24.630220413208008
2022-07-11,364.2190246582031,97.71830749511719,161.42999267578125,22.640993118286133,24.914714813232422
2022-07-12,360.9960632324219,98.29893493652344,160.8300018310547,21.614225387573242,24.906091690063477
2022-07-13,359.1002502441406,99.42608642578125,161.60000610351562,21.736045837402344,24.854368209838867
2022-07-14,358.22808837890625,98.61485290527344,159.3300018310547,21.53591537475586,25.02678871154785
2022-07-15,365.0721740722656,99.1698989868164,159.00999450683594,21.814359664916992,24.880229949951172
2022-07-18,362.0577697753906,98.13666534423828,159.16000366210938,22.223323822021484,24.74229621887207
2022-07-19,371.84033203125,97.6072769165039,159.5399932861328,22.31033706665039,24.587116241455078
2022-07-20,374.2100524902344,97.86347198486328,158.0399932861328,22.29293441772461,24.656085968017578
2022-07-21,378.0207214355469,99.55416107177734,160.27000427246094,21.91877555847168,24.587116241455078
2022-07-22,374.513427734375,101.227783203125,160.6699981689453,21.65773582458496,24.55263328552246
2022-07-25,374.96844482421875,100.23725128173828,160.22999572753906,22.04929542541504,24.51814842224121
2022-07-26,370.5321960449219,100.31410217285156,160.0399932861328,22.092802047729492,24.707809448242188
2022-07-27,380.15350341796875,99.75054168701172,161.6699981689453,22.59748077392578,24.500905990600586
2022-07-28,384.9216003417969,100.5446548461914,163.63999938964844,22.614885330200195,24.48366355895996
2022-07-29,390.533203125,100.27142333984375,164.10000610351562,22.719301223754883,24.38883399963379
2022-08-01,389.3767395019531,102.6863021850586,165.02999877929688,22.258127212524414,24.29400062561035
2022-08-02,386.80792236328125,100.5135269165039,164.0500030517578,22.1450138092041,24.44917869567871
2022-08-03,392.8651123046875,102.09605407714844,164.4499969482422,21.95357894897461,24.51814842224121
2022-08-04,392.5997314453125,102.06183624267578,167.1699981689453,21.718645095825195,24.36297035217285
2022-08-05,391.9361877441406,99.63241577148438,165.2899932861328,21.64033317565918,24.569873809814453
2022-08-08,391.481201171875,101.24063873291016,166.69000244140625,21.90137481689453,24.535388946533203
2022-08-09,389.9266357421875,100.84709167480469,167.1999969482422,22.0841007232666,24.509525299072266
2022-08-10,398.11663818359375,100.18843841552734,166.77999877929688,22.388648986816406,24.242277145385742
2022-08-11,398.11663818359375,97.85306549072266,166.33999633789062,22.823719024658203,24.259517669677734
2022-08-12,404.8563232421875,98.8454360961914,167.8699951171875,22.701900482177734,24.35434913635254
2022-08-15,406.5246276855469,98.75983428955078,165.7100067138672,22.4234561920166,24.569873809814453
2022-08-16,407.3209228515625,99.17047882080078,165.4199981689453,22.171113967895508,24.56125259399414
2022-08-17,404.4298095703125,98.13540649414062,164.35000610351562,22.258127212524414,24.59573745727539
2022-08-18,405.605224609375,98.28083038330078,163.9199981689453,22.59748077392578,24.785400390625
2022-08-19,400.1546936035156,96.69824981689453,162.72000122070312,22.58877944946289,24.94057846069336
2022-08-22,391.8224792480469,96.37320709228516,161.63999938964844,22.78891372680664,25.14748191833496
2022-08-23,390.87451171875,95.84282684326172,162.77000427246094,23.16307258605957,25.044029235839844
2022-08-24,392.1257629394531,95.1413803100586,163.25,23.40671157836914,25.061269760131836
2022-08-25,397.66162109375,96.46728515625,163.75,23.076059341430664,25.01816749572754
2022-08-26,384.201171875,97.19441223144531,161.75999450683594,23.17177391052246,25.11299705505371
2022-08-29,381.6607666015625,96.39031219482422,161.86000061035156,23.511127471923828,25.121618270874023
2022-08-30,377.47100830078125,96.62982177734375,160.50999450683594,22.858524322509766,25.11299705505371
2022-08-31,374.5987243652344,95.70597076416016,159.27000427246094,22.379947662353516,25.09575653076172
2022-09-01,375.774169921875,93.95379638671875,157.8699951171875,21.90137481689453,25.319904327392578
2022-09-02,371.8117980957031,94.4852523803711,159.25999450683594,22.04929542541504,25.328521728515625
2022-09-06,370.40899658203125,92.14497375488281,158.3300018310547,21.91877555847168,25.475078582763672
2022-09-07,377.0633544921875,93.60230255126953,159.94000244140625,21.396692276000977,25.294038772583008
2022-09-08,379.5279541015625,92.64217376708984,158.97999572753906,21.483705520629883,25.34576416015625
2022-09-09,385.4239807128906,92.84791564941406,159.82000732421875,22.092802047729492,25.164724349975586
2022-09-12,389.56640625,92.08495330810547,160.6300048828125,22.39735221862793,25.035409927368164
2022-09-13,372.6271057128906,92.2992935180664,158.5399932861328,22.28423500061035,25.3802490234375
2022-09-14,374.0489501953125,92.61646270751953,157.92999267578125,22.379947662353516,25.328521728515625
2022-09-15,369.80224609375,92.55644226074219,154.97999572753906,21.727344512939453,25.34576416015625
2022-09-16,366.9810791015625,91.78491973876953,155.83999633789062,21.649030685424805,25.34576416015625
2022-09-19,369.8269958496094,91.99925231933594,155.9600067138672,21.718645095825195,25.328521728515625
2022-09-20,365.5819091796875,91.08198547363281,155.07000732421875,21.69253921508789,25.44921875
2022-09-21,359.2048034667969,92.60789489746094,155.7899932861328,21.56201934814453,25.69922637939453
2022-09-22,356.1875305175781,90.24191284179688,155.6999969482422,21.622928619384766,25.73371124267578
2022-09-23,350.2196350097656,90.61051177978516,153.00999450683594,20.892013549804688,26.138896942138672
2022-09-26,346.7550354003906,88.8788833618164,151.22999572753906,20.404735565185547,26.432010650634766
2022-09-27,345.86993408203125,86.5385971069336,151.5399932861328,20.622270584106445,26.44063377380371
2022-09-28,352.67535400390625,89.43610382080078,154.69000244140625,21.19655990600586,26.095792770385742
2022-09-29,345.3083190917969,88.97318267822266,154.66000366210938,21.066038131713867,25.992340087890625
2022-09-30,339.9686279296875,87.8244400024414,154.6699981689453,20.80500030517578,25.992340087890625
2022-10-03,348.9442443847656,89.21996307373047,158.42999267578125,21.274873733520508,25.871646881103516
2022-10-04,359.7568054199219,88.97077178955078,160.6999969482422,21.849166870117188,25.518186569213867
2022-10-05,358.9192810058594,88.12007141113281,159.80999755859375,22.240726470947266,25.759572982788086
2022-10-06,355.2167053222656,87.63028717041016,159.6300048828125,22.379947662353516,26.018203735351562
2022-10-07,345.3083190917969,86.77957153320312,157.8800048828125,22.614885330200195,26.12165641784668
2022-10-10,342.6717529296875,85.43047332763672,155.47999572753906,22.362546920776367,26.23373031616211
2022-10-11,340.50164794921875,85.80858612060547,155.16000366210938,22.04059410095215,26.2509708404541
2022-10-12,339.3784484863281,86.22965240478516,155.99000549316406,22.04059410095215,26.2509708404541
2022-10-13,348.3350524902344,85.40470123291016,154.91000366210938,22.345144271850586,26.078548431396484
2022-10-14,340.3968811035156,84.70010375976562,152.97999572753906,21.90137481689453,26.25959014892578
2022-10-17,349.1441345214844,84.28763580322266,153.4199981689453,21.849166870117188,25.992340087890625
2022-10-18,353.2464294433594,84.48529815673828,153.75,21.614225387573242,25.97509765625
2022-10-19,350.7431640625,82.94715118408203,151.69000244140625,21.605525970458984,26.16476058959961
2022-10-20,347.80206298828125,81.52932739257812,151.4499969482422,21.622928619384766,26.182003021240234
2022-10-21,356.2541809082031,80.05995178222656,154.14999389648438,21.649030685424805,25.957857131958008
2022-10-24,360.61346435546875,79.39826965332031,153.64999389648438,21.709941864013672,25.983718872070312
2022-10-25,366.3719482421875,81.70979309082031,154.0,21.831762313842773,25.69922637939453
2022-10-26,363.6117248535156,82.88700866699219,154.97999572753906,22.240726470947266,25.431976318359375
2022-10-27,361.66998291015625,83.75487518310547,154.74000549316406,22.275531768798828,25.630258560180664
2022-10-28,370.27435302734375,83.17918395996094,153.16000366210938,22.014490127563477,25.673364639282227
2022-10-31,367.5997314453125,82.58623504638672,151.91000366210938,21.857866287231445,25.88888931274414
2022-11-01,365.9912109375,83.35804748535156,153.4600067138672,22.188518524169922,25.880268096923828
2022-11-02,356.80621337890625,82.99626159667969,152.38999938964844,22.388648986816406,25.992340087890625
2022-11-03,353.1322326660156,82.54833984375,151.80999755859375,22.371244430541992,26.207866668701172
2022-11-04,358.2148742675781,81.16150665283203,156.47000122070312,23.128267288208008,25.716468811035156
2022-11-07,361.64141845703125,80.35177612304688,155.85000610351562,22.92813491821289,25.569910049438477
2022-11-08,363.5926208496094,81.23042297363281,159.4499969482422,22.649690628051758,25.457839965820312
2022-11-09,356.1018981933594,81.49742889404297,158.64999389648438,22.127609252929688,25.64750099182129
2022-11-10,375.671142578125,84.6329574584961,163.47999572753906,22.327741622924805,25.061269760131836
2022-11-11,379.3070983886719,84.3228530883789,164.55999755859375,22.754108428955078,24.699188232421875
2022-11-14,376.0804443359375,84.11610412597656,164.9199981689453,22.41475486755371,24.811264038085938
2022-11-15,379.28802490234375,85.47711944580078,165.5,22.67579460144043,24.725053787231445
2022-11-16,376.39453125,87.34637451171875,165.1199951171875,22.4234561920166,24.67332649230957
2022-11-17,375.2427978515625,86.42469024658203,163.9199981689453,22.04929542541504,24.768156051635742
2022-11-18,376.9465637207031,85.83030700683594,162.7899932861328,21.892669677734375,24.837125778198242
2022-11-21,375.57598876953125,86.1921157836914,161.8800048828125,21.814359664916992,25.052650451660156
2022-11-22,380.6300964355469,87.41529083251953,162.07000732421875,22.04059410095215,24.897472381591797
2022-11-23,383.0286560058594,88.9399642944336,163.0800018310547,21.736045837402344,24.63884162902832
2022-11-25,382.9430236816406,88.63848876953125,163.22000122070312,21.54461669921875,24.63884162902832
2022-11-28,376.83245849609375,88.88827514648438,161.92999267578125,21.41409683227539,24.81988525390625
2022-11-29,376.1851501464844,87.84600067138672,162.72999572753906,21.69253921508789,24.86298942565918
2022-11-30,388.03521728515625,88.49205017089844,164.80999755859375,22.17981719970703,24.664705276489258
2022-12-01,387.7496032714844,91.31896209716797,167.83999633789062,22.066699981689453,24.36297035217285
2022-12-02,387.30230712890625,92.4673843383789,167.25999450683594,21.831762313842773,24.337106704711914
2022-12-05,380.3350830078125,91.17218780517578,164.38999938964844,21.266172409057617,24.535388946533203
2022-12-06,374.85260009765625,92.34651184082031,164.83999633789062,20.92681884765625,24.55263328552246
2022-12-07,374.2148742675781,94.52239227294922,166.3300018310547,20.822399139404297,24.47504234313965
2022-12-08,377.14642333984375,94.26337432861328,166.47000122070312,20.787595748901367,24.397451400756836
2022-12-09,374.3291015625,91.81117248535156,167.05999755859375,20.813701629638672,24.44917869567871
2022-12-12,379.725830078125,92.10475158691406,165.67999267578125,21.039936065673828,24.466421127319336
2022-12-13,382.600341796875,92.99408721923828,168.50999450683594,21.387990951538086,24.250896453857422
2022-12-14,380.1541442871094,93.39128875732422,168.10000610351562,21.55331802368164,24.138824462890625
2022-12-15,370.85498046875,93.75566101074219,165.35000610351562,21.29227638244629,24.36297035217285
2022-12-16,366.4765930175781,92.70834350585938,166.7899932861328,21.022533416748047,24.40607261657715
2022-12-19,363.36895751953125,91.15038299560547,166.32000732421875,20.983139038085938,24.41216278076172
2022-12-20,363.8662414550781,89.53182220458984,169.0800018310547,21.079435348510742,24.246919631958008
2022-12-21,369.3069152832031,89.75686645507812,168.8000030517578,21.350805282592773,24.307798385620117
2022-12-22,364.038330078125,89.73953247070312,166.75999450683594,21.079435348510742,24.342588424682617
2022-12-23,366.1324157714844,88.42391967773438,167.25999450683594,21.4646053314209,24.333890914916992
2022-12-27,364.6885070800781,86.67550659179688,168.6699981689453,21.657190322875977,24.325191497802734
2022-12-28,360.15625,86.16488647460938,167.91000366210938,21.412080764770508,24.41216278076172
2022-12-29,366.6391906738281,87.14290618896484,168.85000610351562,21.385820388793945,24.264314651489258
2022-12-30,365.6734313964844,86.17353057861328,169.63999938964844,21.578407287597656,24.1860408782959
2023-01-03,364.134033203125,87.81803894042969,171.05999755859375,21.061925888061523,24.446950912475586
2023-01-04,366.94512939453125,89.0211410522461,172.6699981689453,20.68550682067871,24.3599796295166
2023-01-05,362.7571105957031,89.39334869384766,170.52000427246094,20.580461502075195,24.586101531982422
2023-01-06,371.0758361816406,91.0378646850586,173.7100067138672,20.69426155090332,24.264314651489258
2023-01-09,370.865478515625,91.52259063720703,174.10000610351562,20.93937110900879,24.11646842956543
2023-01-10,373.4662780761719,90.00786590576172,174.74000549316406,20.93937110900879,24.133861541748047
2023-01-11,378.18988037109375,91.47065734863281,174.6199951171875,21.31578826904297,24.133861541748047
2023-01-12,379.5667724609375,93.27095794677734,176.63999938964844,21.490867614746094,23.899044036865234
2023-01-13,381.039306640625,92.39678192138672,178.75999450683594,21.700963973999023,23.890348434448242
2023-01-17,380.3412780761719,91.7995376586914,177.58999633789062,21.84977912902832,23.959922790527344
2023-01-18,374.3363952636719,94.02400207519531,177.0800018310547,21.61342430114746,23.959922790527344
2023-01-19,371.6113586425781,93.4354248046875,179.88999938964844,21.832271575927734,23.899044036865234
2023-01-20,378.5341491699219,91.92069244384766,179.2899932861328,21.963579177856445,23.864259719848633
2023-01-23,383.075927734375,91.48795318603516,179.6300048828125,22.016101837158203,23.899044036865234
2023-01-24,382.66485595703125,92.80357360839844,180.27999877929688,21.8935489654541,23.872957229614258
2023-01-25,382.8082580566406,93.02861022949219,181.11000061035156,21.832271575927734,23.7946834564209
2023-01-26,387.01544189453125,92.59586334228516,179.47000122070312,21.928564071655273,23.855562210083008
2023-01-27,387.9046325683594,92.36214447021484,179.22000122070312,21.683454513549805,23.890348434448242
2023-01-30,383.0377502441406,92.02457427978516,178.75999450683594,21.403329849243164,23.977317810058594
2023-01-31,388.6697082519531,92.76029968261719,179.41000366210938,21.770994186401367,23.92513656616211
2023-02-01,392.8004150390625,93.8753890991211,181.6699981689453,21.359560012817383,23.699016571044922
2023-02-02,398.5183410644531,93.99688720703125,177.89999389648438,21.201988220214844,23.855562210083008
2023-02-03,394.28240966796875,92.59110260009766,173.4600067138672,20.667999267578125,24.168651580810547
2023-02-06,391.8728942871094,91.90553283691406,173.82000732421875,20.729278564453125,24.307798385620117
2023-02-07,396.9979553222656,91.16793823242188,173.97999572753906,21.12320327758789,24.264314651489258
2023-02-08,392.6569519042969,91.60182189941406,174.41000366210938,21.16697120666504,24.290407180786133
2023-02-09,389.2529602050781,90.73406219482422,173.02999877929688,21.000648498535156,24.255617141723633
2023-02-10,390.16131591796875,89.71876525878906,173.36000061035156,21.298280715942383,24.333890914916992
2023-02-13,394.7414245605469,90.47372436523438,172.47999572753906,21.254512786865234,24.264314651489258
2023-02-14,394.55975341796875,90.26547241210938,172.61000061035156,21.324542999267578,24.246919631958008
2023-02-15,395.84100341796875,89.42372131347656,170.88999938964844,21.096940994262695,24.41216278076172
2023-02-16,390.3907470703125,88.15676879882812,170.75,21.035663604736328,24.446950912475586
2023-02-17,389.41546630859375,88.8423080444336,171.25999450683594,20.878093719482422,24.429555892944336
2023-02-21,381.603515625,87.11544036865234,170.6199951171875,20.904354095458984,24.507827758789062
2023-02-22,381.0775146484375,87.9137954711914,169.66000366210938,20.632984161376953,24.586101531982422
2023-02-23,383.10467529296875,88.77290344238281,169.57000732421875,20.79055404663086,24.594797134399414
2023-02-24,379.01214599609375,87.6187515258789,168.35000610351562,20.720523834228516,24.77743148803711
2023-02-27,380.3030700683594,87.86174774169922,169.00999450683594,20.73802947998047,24.6469783782959
2023-02-28,378.8974609375,88.26093292236328,169.77999877929688,20.79930877685547,24.716552734375
2023-03-01,377.4440002441406,87.31270599365234,170.75999450683594,21.158218383789062,24.586101531982422
2023-03-02,380.3795166015625,86.53849792480469,170.66000366210938,21.079435348510742,24.716552734375
2023-03-03,386.47998046875,88.63497161865234,172.49000549316406,21.412080764770508,24.620885848999023
2023-03-06,386.7476806640625,87.94773864746094,171.6199951171875,21.307035446166992,24.586101531982422
2023-03-07,380.8193054199219,88.4870834350586,168.6199951171875,20.869340896606445,24.890491485595703
2023-03-08,381.4408874511719,88.5740737915039,168.5399932861328,20.755537033081055,24.881793975830078
2023-03-09,374.40338134765625,88.79157257080078,170.1999969482422,20.501676559448242,24.812219619750977
2023-03-10,369.0009765625,91.85364532470703,173.8699951171875,20.720523834228516,24.655675888061523
2023-03-13,368.4750061035156,92.06242370605469,177.86000061035156,20.589214324951172,24.429555892944336
2023-03-14,374.56591796875,90.54876708984375,176.8300018310547,20.326595306396484,24.429555892944336
2023-03-15,372.2232666015625,92.29727935791016,178.2100067138672,19.853885650634766,24.690462112426758
2023-03-16,378.75396728515625,91.57527160644531,178.57000732421875,19.915163040161133,24.664371490478516
2023-03-17,374.3253173828125,92.94969940185547,183.77000427246094,19.853885650634766,24.525222778320312
2023-03-20,377.9246520996094,92.1319808959961,183.83999633789062,19.93267059326172,24.386072158813477
2023-03-21,382.8870544433594,91.34037780761719,180.3699951171875,20.002702713012695,24.37737464904785
2023-03-22,376.3601379394531,92.5582504272461,183.44000244140625,20.055225372314453,24.194738388061523
2023-03-23,377.37762451171875,92.5582504272461,185.74000549316406,20.002702713012695,24.229528427124023
2023-03-24,379.8539733886719,92.94969940185547,183.64999389648438,20.0989933013916,24.37737464904785
2023-03-27,380.56427001953125,90.76622772216797,181.9499969482422,20.475412368774414,24.299102783203125
2023-03-28,379.7100830078125,90.93151092529297,183.44000244140625,20.571706771850586,24.212133407592773
2023-03-29,385.22906494140625,90.74884033203125,182.52999877929688,20.440399169921875,24.273012161254883
2023-03-30,387.48468017578125,91.16643524169922,184.17999267578125,20.589214324951172,24.159954071044922
2023-03-31,392.9460754394531,92.53216552734375,183.22000122070312,20.781801223754883,24.246919631958008
2023-04-03,394.4434509277344,92.96733856201172,184.5399932861328,21.12320327758789,24.133861541748047
2023-04-04,392.2550354003906,93.4295654296875,187.97999572753906,21.096940994262695,24.038196563720703
2023-04-05,391.2279968261719,94.40631866455078,187.8300018310547,21.17572784423828,24.107770919799805
2023-04-06,392.75408935546875,94.65052795410156,186.49000549316406,21.114450454711914,24.125164031982422
2023-04-10,393.1572570800781,93.12433624267578,185.11000061035156,21.114450454711914,24.264314651489258
2023-04-11,393.2629089355469,93.31617736816406,186.27999877929688,21.228248596191406,24.17734718322754
2023-04-12,391.6599426269531,93.22027587890625,187.19000244140625,21.394575119018555,24.046894073486328
2023-04-13,396.8621826171875,92.4876937866211,189.72000122070312,21.394575119018555,23.933835983276367
2023-04-14,395.89276123046875,91.6417465209961,186.36000061035156,21.42083740234375,24.072982788085938
2023-04-17,397.3133544921875,90.55158233642578,185.52999877929688,21.333297729492188,24.194738388061523
2023-04-18,397.5724792480469,90.87429809570312,186.25,21.377065658569336,24.107770919799805
2023-04-19,397.5053405761719,90.78707122802734,185.36000061035156,21.079435348510742,24.159954071044922
2023-04-20,395.33612060546875,91.56324768066406,186.08999633789062,20.89560317993164,24.159954071044922
2023-04-21,395.6432800292969,91.04872131347656,184.25,20.851831436157227,24.133861541748047
2023-04-24,396.05596923828125,91.92955017089844,184.80999755859375,21.018156051635742,24.055591583251953
2023-04-25,389.76904296875,93.28131866455078,185.75,20.720523834228516,24.168651580810547
2023-04-26,388.11810302734375,92.28709411621094,184.74000549316406,20.40538215637207,24.090377807617188
2023-04-27,395.8448486328125,91.3713607788086,184.75,20.431644439697266,24.09907341003418
2023-04-28,399.223388671875,92.84527587890625,184.8000030517578,20.624229431152344,24.133861541748047
2023-05-01,398.82025146484375,90.1680679321289,183.97000122070312,20.44915199279785,24.255617141723633
2023-05-02,394.337890625,92.41510772705078,187.52000427246094,19.985193252563477,24.194738388061523
2023-05-03,391.6311340332031,92.93094635009766,189.11000061035156,19.731332778930664,24.064287185668945
2023-05-04,388.857177734375,92.01290893554688,190.44000244140625,19.810115814208984,24.090377807617188
2023-05-05,396.05596923828125,91.7069091796875,187.4600067138672,20.25656509399414,24.055591583251953
2023-05-08,396.1615905761719,90.42163848876953,187.69000244140625,20.352859497070312,24.090377807617188
2023-05-09,394.4242248535156,90.09815979003906,189.02000427246094,20.414134979248047,24.168651580810547
2023-05-10,396.2671813964844,90.97245788574219,188.75,20.352859497070312,24.125164031982422
2023-05-11,395.5760192871094,91.9342041015625,187.1300048828125,20.002702713012695,24.281709671020508
2023-05-12,395.0577697753906,91.164794921875,186.80999755859375,19.845130920410156,24.43825340270996
2023-05-15,396.4207458496094,90.22057342529297,187.2100067138672,20.072734832763672,24.368677139282227
2023-05-16,393.7716064453125,89.94952392578125,184.8699951171875,19.853885650634766,24.429555892944336
2023-05-17,398.551513671875,89.6872329711914,184.22999572753906,20.090242385864258,24.473039627075195
2023-05-18,402.3908996582031,89.02275848388672,181.83999633789062,19.906408309936523,24.655675888061523
2023-05-19,401.80535888671875,88.39324188232422,183.63999938964844,19.88014793395996,24.586101531982422
2023-05-22,401.9685974121094,88.07847595214844,183.2100067138672,19.897653579711914,24.603492736816406
2023-05-23,397.4573059082031,88.33203887939453,183.42999267578125,19.9764404296875,24.67306900024414
2023-05-24,394.5778503417969,87.89488220214844,181.9499969482422,19.985193252563477,24.760038375854492
2023-05-25,397.99481201171875,87.67630767822266,180.1999969482422,19.670053482055664,24.873098373413086
2023-05-26,403.14910888671875,88.3844985961914,180.9199981689453,19.985193252563477,24.86440086364746
2023-05-30,403.3027038574219,89.2675552368164,182.0399932861328,19.521236419677734,24.83831024169922
2023-05-31,401.0662841796875,90.04568481445312,182.32000732421875,19.30238914489746,24.881793975830078
2023-06-01,404.87689208984375,90.39899444580078,183.75999450683594,19.617528915405273,24.586101531982422
2023-06-02,410.73187255859375,89.40837097167969,181.0500030517578,19.87139320373535,24.84700584411621
2023-06-05,409.9447326660156,89.2417984008789,182.13999938964844,19.81886863708496,24.80352210998535
2023-06-06,410.8373718261719,89.76779174804688,182.33999633789062,19.845130920410156,24.881793975830078
2023-06-07,409.4167785644531,88.43531036376953,180.14999389648438,19.923917770385742,24.890491485595703
2023-06-08,411.8932189941406,89.46974182128906,182.52999877929688,19.95893096923828,24.690462112426758
2023-06-09,412.6322937011719,89.3470230102539,182.0399932861328,19.836376190185547,24.768733978271484
2023-06-12,416.3756103515625,89.61000061035156,181.8800048828125,19.565006256103516,24.77743148803711
2023-06-13,419.12078857421875,88.72460174560547,180.5399932861328,19.82762336730957,24.699159622192383
2023-06-14,419.619873046875,89.43467712402344,180.63999938964844,19.87139320373535,24.577404022216797
2023-06-15,424.8221740722656,90.29377746582031,181.91000366210938,20.291582107543945,24.43825340270996
2023-06-16,423.3751220703125,89.9431381225586,181.6300048828125,20.54544448852539,24.481735229492188
2023-06-20,421.1786193847656,90.5655517578125,179.75,20.36161231994629,24.551311492919922
2023-06-21,419.02056884765625,90.78469848632812,179.49000549316406,20.65924644470215,24.43825340270996
2023-06-22,420.5330810546875,89.68891143798828,177.7100067138672,20.274072647094727,24.525222778320312
2023-06-23,417.3538818359375,90.58309173583984,178.1999969482422,20.055225372314453,24.655675888061523
2023-06-26,415.6487121582031,90.67948913574219,178.50999450683594,20.08148765563965,24.62958526611328
2023-06-27,420.2055358886719,90.44280242919922,177.69000244140625,19.757591247558594,24.568706512451172
2023-06-28,420.41754150390625,90.82852935791016,177.27999877929688,19.69631576538086,24.681764602661133
2023-06-29,422.0745849609375,89.18917846679688,177.08999633789062,19.705068588256836,24.7861270904541
2023-06-30,427.0553283691406,90.24119567871094,178.27000427246094,19.87139320373535,24.681764602661133
2023-07-03,427.546630859375,89.72960662841797,178.47000122070312,19.87139320373535,24.707855224609375
2023-07-05,426.910888671875,88.87696075439453,177.83999633789062,19.993947982788086,24.8209171295166
2023-07-06,423.5678405761719,87.6199722290039,177.30999755859375,19.950180053710938,24.760038375854492
2023-07-07,422.49847412109375,87.09257507324219,178.63999938964844,20.116500854492188,24.551311492919922
2023-07-10,423.5678405761719,87.20682525634766,178.77999877929688,20.160274505615234,24.490432739257812
2023-07-11,426.2652893066406,87.6551284790039,179.4499969482422,20.396625518798828,24.429555892944336
2023-07-12,429.6950988769531,88.6308364868164,181.8800048828125,20.54544448852539,24.142559051513672
2023-07-13,433.1054382324219,89.56256866455078,182.00999450683594,20.83432388305664,23.977317810058594
2023-07-14,432.83575439453125,89.0351791381836,181.42999267578125,20.69426155090332,24.020801544189453
2023-07-17,434.338623046875,89.07914733886719,181.55999755859375,20.527936935424805,23.994712829589844
2023-07-18,437.5660400390625,89.48346710205078,183.63999938964844,20.79930877685547,24.012104034423828
2023-07-19,438.5390319824219,90.49433898925781,183.6699981689453,20.913108825683594,24.107770919799805
2023-07-20,435.62957763671875,89.39561462402344,182.74000549316406,20.97438621520996,24.246919631958008
2023-07-21,435.62957763671875,89.42194366455078,182.17999267578125,21.08818817138672,24.31649398803711
2023-07-24,437.57568359375,89.09672546386719,181.39999389648438,21.4646053314209,24.403465270996094
2023-07-25,438.770263671875,88.92969512939453,182.41000366210938,21.543392181396484,24.37737464904785
2023-07-26,438.83770751953125,89.01761627197266,183.3000030517578,21.438344955444336,24.307798385620117
2023-07-27,435.9281921386719,87.28594207763672,180.4199981689453,21.385820388793945,24.533918380737305
2023-07-28,440.1960754394531,87.73426818847656,181.86000061035156,21.51712989807129,24.499130249023438
2023-07-31,441.0342102050781,87.94522094726562,182.35000610351562,21.60466957092285,24.542613983154297
2023-08-01,439.77215576171875,86.50404357910156,180.4600067138672,21.490867614746094,24.655675888061523
2023-08-02,433.6546325683594,85.57855224609375,179.60000610351562,21.16697120666504,24.742645263671875
2023-08-03,432.4118347167969,83.6041488647461,179.5399932861328,21.36831283569336,24.725248336791992
2023-08-04,430.4561462402344,85.08495330810547,180.19000244140625,21.403329849243164,24.603492736816406
2023-08-07,434.21331787109375,84.24759674072266,179.77999877929688,21.412080764770508,24.620885848999023
2023-08-08,432.3251647949219,85.22598266601562,178.63999938964844,21.385820388793945,24.73394775390625
2023-08-09,429.4349060058594,85.66670989990234,177.7899932861328,21.534637451171875,24.751340866088867
2023-08-10,429.58905029296875,84.25639343261719,177.60000610351562,21.42083740234375,24.794824600219727
2023-08-11,429.33856201171875,84.06248474121094,177.60000610351562,21.385820388793945,24.84700584411621
2023-08-14,431.70855712890625,83.87738037109375,177.05999755859375,21.280773162841797,24.933977127075195
2023-08-15,426.6796569824219,83.36615753173828,176.58999633789062,21.02691078186035,24.942672729492188
2023-08-16,423.548583984375,82.71389770507812,175.57000732421875,20.93937110900879,25.01224708557129
2023-08-17,420.3211975097656,82.36131286621094,175.3000030517578,20.99189567565918,25.003549575805664
2023-08-18,420.52349853515625,82.65219116210938,175.3300018310547,21.14071273803711,25.020944595336914
2023-08-21,423.259521484375,81.5503921508789,175.80999755859375,21.08818817138672,24.994853973388672
2023-08-22,422.1131286621094,82.17622375488281,176.10000610351562,21.096940994262695,25.081823348999023
2023-08-23,426.814453125,84.21231079101562,177.88999938964844,21.14071273803711,24.994853973388672
2023-08-24,420.8992004394531,83.65705108642578,177.85000610351562,21.158218383789062,25.194881439208984
2023-08-25,423.8664855957031,83.93028259277344,177.6199951171875,21.36831283569336,25.22966957092285
2023-08-28,426.5543518066406,84.01842498779297,178.1300048828125,21.333297729492188,25.18618392944336
2023-08-29,432.72015380859375,84.89104461669922,179.8699951171875,21.412080764770508,25.047035217285156
2023-08-30,434.5024108886719,84.80290222167969,180.32000732421875,21.438344955444336,25.003549575805664
2023-08-31,433.86651611328125,85.18191528320312,180.02000427246094,21.525882720947266,25.12530517578125
2023-09-01,434.6758117675781,83.85490417480469,180.11000061035156,21.779747009277344,25.281850814819336
2023-09-05,432.7971496582031,82.6790771484375,178.63999938964844,21.884794235229492,25.412302017211914
2023-09-06,429.88775634765625,82.88240814208984,177.8300018310547,21.937314987182617,25.42099952697754
2023-09-07,428.56793212890625,83.11228942871094,178.02000427246094,21.8935489654541,25.48187828063965
2023-09-08,429.2132873535156,83.4305648803711,178.0800018310547,21.937314987182617,25.50796890258789
2023-09-11,432.0361328125,82.82938385009766,178.41000366210938,22.068626403808594,25.386213302612305
2023-09-12,429.66607666015625,83.3067855834961,177.49000549316406,22.147409439086914,25.429698944091797
2023-09-13,430.1670837402344,83.2890853881836,177.0800018310547,22.21744155883789,25.447092056274414
2023-09-14,433.8760986328125,82.68791198730469,177.1699981689453,22.401277542114258,25.603635787963867
2023-09-15,428.648681640625,82.1839828491211,178.33999633789062,22.348752975463867,25.586240768432617
2023-09-18,428.90008544921875,82.65254974365234,179.38999938964844,22.34000015258789,25.54275894165039
2023-09-19,428.0105895996094,82.04252624511719,179.22000122070312,22.357505798339844,25.560152053833008
2023-09-20,424.0757751464844,82.29891967773438,179.35000610351562,22.173673629760742,25.603635787963867
2023-09-21,417.0665283203125,80.18598175048828,178.0500030517578,22.103641510009766,25.621028900146484
2023-09-22,416.128662109375,80.83136749267578,178.6199951171875,22.12114906311035,25.681909561157227
2023-09-25,417.87860107421875,78.84217071533203,177.6999969482422,22.016101837158203,25.777572631835938
2023-09-26,411.7394714355469,78.56812286376953,176.27999877929688,21.98984146118164,25.855846405029297
2023-09-27,411.90380859375,78.16143035888672,174.10000610351562,22.112396240234375,25.977603912353516
2023-09-28,414.29180908203125,78.400146484375,173.22999572753906,22.086132049560547,25.838451385498047
2023-09-29,413.28631591796875,78.40899658203125,171.4499969482422,21.84977912902832,25.855846405029297
2023-10-02,413.1219482421875,77.09638214111328,169.64999389648438,21.683454513549805,26.055871963500977
2023-10-03,407.5919189453125,75.43793487548828,169.16000366210938,21.587160110473633,26.08196449279785
2023-10-04,410.5599670410156,76.50218963623047,169.13999938964844,20.983139038085938,26.003690719604492
2023-10-05,410.4052734375,76.12081146240234,168.8300018310547,20.860586166381836,25.916723251342773
2023-10-06,415.2779235839844,75.19849395751953,169.6999969482422,20.93937110900879,25.864543914794922
2023-10-09,417.9366149902344,76.96336364746094,172.82000732421875,21.377065658569336,25.855846405029297
2023-10-10,420.1119079589844,76.85696411132812,172.52999877929688,21.324542999267578,25.794967651367188
2023-10-11,421.8327941894531,78.4621810913086,173.7899932861328,21.201988220214844,25.794967651367188
2023-10-12,419.2611083984375,76.33368682861328,173.25999450683594,21.193233489990234,26.012388229370117
2023-10-13,417.1728820800781,77.69950103759766,178.8300018310547,21.75348472595215,26.02978515625
2023-10-16,421.56207275390625,76.44895935058594,177.9600067138672,21.683454513549805,25.916723251342773
2023-10-17,421.5427551269531,75.60645294189453,178.2899932861328,21.744731903076172,25.9254207611084
2023-10-18,415.9256591796875,74.9412612915039,180.8699951171875,21.937314987182617,26.021085739135742
2023-10-19,412.2711486816406,73.406982421875,183.08999633789062,22.164918899536133,25.942813873291016
2023-10-20,407.2052001953125,73.82380676269531,183.58999633789062,21.998594284057617,25.95151138305664
2023-10-23,406.4993591308594,74.71070098876953,182.97000122070312,21.858531951904297,25.821056365966797
2023-10-24,409.5641174316406,75.69512939453125,182.9499969482422,21.622177124023438,25.96890640258789
2023-10-25,403.6860046386719,74.01005554199219,183.72000122070312,21.779747009277344,26.038482666015625
2023-10-26,398.8520202636719,75.14527893066406,184.00999450683594,21.59591293334961,26.0993595123291
2023-10-27,397.0440979003906,74.82597351074219,186.14999389648438,21.884794235229492,26.0645694732666
2023-10-30,401.79107666015625,74.48897552490234,185.10000610351562,21.534637451171875,25.960208892822266
2023-10-31,404.314453125,74.1253433227539,184.08999633789062,21.455852508544922,26.116750717163086
2023-11-01,408.62640380859375,75.73252868652344,183.50999450683594,21.490867614746094,26.12544822692871
2023-11-02,416.4573974609375,77.45901489257812,184.1199951171875,21.718469619750977,25.994993209838867
2023-11-03,420.25689697265625,77.98406219482422,184.7899932861328,21.60466957092285,25.751483917236328
2023-11-06,421.2236633300781,77.22763061523438,183.35000610351562,21.69220733642578,25.777572631835938
2023-11-07,422.4225158691406,78.36673736572266,182.58999633789062,21.228248596191406,25.864543914794922
2023-11-08,422.73193359375,79.70159912109375,180.77000427246094,20.99189567565918,25.855846405029297
2023-11-09,419.4350891113281,77.8683853149414,181.49000549316406,20.93937110900879,25.96890640258789
2023-11-10,425.9803466796875,78.30441284179688,179.50999450683594,21.044418334960938,25.95151138305664
2023-11-13,425.5743408203125,78.12646484375,180.50999450683594,21.350805282592773,25.916723251342773
2023-11-14,433.8307800292969,79.89740753173828,182.1199951171875,21.31578826904297,25.50796890258789
2023-11-15,434.7491760253906,78.7761001586914,181.63999938964844,21.17572784423828,25.603635787963867
2023-11-16,435.28094482421875,79.75502014160156,183.69000244140625,20.667999267578125,25.621028900146484
2023-11-17,435.8223571777344,80.12876892089844,183.6699981689453,20.965633392333984,25.48187828063965
2023-11-20,439.1770935058594,80.6182632446289,183.3699951171875,21.228248596191406,25.403606414794922
2023-11-21,438.2200012207031,80.58264923095703,185.35000610351562,21.350805282592773,25.429698944091797
2023-11-22,439.911865234375,80.8674087524414,184.55999755859375,21.16697120666504,25.516666412353516
2023-11-24,440.1826477050781,79.9151840209961,185.52000427246094,21.02691078186035,25.403606414794922
2023-11-27,439.3898620605469,81.2501220703125,186.77000427246094,20.8868465423584,25.351425170898438
2023-11-28,439.8249206542969,81.4102783203125,189.25999450683594,21.14071273803711,25.26445770263672
2023-11-29,439.5154724121094,82.43367004394531,189.5399932861328,21.289527893066406,25.290546417236328
2023-11-30,441.24609375,81.48147583007812,188.75,20.930618286132812,25.473182678222656
2023-12-01,443.8564147949219,83.01609802246094,192.00999450683594,20.83432388305664,25.39491081237793
2023-12-04,441.5264587402344,82.68577575683594,187.86000061035156,20.69426155090332,25.50796890258789
2023-12-05,441.4394836425781,84.46233367919922,187.14999389648438,20.51042938232422,25.603635787963867
2023-12-06,439.66058349609375,85.58718872070312,187.83999633789062,20.011457443237305,25.664514541625977
2023-12-07,443.0152893066406,85.09618377685547,188.14999389648438,20.046470642089844,25.525362014770508
2023-12-08,444.919921875,84.39982604980469,185.63999938964844,20.134010314941406,25.621028900146484
2023-12-11,446.6505126953125,84.22128295898438,183.58999633789062,20.063980102539062,25.65581703186035
2023-12-12,448.6903991699219,84.47127532958984,183.49000549316406,19.757591247558594,25.586240768432617
2023-12-13,454.8779296875,86.45317077636719,187.6300048828125,19.985193252563477,25.368820190429688
2023-12-14,456.3377685546875,88.70207214355469,188.72999572753906,20.317842483520508,25.134004592895508
2023-12-15,455.5863952636719,88.8005599975586,187.0,20.352859497070312,25.299243927001953
2023-12-18,458.149169921875,88.093017578125,187.85000610351562,20.498884201049805,25.295543670654297
2023-12-19,460.93511962890625,88.56771087646484,189.1300048828125,20.655014038085938,25.18451690673828
2023-12-20,454.5477600097656,89.16778564453125,188.10000610351562,20.416229248046875,25.295543670654297
2023-12-21,458.85772705078125,88.603515625,189.42999267578125,20.452964782714844,25.129003524780273
2023-12-22,459.7799377441406,88.20050048828125,190.27000427246094,20.416229248046875,25.1197509765625
2023-12-26,461.7214050292969,88.4512939453125,191.72000122070312,20.61827850341797,25.064239501953125
2023-12-27,462.5561828613281,90.01860046386719,192.58999633789062,20.526437759399414,24.934709548950195
2023-12-28,462.7309265136719,89.36480712890625,191.47000122070312,20.351940155029297,25.017976760864258
2023-12-29,461.391357421875,88.55874633789062,191.1699981689453,20.241731643676758,25.064239501953125
2024-01-02,458.8091735839844,88.04824829101562,190.72000122070312,20.076417922973633,25.27703857421875
2024-01-03,455.0622863769531,88.41545867919922,189.1300048828125,20.33357048034668,25.360309600830078
2024-01-04,453.596435546875,87.0719985961914,189.32000732421875,20.223363876342773,25.360309600830078
2024-01-05,454.2177429199219,86.23909759521484,189.35000610351562,20.324386596679688,25.360309600830078
2024-01-08,460.70208740234375,87.08992767333984,187.8699951171875,20.03049659729004,25.314048767089844
2024-01-09,460.0032043457031,86.5346450805664,187.92999267578125,20.177440643310547,25.397319793701172
2024-01-10,462.604736328125,86.13162231445312,187.5,20.03968048095703,25.351057052612305
2024-01-11,462.4008483886719,86.61524200439453,187.8699951171875,20.186626434326172,25.36956214904785
2024-01-12,462.72119140625,86.44509887695312,189.7100067138672,20.260099411010742,25.397319793701172
2024-01-16,461.0224609375,84.92253112792969,187.91000366210938,20.085603713989258,25.61937141418457
2024-01-17,458.45977783203125,84.78819274902344,185.83999633789062,20.05805015563965,25.637874603271484
2024-01-18,462.5367736816406,84.00005340576172,187.3699951171875,20.186626434326172,25.665630340576172
2024-01-19,468.30279541015625,84.26876068115234,187.92999267578125,20.149890899658203,25.628623962402344
2024-01-22,469.29296875,84.77027893066406,187.22000122070312,20.232547760009766,25.637874603271484
2024-01-23,470.6617126464844,84.09855651855469,187.9499969482422,20.342756271362305,25.7026424407959
2024-01-24,471.1761474609375,83.60596466064453,186.39999389648438,20.517253875732422,25.628623962402344
2024-01-25,473.73883056640625,84.15230560302734,187.13999938964844,20.673383712768555,25.7026424407959
2024-01-26,473.1369934082031,83.9910888671875,187.00999450683594,20.76522445678711,25.7026424407959
2024-01-29,476.8839416503906,84.95833587646484,188.3300018310547,20.59072494506836,25.7026424407959
2024-01-30,476.51513671875,85.72860717773438,188.58999633789062,20.72848892211914,25.68413734436035
2024-01-31,468.7395935058594,86.57048797607422,188.4499969482422,20.50806999206543,25.7489013671875
2024-02-01,474.87457275390625,88.26863861083984,190.41000366210938,20.260099411010742,25.61937141418457
2024-02-02,479.873779296875,86.31890106201172,188.61000061035156,20.03049659729004,25.850675582885742
2024-02-05,478.1264953613281,84.57579803466797,187.57000732421875,20.11315155029297,25.989459991455078
2024-02-06,479.5146179199219,85.40240478515625,188.5500030517578,20.186626434326172,25.915441513061523
2024-02-07,483.51397705078125,84.98910522460938,188.5,20.278467178344727,25.887685775756836
2024-02-08,483.7275695800781,84.49493408203125,188.3300018310547,20.3886775970459,25.915441513061523
2024-02-09,486.523193359375,84.32421112060547,187.60000610351562,20.44378089904785,25.89693832397461
2024-02-12,486.30963134765625,84.42306518554688,187.11000061035156,20.452964782714844,25.924694061279297
2024-02-13,479.61163330078125,82.97647857666016,184.52999877929688,20.33357048034668,26.12824249267578
2024-02-14,483.97021484375,83.3987808227539,184.4199981689453,20.140705108642578,26.081981658935547
2024-02-15,487.3094787597656,83.83004760742188,185.66000366210938,20.186626434326172,25.980205535888672
2024-02-16,484.8827209472656,83.34485626220703,186.33999633789062,20.232547760009766,25.989459991455078
2024-02-20,482.2131652832031,83.41674041748047,187.47000122070312,20.122337341308594,25.952449798583984
2024-02-21,482.6500244140625,82.82373046875,187.47999572753906,20.204994201660156,25.924694061279297
2024-02-22,492.638671875,83.22805786132812,187.55999755859375,20.260099411010742,25.924694061279297
2024-02-23,492.9784851074219,84.3421859741211,188.6199951171875,19.96620750427246,25.943199157714844
2024-02-26,491.17291259765625,84.09062194824219,188.1999969482422,20.149890899658203,25.89693832397461
2024-02-27,492.08538818359375,83.49758911132812,188.0,20.306018829345703,25.915441513061523
2024-02-28,491.43505859375,84.02772521972656,188.33999633789062,20.223363876342773,25.93394660949707
2024-02-29,493.20166015625,84.6207275390625,189.30999755859375,20.195810317993164,25.989459991455078
2024-03-01,497.8320007324219,85.14801025390625,192.88999938964844,20.29683494567871,25.943199157714844
2024-03-04,497.2981262207031,84.8055191040039,196.00999450683594,20.36112403869629,25.943199157714844
2024-03-05,492.32806396484375,86.0132827758789,197.19000244140625,20.204994201660156,25.915441513061523
2024-03-06,494.8227844238281,86.51802062988281,198.80999755859375,20.37030792236328,25.822919845581055
2024-03-07,499.73455810546875,86.43690490722656,199.94000244140625,20.425413131713867,25.693389892578125
2024-03-08,496.7351379394531,86.2836685180664,201.6300048828125,20.36112403869629,25.7026424407959
2024-03-11,496.3080139160156,86.23858642578125,202.0,20.53562355041504,25.730396270751953
2024-03-12,501.64697265625,85.5175552368164,199.7899932861328,20.48051643371582,25.7489013671875
2024-03-13,500.8606262207031,85.10292053222656,201.19000244140625,20.76522445678711,25.721145629882812
2024-03-14,499.8705139160156,83.79602813720703,200.35000610351562,20.829513549804688,25.859928131103516
2024-03-15,496.4381408691406,83.76898956298828,199.7100067138672,20.902986526489258,25.887685775756836
2024-03-18,499.3885192871094,83.5166244506836,200.02999877929688,21.095849990844727,25.943199157714844
2024-03-19,502.1636657714844,83.7509536743164,199.8000030517578,21.086666107177734,26.007965087890625
2024-03-20,506.8083190917969,83.72392272949219,202.17999267578125,21.03156280517578,25.887685775756836
2024-03-21,508.48321533203125,83.9041748046875,201.97000122070312,21.004011154174805,26.0634765625
2024-03-22,507.51922607421875,84.70635986328125,200.35000610351562,20.857065200805664,26.202260971069336
2024-03-25,506.1170959472656,84.28273010253906,200.99000549316406,21.03156280517578,26.137495040893555
2024-03-26,505.1822814941406,84.5170669555664,201.63999938964844,20.866249084472656,26.1560001373291
2024-03-27,509.4277648925781,85.35531616210938,203.10000610351562,20.847881317138672,26.174503326416016
2024-03-28,509.3302917480469,85.2832260131836,205.72000122070312,21.095849990844727,26.24852180480957
2024-04-01,508.4442443847656,83.69344329833984,207.82000732421875,21.196876525878906,26.350296020507812
2024-04-02,505.2114562988281,83.23223114013672,210.88999938964844,21.389741897583008,26.31328773498535
2024-04-03,505.7664489746094,83.2141342163086,212.74000549316406,21.646896362304688,26.19300651550293
2024-04-04,499.593017578125,83.81100463867188,211.52000427246094,21.702001571655273,26.19300651550293
2024-04-05,504.81219482421875,82.64444732666016,215.13999938964844,21.812210083007812,26.220766067504883
2024-04-08,505.0945739746094,82.6353988647461,216.47999572753906,21.80302619934082,26.183753967285156
2024-04-09,505.678955078125,83.40406799316406,217.6699981689453,21.68363380432129,26.174503326416016
2024-04-10,500.6154479980469,81.58641815185547,215.61000061035156,21.793842315673828,26.452070236206055
2024-04-11,504.3935546875,81.21563720703125,219.8000030517578,21.757104873657227,26.4705753326416
2024-04-12,497.43133544921875,81.64971160888672,216.88999938964844,21.784656524658203,26.68337631225586
2024-04-15,491.1994934082031,80.38367462158203,220.9499969482422,21.812210083007812,26.72963523864746
2024-04-16,490.3036193847656,79.85015106201172,221.22000122070312,21.77547264099121,26.766645431518555
2024-04-17,487.40191650390625,80.73635864257812,219.58999633789062,21.43566131591797,26.68337631225586
2024-04-18,486.3989562988281,80.32942962646484,220.33999633789062,21.426477432250977,26.738889694213867
2024-04-19,482.15350341796875,80.61880493164062,221.02999877929688,21.527503967285156,26.738889694213867
2024-04-22,486.59368896484375,80.483154296875,215.57000732421875,21.527503967285156,26.74814224243164
2024-04-23,492.367919921875,80.51029205322266,215.0399932861328,21.61934471130371,26.637115478515625
2024-04-24,492.13421630859375,79.9405746459961,214.63999938964844,21.5917911529541,26.664871215820312
2024-04-25,490.2646789550781,79.37991333007812,215.9199981689453,21.711183547973633,26.609357833862305
2024-04-26,494.90936279296875,79.79589080810547,216.6199951171875,21.72955322265625,26.72963523864746
2024-04-29,496.662109375,80.46507263183594,216.17999267578125,21.711183547973633,26.646366119384766
2024-04-30,488.7943115234375,79.77780151367188,211.8699951171875,21.43566131591797,26.81290626525879
2024-05-01,487.2071838378906,80.36583709716797,213.7899932861328,21.123403549194336,26.7851505279541
2024-05-02,491.7641906738281,80.71067810058594,213.1300048828125,21.196876525878906,26.581600189208984
2024-05-03,497.85980224609375,81.52740478515625,212.9600067138672,21.224430084228516,26.50758171081543
2024-05-06,503.0011291503906,81.84501647949219,215.1999969482422,21.463214874267578,26.535341262817383
2024-05-07,503.5561828613281,82.34410858154297,214.2100067138672,21.444847106933594,26.609357833862305
2024-05-08,503.6048278808594,81.84501647949219,213.5800018310547,21.334636688232422,26.646366119384766
2024-05-09,506.50653076171875,82.24432373046875,216.9499969482422,21.417293548583984,26.55384635925293
2024-05-10,507.1589660644531,81.78150939941406,218.7100067138672,21.38055992126465,26.590852737426758
2024-05-13,507.2270812988281,81.99021911621094,216.25999450683594,21.518320083618164,26.581600189208984
2024-05-14,509.5543212890625,82.45304107666016,218.08999633789062,21.426477432250977,26.52608871459961
2024-05-15,515.8642578125,83.57829284667969,220.88999938964844,21.499950408935547,26.359548568725586
2024-05-16,514.802734375,83.49663543701172,220.02999877929688,21.5550537109375,26.424314498901367
2024-05-17,515.5427856445312,82.93399047851562,223.66000366210938,21.77547264099121,26.424314498901367
2024-05-20,516.13671875,82.68898010253906,224.55999755859375,21.968339920043945,26.461322784423828
2024-05-21,517.402587890625,83.115478515625,224.22999572753906,21.876497268676758,26.461322784423828
2024-05-22,515.9127807617188,83.2153091430664,220.11000061035156,21.564237594604492,26.544593811035156
2024-05-23,512.14453125,82.67989349365234,215.72000122070312,21.454030990600586,26.60010528564453
2024-05-24,515.5330810546875,82.92491149902344,215.9199981689453,21.600976943969727,26.516834259033203
2024-05-28,515.8932495117188,81.73611450195312,218.19000244140625,21.986709594726562,26.479827880859375
2024-05-29,512.2806396484375,80.74699401855469,216.16000366210938,21.757104873657227,26.62786293029785
2024-05-30,508.8824157714844,81.52740478515625,216.57000732421875,21.47239875793457,26.544593811035156
2024-05-31,513.5174560546875,82.08094787597656,215.3000030517578,21.371374130249023,26.52608871459961
2024-06-03,513.93603515625,83.40857696533203,217.22000122070312,21.06829833984375,26.387304306030273
2024-06-04,514.5106201171875,84.38289642333984,215.27000427246094,20.857065200805664,26.396556854248047
2024-06-05,520.6256103515625,85.0020751953125,217.82000732421875,20.930538177490234,26.433565139770508
2024-06-06,520.6158447265625,84.87459564208984,219.42999267578125,21.2060604095459,26.396556854248047
2024-06-07,519.98291015625,83.3175277709961,211.60000610351562,20.902986526489258,26.618610382080078
2024-06-10,521.589599609375,82.7620620727539,213.5399932861328,21.2060604095459,26.68337631225586
2024-06-11,522.845703125,83.6180191040039,214.14999389648438,21.178508758544922,26.720382690429688
2024-06-12,527.1399536132812,84.2463150024414,214.72000122070312,21.25197982788086,26.60010528564453
2024-06-13,528.2013549804688,85.48467254638672,212.97000122070312,21.270347595214844,26.701879501342773
2024-06-14,528.522705078125,86.20403289794922,215.72999572753906,21.187692642211914,26.82215690612793
2024-06-17,532.7290649414062,85.3481216430664,214.61000061035156,21.26116371154785,26.75739288330078
2024-06-18,534.0826416015625,86.13119506835938,215.47000122070312,21.43566131591797,26.74814224243164
2024-06-20,532.6317749023438,85.55753326416016,218.16000366210938,21.481582641601562,26.859169006347656
2024-06-21,531.9176635742188,85.55753326416016,214.77999877929688,21.307085037231445,26.923933029174805
2024-06-24,530.1886596679688,85.90354919433594,215.6300048828125,21.481582641601562,26.831409454345703
2024-06-25,532.2302856445312,86.04925537109375,214.55999755859375,21.27953338623047,26.859169006347656
2024-06-26,532.89453125,84.81998443603516,212.5800018310547,21.316268920898438,26.988698959350586
2024-06-27,533.734619140625,85.15689086914062,214.99000549316406,21.426477432250977,26.951688766479492
2024-06-28,531.6343383789062,83.57249450683594,215.00999450683594,21.334636688232422,26.951688766479492
2024-07-01,532.728515625,82.13011169433594,215.57000732421875,21.61016082763672,26.960941314697266
2024-07-02,536.3136596679688,82.76956176757812,215.55999755859375,21.637712478637695,26.923933029174805
2024-07-03,538.70703125,83.8565673828125,217.99000549316406,21.757104873657227,26.81290626525879
2024-07-05,541.8134155273438,84.55081176757812,220.92999267578125,21.839763641357422,26.720382690429688
2024-07-08,542.4386596679688,84.73348999023438,218.19000244140625,21.54587173461914,26.766645431518555
2024-07-09,542.9661254882812,84.35899353027344,218.55999755859375,21.398923873901367,26.803653717041016
2024-07-10,548.3389892578125,84.62389373779297,219.36000061035156,21.398923873901367,26.775897979736328
2024-07-11,543.6109008789062,85.44600677490234,223.25,21.47239875793457,26.637115478515625
2024-07-12,547.0397338867188,85.8114013671875,223.11000061035156,21.389741897583008,26.544593811035156
2024-07-15,548.5440673828125,84.82484436035156,223.8300018310547,21.233612060546875,26.590852737426758
2024-07-16,551.7969970703125,86.021484375,228.2899932861328,21.178508758544922,26.590852737426758
2024-07-17,544.0602416992188,86.0397720336914,227.22999572753906,21.178508758544922,26.4705753326416
2024-07-18,539.879150390625,85.382080078125,225.77999877929688,21.02237892150879,26.590852737426758
2024-07-19,536.2940673828125,84.87965393066406,221.72999572753906,20.737672805786133,26.664871215820312
2024-07-22,541.8231811523438,84.6330337524414,221.8000030517578,20.792776107788086,26.646366119384766
2024-07-23,540.9733276367188,84.51425170898438,222.5800018310547,20.599910736083984,26.692626953125
2024-07-24,528.7135620117188,83.60078430175781,221.8000030517578,20.59072494506836,26.68337631225586
2024-07-25,525.958740234375,84.28589630126953,218.3300018310547,20.636646270751953,26.68337631225586
2024-07-26,531.8492431640625,84.943603515625,220.6300048828125,20.425413131713867,26.664871215820312
2024-07-29,532.1619262695312,85.40032958984375,220.32000732421875,20.33357048034668,26.738889694213867
2024-07-30,529.4657592773438,85.72917175292969,222.52000427246094,20.2692813873291,26.75739288330078
2024-07-31,538.072021484375,86.60610961914062,226.5500030517578,20.737672805786133,26.609357833862305
2024-08-01,530.452392578125,87.35306549072266,225.77000427246094,20.489700317382812,26.701879501342773
2024-08-02,520.5761108398438,90.07512664794922,225.33999633789062,20.11315155029297,26.433565139770508
2024-08-05,505.41510009765625,90.55171203613281,222.47999572753906,20.076417922973633,26.28553009033203
2024-08-06,510.0748596191406,88.52620697021484,220.6999969482422,19.911104202270508,26.368799209594727
2024-08-07,506.6654052734375,87.90296936035156,220.5500030517578,20.094785690307617,26.424314498901367
2024-08-08,518.3782348632812,87.36224365234375,224.00999450683594,20.278467178344727,26.461322784423828
2024-08-09,520.6640625,88.22374725341797,224.55999755859375,20.397859573364258,26.433565139770508
2024-08-12,520.9376220703125,88.5445556640625,228.41000366210938,20.682567596435547,26.433565139770508
2024-08-13,529.5048217773438,89.15863037109375,228.05999755859375,20.489700317382812,26.294782638549805
2024-08-14,531.1752319335938,89.71769714355469,226.1999969482422,20.36112403869629,26.322540283203125
2024-08-15,540.2797241210938,88.99362182617188,226.91000366210938,20.526437759399414,26.415061950683594
2024-08-16,541.4910278320312,89.30525207519531,231.99000549316406,20.397859573364258,26.28553009033203
2024-08-19,546.66845703125,89.71769714355469,231.61000061035156,20.28765106201172,26.146747589111328
2024-08-20,545.7794799804688,90.43258666992188,232.4600067138672,20.204994201660156,26.054224014282227
2024-08-21,547.6551513671875,90.48755645751953,232.14999389648438,20.10396957397461,25.97095489501953
2024-08-22,543.3568725585938,89.5893783569336,229.3699951171875,20.085603713989258,26.09123420715332
2024-08-23,549.1302490234375,90.17594146728516,232.02000427246094,20.44378089904785,25.869178771972656
2024-08-26,547.8212280273438,89.94680786132812,232.75999450683594,20.655014038085938,25.924694061279297
2024-08-27,548.5733642578125,89.791015625,233.38999938964844,20.55398941040039,25.8414249420166
2024-08-28,545.3887329101562,89.6810302734375,231.75,20.306018829345703,25.989459991455078
2024-08-29,545.4376831054688,89.38774871826172,232.9499969482422,20.53562355041504,26.081981658935547
2024-08-30,550.6443481445312,88.43456268310547,231.2899932861328,20.306018829345703,26.1560001373291
2024-09-03,539.3125610351562,89.88094329833984,230.2899932861328,19.901920318603516,26.202260971069336
2024-09-04,538.2088012695312,91.03949737548828,230.42999267578125,19.754974365234375,26.072729110717773
2024-09-05,536.8997192382812,91.55442810058594,232.35000610351562,19.800893783569336,26.035720825195312
2024-09-06,527.8635864257812,91.54523468017578,230.6300048828125,19.534557342529297,26.072729110717773
2024-09-09,533.773681640625,91.94059753417969,231.60000610351562,19.58966064453125,26.183753967285156
2024-09-10,536.0986938476562,92.58427429199219,232.6199951171875,19.304954528808594,26.19300651550293
2024-09-11,541.5984497070312,92.5107192993164,232.25,19.479450225830078,26.220766067504883
2024-09-12,546.1605834960938,92.07852935791016,236.3300018310547,19.855998992919922,26.109737396240234
2024-09-13,549.0130615234375,92.32679748535156,238.67999267578125,19.892736434936523,26.072729110717773
2024-09-16,549.82373046875,93.17274475097656,238.66000366210938,20.03968048095703,25.989459991455078
2024-09-17,550.0485229492188,92.72218322753906,237.33999633789062,20.177440643310547,26.072729110717773
2024-09-18,548.4171752929688,91.57280731201172,235.50999450683594,20.048864364624023,26.100486755371094
2024-09-19,557.7754516601562,91.2693862915039,239.1699981689453,20.407045364379883,25.989459991455078
2024-09-20,556.8114013671875,90.9199447631836,242.2100067138672,20.407045364379883,26.035720825195312
2024-09-23,558.2027587890625,90.72688293457031,242.67999267578125,20.416229248046875,26.072729110717773
2024-09-24,559.7999877929688,90.70848083496094,246.07000732421875,20.756038665771484,25.924694061279297
2024-09-25,558.5652465820312,89.9544906616211,245.72999572753906,20.58154296875,26.100486755371094
2024-09-26,560.77978515625,90.16598510742188,246.97999572753906,20.397859573364258,25.980205535888672
2024-09-27,559.9664916992188,90.63492584228516,245.02000427246094,20.498884201049805,25.97095489501953
2024-09-30,562.21044921875,90.20275115966797,243.05999755859375,20.452964782714844,26.072729110717773
2024-10-01,557.173828125,90.85401916503906,245.61000061035156,20.81114387512207,26.183753967285156
2024-10-02,557.4090576171875,90.08836364746094,245.66000366210938,20.98564338684082,26.294782638549805
2024-10-03,556.3899536132812,89.23970031738281,245.49000549316406,21.28871726989746,26.3780517578125
2024-10-04,561.4461059570312,88.14196014404297,245.0,21.343822479248047,26.52608871459961
2024-10-07,556.370361328125,87.4778060913086,244.1699981689453,21.637712478637695,26.544593811035156
2024-10-08,561.63232421875,87.6253662109375,242.3699951171875,21.132587432861328,26.544593811035156
2024-10-09,565.5223999023438,87.12722778320312,241.0500030517578,20.948904037475586,26.664871215820312
2024-10-10,564.5327758789062,86.78594207763672,242.82000732421875,21.36219024658203,26.65561866760254
2024-10-11,567.9132690429688,86.43538665771484,245.47000122070312,21.38055992126465,26.674123764038086
2024-10-14,572.5578002929688,86.49996185302734,245.07000732421875,21.0499324798584,26.75739288330078
2024-10-15,568.1093139648438,87.55158996582031,245.9199981689453,20.645830154418945,26.775897979736328
2024-10-16,570.5784301757812,87.92056274414062,247.14999389648438,20.59072494506836,26.849916458129883
2024-10-17,570.6275024414062,86.52763366699219,248.6300048828125,20.61827850341797,26.933185577392578
2024-10-18,572.8224487304688,86.59220123291016,251.27000427246094,20.50806999206543,26.859169006347656
2024-10-21,571.8817138671875,85.0793685913086,251.22000122070312,20.572359085083008,26.979446411132812
2024-10-22,571.5779418945312,85.1623764038086,253.92999267578125,20.930538177490234,27.0072021484375
2024-10-23,566.355224609375,84.93177032470703,250.8699951171875,20.81114387512207,27.0997257232666
2024-10-24,567.580078125,85.47602844238281,252.8000030517578,20.801959991455078,26.99795150756836
2024-10-25,567.3840942382812,84.99633026123047,253.32000732421875,20.948904037475586,27.090473175048828
2024-10-28,569.13818359375,84.7657241821289,253.3300018310547,20.3886775970459,27.090473175048828
2024-10-29,570.0592651367188,84.8948745727539,256.0899963378906,20.351940155029297,27.0997257232666
2024-10-30,568.3346557617188,85.1439208984375,257.5,20.609094619750977,27.034957885742188
2024-10-31,557.1934814453125,85.28228759765625,253.50999450683594,20.746854782104492,27.016454696655273
2024-11-01,559.5451049804688,84.0799789428711,252.47000122070312,20.526437759399414,27.12748146057129
2024-11-04,558.3399047851562,85.38505554199219,252.8300018310547,20.87543296813965,27.025705337524414
2024-11-05,565.09130859375,85.83858489990234,253.39999389648438,21.004011154174805,26.91468048095703
2024-11-06,579.142578125,83.48759460449219,245.6999969482422,20.7744083404541,27.349533081054688
2024-11-07,583.62060546875,84.53350067138672,249.64999389648438,20.98564338684082,27.12748146057129
2024-11-08,586.1486206054688,85.60718536376953,247.9600067138672,20.664199829101562,27.31252670288086
2024-11-11,586.7072143554688,85.19066619873047,242.13999938964844,20.33357048034668,27.469812393188477
2024-11-12,584.8847045898438,83.91339111328125,240.0500030517578,20.223363876342773,27.590091705322266
2024-11-13,585.1688232421875,83.11737823486328,237.6300048828125,20.159074783325195,27.747379302978516
2024-11-14,581.4060668945312,83.59867095947266,237.00999450683594,20.140705108642578,27.85840606689453
2024-11-15,573.9590454101562,83.37652587890625,236.58999633789062,20.03968048095703,27.830650329589844
2024-11-18,576.3107299804688,83.5246353149414,241.08999633789062,20.498884201049805,27.69186782836914
2024-11-19,578.4175415039062,83.95039367675781,243.25,20.563173294067383,27.682613372802734
2024-11-20,578.6134643554688,83.6819839477539,244.6199951171875,20.55398941040039,27.82139778137207
2024-11-21,581.7196044921875,83.61715698242188,246.66000366210938,20.700937271118164,27.91391944885254
2024-11-22,583.5226440429688,83.6634521484375,249.83999633789062,20.719303131103516,28.061954498291016
2024-11-25,585.5020141601562,85.8293228149414,242.47999572753906,20.425413131713867,27.867658615112305
2024-11-26,588.55908203125,85.49613952636719,242.9499969482422,20.425413131713867,27.9046688079834
2024-11-27,586.7758178710938,86.08848571777344,243.49000549316406,20.315204620361328,27.664108276367188
2024-11-29,590.4208984375,86.97704315185547,245.58999633789062,20.33357048034668,27.617849349975586
2024-12-02,591.4790649414062,87.18603515625,243.44000244140625,20.186626434326172,27.784387588500977
2024-12-03,591.7535400390625,86.43370056152344,243.92999267578125,20.416229248046875,27.775136947631836
2024-12-04,595.4280395507812,87.36250305175781,244.6699981689453,20.306018829345703,27.765884399414062
2024-12-05,594.4481201171875,87.5389633178711,242.86000061035156,20.278467178344727,27.617849349975586
2024-12-06,595.5750732421875,87.66901397705078,242.9499969482422,20.122337341308594,27.69186782836914
2024-12-09,592.508056640625,86.86095428466797,245.36000061035156,20.315204620361328,27.738126754760742
2024-12-10,590.6659545898438,86.4522705078125,248.58999633789062,20.36112403869629,27.802892684936523
2024-12-11,595.2320556640625,85.63493347167969,250.9600067138672,20.61827850341797,27.895414352416992
2024-12-12,592.1651000976562,84.59468841552734,247.27999877929688,20.53562355041504,27.98793601989746
2024-12-13,592.0474853515625,83.73091125488281,244.2899932861328,20.526437759399414,27.997188568115234
2024-12-16,594.5755004882812,83.98168182373047,244.8800048828125,20.416229248046875,27.950927734375
2024-12-17,592.1259155273438,84.18600463867188,243.94000244140625,20.278467178344727,27.978683471679688
2024-12-18,574.4783935546875,83.13333892822266,239.25999450683594,20.094785690307617,28.30251121520996
2024-12-19,574.3019409179688,81.87460327148438,239.60000610351562,20.094785690307617,28.35802459716797
2024-12-20,581.199951171875,82.34078979492188,242.10000610351562,20.223363876342773,28.219242095947266
2024-12-23,584.6803588867188,81.58553314208984,240.9600067138672,20.238842010498047,28.322710037231445
2024-12-24,591.1790771484375,81.93053436279297,241.44000244140625,20.354934692382812,28.400068283081055
2024-12-26,591.2183837890625,81.88390350341797,243.07000732421875,20.296886444091797,28.34204864501953
2024-12-27,584.9949951171875,81.21257019042969,241.39999389648438,20.393630981445312,28.293699264526367
2024-12-30,578.3192749023438,81.8652572631836,240.6300048828125,20.57744598388672,28.322710037231445
2024-12-31,576.21533203125,81.42703247070312,242.1300048828125,20.683862686157227,28.448415756225586
2025-01-02,574.7994995117188,81.65080261230469,245.4199981689453,20.887025833129883,28.690160751342773
2025-01-03,581.9864501953125,81.38973236083984,243.49000549316406,20.780607223510742,28.603132247924805
2025-01-06,585.3390502929688,81.02608489990234,243.19000244140625,20.819305419921875,28.41940689086914
2025-01-07,578.722412109375,80.11233520507812,244.55999755859375,20.91604995727539,28.525774002075195
2025-01-08,579.56787109375,80.21491241455078,245.86000061035156,20.877351760864258,28.63214111328125
2025-01-10,570.7193603515625,79.68341827392578,248.2100067138672,21.438467025756836,28.77718734741211
2025-01-13,571.6043090820312,79.65545654296875,245.74000549316406,21.5932559967041,28.864215850830078
2025-01-14,572.3907470703125,79.52490234375,247.02999877929688,21.583581924438477,28.680490493774414
2025-01-15,582.802490234375,80.89555358886719,248.8800048828125,21.931861877441406,28.63214111328125
2025-01-16,581.6817016601562,81.15663146972656,250.60000610351562,21.83511734008789,28.63214111328125
2025-01-17,587.5217895507812,81.29650115966797,249.27000427246094,21.738372802734375,28.738508224487305
2025-01-21,592.8995971679688,82.02378845214844,253.1300048828125,21.631956100463867,28.371057510375977
2025-01-22,596.2327270507812,81.5948715209961,254.42999267578125,21.612606048583984,28.41940689086914
2025-01-23,599.48681640625,80.96082305908203,254.07000732421875,21.53521156311035,28.40973663330078
2025-01-24,597.7368774414062,81.32447052001953,255.64999389648438,21.544885635375977,28.235681533813477
2025-01-27,589.2815551757812,82.28485107421875,252.99000549316406,21.21595573425293,28.245349884033203
2025-01-28,594.3448486328125,82.22889709472656,255.17999267578125,21.235305786132812,28.361387252807617
2025-01-29,591.6804809570312,82.06106567382812,254.1999969482422,21.274002075195312,28.41940689086914
2025-01-30,594.8561401367188,82.36873626708984,258.04998779296875,21.293350219726562,28.41940689086914
2025-01-31,591.6903686523438,81.82794189453125,258.55999755859375,21.25465202331543,28.535444259643555
2025-02-03,587.7085571289062,82.49420928955078,259.94000244140625,21.419116973876953,28.661149978637695
2025-02-04,591.6510620117188,82.74685668945312,262.5,21.47716522216797,28.400068283081055
2025-02-05,594.0499877929688,84.11302185058594,264.1300048828125,21.34172248840332,28.35171890258789
2025-02-06,596.1145629882812,84.0755844116211,263.42999267578125,21.351396560668945,28.332378387451172
2025-02-07,590.6580200195312,83.53287506103516,263.8999938964844,21.36107063293457,28.458086013793945
2025-02-10,594.6693725585938,83.28021240234375,268.3699951171875,21.670652389526367,28.545114517211914
2025-02-11,595.12158203125,82.74685668945312,267.3900146484375,21.83511734008789,28.448415756225586
2025-02-12,593.204345703125,81.62397003173828,267.6700134277344,21.5932559967041,28.467756271362305
2025-02-13,599.4671630859375,82.98078918457031,270.30999755859375,21.699676513671875,28.235681533813477
2025-02-14,599.437744140625,83.42058563232422,266.2900085449219,21.7093505859375,28.158323287963867
2025-02-18,601.1975708007812,82.43807220458984,270.70001220703125,22.02860450744629,28.21634292602539
2025-02-19,602.61328125,82.5409927368164,270.8500061035156,22.20274543762207,28.245349884033203
2025-02-20,600.1062622070312,82.84979248046875,270.989990234375,22.231767654418945,28.022947311401367
2025-02-21,589.8419799804688,83.85102081298828,270.739990234375,21.92218589782715,28.119644165039062
2025-02-24,587.157958984375,84.09431457519531,272.2099914550781,21.844791412353516,28.13898468017578
2025-02-25,584.2379150390625,85.54469299316406,268.6199951171875,21.60293197631836,28.032615661621094
2025-02-26,584.5328979492188,86.04998016357422,269.0299987792969,21.419116973876953,28.090635299682617
2025-02-27,575.2025756835938,85.44176483154297,264.92999267578125,21.44814109802246,28.293699264526367
2025-02-28,584.1788940429688,86.48979187011719,263.2699890136719,21.283676147460938,28.41940689086914
2025-03-03,573.9441528320312,86.8934326171875,266.739990234375,21.148235321044922,28.14865493774414
2025-03-04,567.1504516601562,85.82333374023438,269.05999755859375,21.21595573425293,27.897239685058594
2025-03-05,573.2461547851562,85.13807678222656,269.6199951171875,21.157909393310547,27.55879783630371
2025-03-06,563.0703125,84.85649871826172,268.25,21.051490783691406,27.539459228515625
2025-03-07,566.2262573242188,84.58426666259766,268.3900146484375,21.235305786132812,27.452430725097656
2025-03-10,551.14453125,85.46663665771484,266.0400085449219,21.099863052368164,27.471771240234375
2025-03-11,546.5629272460938,84.85649871826172,269.1600036621094,21.21595573425293,27.317054748535156
2025-03-12,549.4633178710938,84.34960174560547,270.3299865722656,21.21595573425293,27.384742736816406
2025-03-13,542.138671875,85.09115600585938,275.1300048828125,21.138561248779297,27.481441497802734
2025-03-14,553.3370361328125,84.64058685302734,275.239990234375,21.25465202331543,27.452430725097656
2025-03-17,557.6038818359375,85.06299591064453,276.7300109863281,21.399770736694336,27.346065521240234
2025-03-18,551.5770263671875,85.14747619628906,279.9599914550781,21.351396560668945,27.326725006103516
2025-03-19,557.584228515625,85.58865356445312,281.1099853515625,21.48683738708496,27.394412994384766
2025-03-20,555.9718627929688,85.64497375488281,280.75,21.525535583496094,27.471771240234375
2025-03-21,556.1552124023438,85.13807678222656,278.489990234375,21.399770736694336,27.55879783630371
2025-03-24,566.1151733398438,84.26512908935547,277.25,21.47716522216797,27.607147216796875
2025-03-25,567.4759521484375,84.25574493408203,278.4700012207031,21.506187438964844,27.57813835144043
2025-03-26,560.7012939453125,83.70191192626953,278.239990234375,21.47716522216797,27.70384407043457
2025-03-27,559.2122192382812,83.45787048339844,281.9700012207031,21.53521156311035,27.616817474365234
2025-03-28,547.95068359375,84.61243438720703,284.05999755859375,21.467491149902344,27.56846809387207
2025-03-31,551.6289672851562,85.44784545898438,288.1400146484375,21.767396926879883,27.59747886657715
2025-04-01,553.18701171875,86.18831634521484,287.57000732421875,21.777070999145508,27.62648582458496
2025-04-02,556.6878051757812,86.13179016113281,288.1600036621094,21.912511825561523,27.51045036315918
2025-04-03,529.2537841796875,86.52745056152344,286.4200134277344,21.032142639160156,27.026962280273438
2025-04-04,498.2696838378906,87.46949768066406,279.7200012207031,20.267866134643555,27.326725006103516
2025-04-07,497.3822021484375,84.83174133300781,273.7099914550781,19.948610305786133,27.442760467529297
2025-04-08,489.591796875,83.23027038574219,275.20001220703125,19.50358772277832,27.317054748535156
2025-04-09,541.0083618164062,83.72014617919922,285.3800048828125,20.20981788635254,27.35573387145996
2025-04-10,517.3019409179688,81.412109375,292.3500061035156,19.958282470703125,26.785219192504883
2025-04-11,526.5321044921875,81.85486602783203,297.92999267578125,20.248516082763672,26.543476104736328
2025-04-14,531.6401977539062,82.43895721435547,296.2300109863281,20.258190155029297,26.45644760131836
2025-04-15,530.1511840820312,82.7309799194336,297.7799987792969,20.20981788635254,26.60149383544922
2025-04-16,518.3668823242188,83.19258880615234,307.4700012207031,20.46135139465332,26.37908935546875
2025-04-17,519.1065063476562,82.4577865600586,306.1199951171875,20.674190521240234,26.398427963256836
2025-04-21,506.7503356933594,81.01644134521484,315.5899963378906,20.500049591064453,26.147014617919922
2025-04-22,519.9348754882812,81.46862030029297,311.1099853515625,20.59679412841797,26.29206085205078
2025-04-23,527.9915161132812,82.25995635986328,303.6499938964844,20.44200325012207,26.53380584716797
2025-04-24,539.105224609375,83.12664794921875,308.07000732421875,20.625816345214844,26.417766571044922
2025-04-25,543.0003662109375,83.73897552490234,304.7300109863281,20.65484046936035,26.485454559326172
2025-04-28,543.2074584960938,84.26651763916016,309.07000732421875,20.538747787475586,26.321069717407227
2025-04-29,546.6292724609375,84.97305297851562,306.05999755859375,20.277538299560547,26.408098220825195
2025-04-30,546.8462524414062,84.28536224365234,303.7699890136719,19.900236129760742,26.50479507446289
2025-05-01,550.7216796875,83.85798645019531,297.4599914550781,19.996980667114258,26.65951156616211
2025-05-02,558.896728515625,82.95028686523438,297.9800109863281,20.08405113220215,26.620832443237305
2025-05-05,555.6917724609375,82.48698425292969,306.8800048828125,19.967958450317383,26.57248306274414
2025-05-06,551.0471801757812,82.76117706298828,315.4800109863281,20.267866134643555,26.408098220825195
2025-05-07,553.364501953125,83.11103057861328,310.75,20.01633071899414,26.60149383544922
2025-05-08,557.2202758789062,82.18443298339844,304.6300048828125,20.277538299560547,26.823896408081055
2025-05-09,556.51025390625,82.30735778808594,306.8399963378906,20.432329177856445,26.746540069580078
2025-05-12,574.9014892578125,81.54145812988281,298.19000244140625,20.567771911621094,27.123659133911133
2025-05-13,578.6981201171875,81.21053314208984,299.4599914550781,20.887025833129883,26.891584396362305
2025-05-14,579.4376831054688,80.67158508300781,293.1600036621094,20.780607223510742,26.949604034423828
2025-05-15,582.2678833007812,81.3807373046875,297.8399963378906,20.57744598388672,26.881916046142578
2025-05-16,585.9559936523438,81.59822082519531,294.239990234375,20.500049591064453,26.959272384643555
2025-05-19,586.5969848632812,81.36182403564453,298.0299987792969,20.471027374267578,26.775548934936523
2025-05-20,584.6246948242188,80.77560424804688,303.5799865722656,20.732234954833984,26.698190689086914
2025-05-21,574.7733154296875,79.39514923095703,305.82000732421875,20.70321273803711,26.5821533203125
2025-05-22,575.0001831054688,79.81117248535156,303.1099853515625,20.59679412841797,26.65951156616211
2025-05-23,571.0752563476562,79.94354248046875,309.75,20.712886810302734,26.46611785888672
2025-05-27,582.9483032226562,81.05926513671875,304.5,20.529071807861328,26.611164093017578
2025-05-28,579.5758056640625,80.70941162109375,303.80999755859375,20.46135139465332,26.698190689086914
2025-05-29,581.863525390625,81.45636749267578,305.6099853515625,20.354934692382812,26.553142547607422
2025-05-30,581.2128295898438,81.57928466796875,303.6000061035156,20.20014190673828,26.543476104736328
2025-06-02,584.4866333007812,80.82005310058594,311.6700134277344,20.625816345214844,26.35974884033203
2025-06-03,587.81982421875,80.67769622802734,308.9100036621094,20.76125717163086,26.53380584716797
2025-06-04,587.6619873046875,81.98738098144531,310.8999938964844,20.683862686157227,26.417766571044922
2025-06-05,584.8218994140625,82.04430389404297,309.3299865722656,20.780607223510742,26.398427963256836
2025-06-06,590.8275146484375,81.0003890991211,305.17999267578125,20.945072174072266,26.53380584716797
2025-06-09,591.3599243164062,81.0857925415039,306.6199951171875,20.964420318603516,26.46611785888672
2025-06-10,594.7128295898438,81.50335693359375,306.7099914550781,20.91604995727539,26.49512481689453
2025-06-11,593.0166015625,81.7501220703125,308.3699951171875,21.25465202331543,26.398427963256836
2025-06-12,595.3734741210938,82.72762298583984,312.20001220703125,21.25465202331543,26.205034255981445
2025-06-13,588.7171630859375,81.93045043945312,316.2900085449219,21.912511825561523,26.272722244262695
2025-06-16,594.318359375,81.10477447509766,311.7799987792969,21.8641414642334,26.30173110961914
2025-06-17,589.2398071289062,82.0917739868164,311.94000244140625,22.328510284423828,26.475786209106445
2025-06-18,589.1510009765625,82.23413848876953,310.260009765625,22.38655662536621,26.52413558959961
2025-06-20,587.7673950195312,82.08228302001953,310.1300048828125,22.50265121459961,26.49512481689453
2025-06-23,593.5730590820312,82.34801483154297,311.0799865722656,21.670652389526367,26.38875961303711
2025-06-24,600.1304321289062,82.9458999633789,306.19000244140625,21.148235321044922,26.253381729125977
2025-06-25,600.4666748046875,83.05030822753906,307.1199951171875,21.119211196899414,26.185693740844727
2025-06-26,605.1646118164062,83.4678726196289,306.7799987792969,21.196605682373047,26.07932472229004
2025-06-27,608.1713256835938,82.9364242553711,301.2200012207031,21.090187072753906,26.127676010131836
2025-06-30,611.0791015625,83.7525863647461,304.8299865722656,21.099863052368164,25.992298126220703
2025-07-01,610.8812866210938,83.96025085449219,307.54998779296875,21.21595573425293,25.982629776000977
2025-07-02,613.6505737304688,83.42678833007812,309.25,21.564233779907227,25.963289260864258
2025-07-03,618.4869995117188,82.84574127197266,307.1400146484375,21.5545597076416,26.0889949798584
2025-07-07,613.8780517578125,82.05509948730469,307.3699951171875,21.53521156311035,26.176023483276367
2025-07-08,613.5418090820312,81.95030975341797,304.1600036621094,21.60293197631836,26.195363998413086
2025-07-09,617.2210083007812,82.80762481689453,305.5199890136719,21.564233779907227,26.195363998413086
2025-07-10,618.9617309570312,82.86477661132812,306.20001220703125,21.496511459350586,26.243711471557617
2025-07-11,616.7858276367188,81.7217025756836,309.1400146484375,21.777070999145508,26.321069717407227
2025-07-14,617.9627685546875,81.55021667480469,308.010009765625,21.5932559967041,26.38875961303711
2025-07-15,615.3220825195312,80.97867584228516,306.7300109863281,21.5545597076416,26.53380584716797
2025-07-16,617.3792114257812,81.0929946899414,308.260009765625,21.583581924438477,26.43710708618164
2025-07-17,621.1574096679688,81.07393646240234,307.5899963378906,21.757720947265625,26.553142547607422
2025-07-18,620.702392578125,81.19776153564453,308.3900146484375,21.796419143676758,26.51446533203125
2025-07-21,621.87939453125,81.92174530029297,313.1300048828125,21.748046875,26.340410232543945
2025-07-22,621.9683837890625,82.41706085205078,316.1000061035156,21.7093505859375,26.205034255981445
2025-07-23,627.2598266601562,81.95983123779297,312.17999267578125,21.651302337646484,26.166353225708008
2025-07-24,627.4674072265625,81.81694030761719,310.2699890136719,21.670652389526367,26.234041213989258
2025-07-25,630.1180419921875,82.33134460449219,307.3999938964844,21.44814109802246,26.29206085205078
2025-07-28,629.9598999023438,81.79788970947266,305.4100036621094,21.670652389526367,26.59182357788086
2025-07-29,628.2982788085938,83.17913818359375,306.25,21.951210021972656,26.65951156616211
2025-07-30,627.507080078125,82.75048828125,300.9599914550781,21.9028377532959,26.920595169067383
2025-07-31,625.1531372070312,82.79811096191406,302.9599914550781,21.719024658203125,26.978612899780273
2025-08-01,614.9066162109375,83.97521209716797,309.1099853515625,21.370746612548828,26.65951156616211
2025-08-04,624.2530517578125,84.20469665527344,310.9100036621094,21.293350219726562,26.64984130859375
2025-08-05,621.088134765625,84.46287536621094,311.1600036621094,21.10953712463379,26.64984130859375
2025-08-06,625.845458984375,83.97521209716797,310.5,21.06116485595703,26.49512481689453
2025-08-07,625.3212280273438,83.83177185058594,313.1199951171875,21.12888526916504,26.475786209106445
2025-08-08,630.197265625,83.46841430664062,313.04998779296875,21.12888526916504,26.52413558959961
2025-08-11,628.9510498046875,83.56404876708984,308.54998779296875,21.157909393310547,26.630502700805664
2025-08-12,635.6468505859375,83.143310546875,308.2699890136719,21.07084083557129,26.49512481689453
2025-08-13,637.8226928710938,83.83177185058594,309.2099914550781,21.04181671142578,26.42743682861328
2025-08-14,637.8821411132812,83.21021270751953,307.25,21.12888526916504,26.52413558959961
2025-08-15,636.388671875,82.61737823486328,307.42999267578125,21.06116485595703,26.43710708618164
2025-08-18,636.2501220703125,82.37832641601562,306.95001220703125,21.080514907836914,26.50479507446289
2025-08-19,632.7984008789062,82.85645294189453,305.2699890136719,20.91604995727539,26.57248306274414
2025-08-20,631.1170654296875,83.03810119628906,308.3599853515625,21.148235321044922,26.553142547607422
2025-08-21,628.5850830078125,82.62693786621094,307.2900085449219,21.274002075195312,26.688520431518555
2025-08-22,638.2380981445312,83.23893737792969,310.5799865722656,21.36107063293457,26.42743682861328
2025-08-25,635.4292602539062,82.99986267089844,309.8299865722656,21.467491149902344,26.64017105102539
2025-08-26,638.0897216796875,82.95205688476562,312.0799865722656,21.30302619934082,26.57248306274414
2025-08-27,639.5436401367188,82.85645294189453,312.7099914550781,21.32237434387207,26.5821533203125
2025-08-28,641.8085327148438,83.40148162841797,315.0299987792969,21.457815170288086,26.485454559326172
2025-08-29,637.98095703125,82.8086166381836,318.07000732421875,21.48683738708496,26.46611785888672
2025-09-02,633.2533569335938,82.1923828125,325.5899963378906,21.83511734008789,26.64017105102539
2025-09-03,636.685302734375,83.09465026855469,328.1400146484375,21.641630172729492,26.59182357788086
2025-09-04,642.00634765625,83.72817993164062,326.69000244140625,21.48683738708496,26.630502700805664
2025-09-05,640.14697265625,85.00476837158203,331.04998779296875,21.312700271606445,26.49512481689453
2025-09-08,641.7195434570312,86.13740539550781,334.82000732421875,21.457815170288086,26.408098220825195
2025-09-09,643.203125,85.64787292480469,334.05999755859375,21.51586151123047,26.51446533203125
2025-09-10,645.0625610351562,86.13740539550781,335.260009765625,21.66097640991211,26.53380584716797
2025-09-11,650.4231567382812,86.71330261230469,334.760009765625,21.496511459350586,26.44677734375
2025-09-12,650.2054443359375,86.33895874023438,335.4200134277344,21.62228012084961,26.485454559326172
2025-09-15,653.6671142578125,86.54054260253906,338.9100036621094,21.815767288208008,26.398427963256836
2025-09-16,652.7671508789062,86.72290802001953,339.5899963378906,22.038280487060547,26.234041213989258
2025-09-17,651.9561157226562,86.50213623046875,336.9700012207031,21.806095123291016,26.321069717407227
2025-09-18,655.00244140625,85.6094741821289,335.6199951171875,21.7093505859375,26.44677734375
2025-09-19,658.2465209960938,85.44630432128906,339.17999267578125,21.53521156311035,26.52413558959961
2025-09-22,661.3607788085938,85.13914489746094,345.04998779296875,21.53521156311035,26.42743682861328
2025-09-23,657.7606201171875,85.7342529296875,346.4599914550781,21.757720947265625,26.408098220825195
2025-09-24,655.6678466796875,85.40791320800781,343.32000732421875,21.9028377532959,26.60149383544922
2025-09-25,652.6429443359375,85.40791320800781,344.75,22.057626724243164,26.785219192504883
2025-09-26,656.3820190429688,85.33112335205078,346.739990234375,22.067302703857422,26.688520431518555
2025-09-29,658.2266845703125,86.03181457519531,352.4599914550781,21.88348960876465,26.630502700805664
2025-09-30,660.7061157226562,85.78225708007812,355.4700012207031,21.796419143676758,26.60149383544922
2025-10-01,662.9574584960938,86.00379180908203,356.0299987792969,21.757720947265625,26.59182357788086
2025-10-02,663.7210693359375,86.25422668457031,354.7900085449219,21.612606048583984,26.630502700805664
2025-10-03,663.7112426757812,86.09046936035156,357.6400146484375,21.680326461791992,26.5821533203125
2025-10-06,666.0914916992188,85.40660858154297,364.3800048828125,21.9028377532959,26.707860946655273
2025-10-07,663.6219482421875,85.89783477783203,366.260009765625,21.989906311035156,26.862577438354492
2025-10-08,667.5791625976562,85.96525573730469,372.29998779296875,22.018930435180664,26.920595169067383
2025-10-09,665.6452026367188,85.89783477783203,365.42999267578125,21.815767288208008,27.104320526123047
2025-10-10,647.6542358398438,87.28483581542969,369.1199951171875,21.351396560668945,26.968942642211914
2025-10-13,657.5919189453125,87.23667907714844,378.0899963378906,21.62228012084961,27.065641403198242
2025-10-14,656.78857421875,87.5159912109375,380.7900085449219,21.380420684814453,26.988283157348633
2025-10-15,659.7044067382812,87.3233642578125,387.3900146484375,21.457815170288086,26.910924911499023
2025-10-16,655.2116088867188,87.97833251953125,396.45001220703125,21.419116973876953,26.80455780029297
2025-10-17,658.9308471679688,87.84349060058594,388.989990234375,21.399770736694336,26.833566665649414
2025-10-20,665.7840576171875,88.18062591552734,403.1499938964844,21.612606048583984,26.901254653930664
2025-10-21,665.7741088867188,88.61405181884766,377.239990234375,21.390094757080078,27.00762367248535
2025-10-22,662.3128051757812,88.67184448242188,377.2799987792969,21.728696823120117,26.978612899780273
2025-10-23,666.2402954101562,88.06503295898438,378.7900085449219,22.096324920654297,26.988283157348633
2025-10-24,671.6851806640625,88.10355377197266,377.5199890136719,22.106000900268555,26.988283157348633
2025-10-27,679.6094970703125,88.40213775634766,367.010009765625,22.057626724243164,26.959272384643555
2025-10-28,681.41455078125,88.63330078125,364.3800048828125,21.85446548461914,26.9399356842041
2025-10-29,681.7418823242188,87.73753356933594,363.0,21.970558166503906,27.094650268554688
2025-10-30,674.2440185546875,87.2270278930664,370.1300048828125,21.98023223876953,27.201017379760742
2025-10-31,676.45556640625,86.96696472167969,368.1199951171875,22.13502311706543,27.27837562561035
2025-11-03,677.7251586914062,86.7494888305664,368.7799987792969,22.299488067626953,27.297714233398438
2025-11-04,669.6917114257812,86.94281768798828,362.32000732421875,22.144697189331055,27.384742736816406
2025-11-05,672.012451171875,85.99546813964844,366.510009765625,22.076976776123047,27.394412994384766
2025-11-06,664.8021850585938,86.76881408691406,366.07000732421875,22.106000900268555,27.249366760253906
2025-11-07,665.4567260742188,86.58514404296875,368.30999755859375,22.15437126159668,27.230026245117188
2025-11-10,675.8406982421875,86.5658187866211,378.3800048828125,22.39623260498047,27.249366760253906
2025-11-11,677.3878784179688,86.962158203125,379.8699951171875,22.54134750366211,27.2106876373291
2025-11-12,677.7648315429688,87.11682891845703,385.989990234375,22.289813995361328,27.220355987548828
2025-11-13,666.5180053710938,86.40148162841797,382.8699951171875,22.173721313476562,27.14299964904785
2025-11-14,666.4088745117188,85.90847778320312,375.9599914550781,22.222091674804688,27.181678771972656
2025-11-17,660.2003173828125,86.12113952636719,371.6499938964844,22.193069458007812,27.249366760253906
2025-11-18,654.65625,86.0921401977539,374.3500061035156,22.376882553100586,27.27837562561035
2025-11-19,657.185302734375,85.91814422607422,374.9599914550781,22.15437126159668,27.452430725097656
2025-11-20,647.1683349609375,86.25648498535156,374.8500061035156,21.94153594970703,27.471771240234375
2025-11-21,653.6149291992188,86.5174789428711,374.2699890136719,21.796419143676758,27.452430725097656
2025-11-24,663.235107421875,87.01049041748047,380.20001220703125,21.9028377532959,27.452430725097656
2025-11-25,669.4735107421875,87.23281860351562,380.0799865722656,21.786745071411133,27.375072479248047
2025-11-26,674.09521484375,87.61949157714844,383.1199951171875,22.018930435180664,27.297714233398438
2025-11-28,677.7747192382812,87.20381164550781,387.8800048828125,22.309162139892578,27.27837562561035
2025-12-01,674.6802978515625,86.11824035644531,389.75,22.367210388183594,27.268707275390625
2025-12-02,675.9300537109375,86.15704345703125,387.239990234375,22.270465850830078,27.259037017822266
2025-12-03,678.2706298828125,86.39958190917969,386.8800048828125,22.376882553100586,27.123659133911133
2025-12-04,678.7664794921875,85.93392181396484,387.1300048828125,22.4349308013916,27.181678771972656
2025-12-05,680.0557861328125,85.53617858886719,386.44000244140625,22.570371627807617,27.152667999267578
2025-12-08,678.0127563476562,85.25483703613281,385.4200134277344,22.289813995361328,27.191349029541016
2025-12-09,677.4275512695312,85.3421401977539,387.3999938964844,22.24144172668457,27.230026245117188
2025-12-10,681.92041015625,85.67198181152344,389.04998779296875,22.376882553100586,27.084980010986328
2025-12-11,683.5072021484375,85.55557250976562,393.239990234375,22.357534408569336,26.988283157348633
2025-12-12,676.1581420898438,84.73094940185547,395.44000244140625,22.173721313476562,27.026962280273438
2025-12-15,675.1365356445312,84.78916931152344,395.79998779296875,22.067302703857422,27.00762367248535
2025-12-16,673.2918701171875,85.25483703613281,395.8900146484375,21.844791412353516,26.978612899780273
2025-12-17,665.8832397460938,85.1772232055664,399.2900085449219,22.106000900268555,27.036630630493164
2025-12-18,670.9114990234375,85.58466339111328,398.57000732421875,21.951210021972656,27.055971145629883
2025-12-19,676.9923095703125,85.26525115966797,399.0199890136719,22.106000900268555,27.14299964904785
2025-12-22,681.2098999023438,85.0802001953125,408.2300109863281,22.389999389648438,27.030000686645508
2025-12-23,684.3233032226562,85.21653747558594,413.6400146484375,22.639999389648438,26.940000534057617
2025-12-24,686.7305297851562,85.73271179199219,411.92999267578125,22.6299991607666,26.950000762939453
2025-12-26,686.660888671875,85.45027160644531,416.739990234375,22.700000762939453,26.969999313354492
2025-12-29,684.2138671875,85.77167510986328,398.6000061035156,22.489999771118164,26.979999542236328
2025-12-30,683.3783569335938,85.5671615600586,398.8900146484375,22.639999389648438,27.049999237060547
2025-12-31,678.3152465820312,84.88542938232422,396.30999755859375,22.360000610351562,27.030000686645508
2026-01-02,679.55859375,84.75879669189453,398.2799987792969,22.389999389648438,27.110000610351562
2026-01-05,684.0845336914062,85.1775894165039,408.760009765625,22.809999465942383,27.06999969482422
2026-01-06,688.1529541015625,85.00228118896484,413.17999267578125,22.799999237060547,27.15999984741211
2026-01-07,685.9347534179688,85.49897766113281,409.2300109863281,22.59000015258789,27.200000762939453
2026-01-08,685.8651123046875,85.07046508789062,411.489990234375,22.8799991607666,27.270000457763672
2026-01-09,690.4010009765625,85.63531494140625,414.4700012207031,22.899999618530273,27.329999923706055
2026-01-12,691.4852294921875,85.38211059570312,422.2300109863281,23.190000534057617,27.280000686645508
2026-01-13,690.1026000976562,85.52818298339844,421.6300048828125,23.3700008392334,27.350000381469727
2026-01-14,686.7106323242188,86.0248794555664,425.94000244140625,23.389999389648438,27.329999923706055
2026-01-15,688.5806884765625,86.0053939819336,423.3299865722656,23.200000762939453,27.43000030517578
2026-01-16,688.0037231445312,85.50872039794922,421.2900085449219,23.15999984741211,27.43000030517578
2026-01-20,673.9981689453125,84.38873291015625,437.2300109863281,23.479999542236328,27.209999084472656
2026-01-21,681.77685546875,85.031494140625,443.6000061035156,23.75,27.270000457763672
2026-01-22,685.3379516601562,85.40158081054688,451.7900085449219,23.739999771118164,27.149999618530273
2026-01-23,685.5865478515625,85.63531494140625,458.0,24.18000030517578,26.90999984741211
2026-01-26,689.0680541992188,86.04436492919922,464.70001220703125,24.290000915527344,26.780000686645508
2026-01-27,691.8134765625,85.50872039794922,476.1000061035156,24.6200008392334,26.469999313354492
2026-01-28,691.7438354492188,85.31393432617188,494.55999755859375,24.940000534057617,26.6299991607666
2026-01-29,690.3711547851562,85.33341217041016,495.8999938964844,25.299999237060547,26.59000015258789
2026-01-30,688.3120727539062,84.85619354248047,444.95001220703125,24.43000030517578,26.850000381469727
2026-02-02,691.7339477539062,84.6137466430664,427.1300048828125,23.540000915527344,26.989999771118164
2026-02-03,685.885009765625,84.81904602050781,454.2900085449219,24.149999618530273,26.920000076293945
2026-02-04,682.5626831054688,84.60397338867188,453.9700012207031,24.190000534057617,27.010000228881836
2026-02-05,674.0379638671875,85.52294921875,441.8800048828125,23.760000228881836,27.09000015258789
2026-02-06,686.96923828125,85.58159637451172,455.4599914550781,24.010000228881836,27.010000228881836
2026-02-09,690.2816772460938,85.56204986572266,467.0299987792969,24.25,26.790000915527344
2026-02-10,688.4613037109375,86.54945373535156,462.3999938964844,24.139999389648438,26.799999237060547
2026-02-11,688.3021850585938,86.0899658203125,467.6300048828125,24.3700008392334,26.829999923706055
2026-02-12,677.668701171875,87.23379516601562,451.3900146484375,23.799999237060547,26.81999969482422
2026-02-13,678.1461181640625,87.71282958984375,462.6199951171875,23.8799991607666,26.81999969482422
2026-02-17,679.2402954101562,87.85948181152344,448.20001220703125,23.59000015258789,26.90999984741211
2026-02-18,682.662109375,87.52708435058594,458.2799987792969,24.209999084472656,27.079999923706055
2026-02-19,680.8616333007812,87.61505889892578,459.55999755859375,24.43000030517578,27.1200008392334
2026-02-20,685.7855834960938,87.4097671508789,468.6199951171875,24.600000381469727,27.09000015258789
2026-02-23,678.7827758789062,87.73238372802734,481.2799987792969,24.75,27.09000015258789
2026-02-24,683.7164916992188,87.88880920410156,474.6099853515625,24.719999313354492,27.110000610351562
2026-02-25,689.4859008789062,87.89857482910156,473.4200134277344,24.75,27.079999923706055
2026-02-26,685.6561889648438,88.25051879882812,477.4800109863281,24.760000228881836,27.100000381469727
2026-02-27,682.3637084960938,88.78822326660156,483.75,25.100000381469727,27.079999923706055
2026-03-02,682.751708984375,87.89659881591797,490.0,25.809999465942383,27.329999923706055
2026-03-03,676.7337036132812,87.72004699707031,468.1400146484375,25.90999984741211,27.459999084472656
2026-03-04,681.5082397460938,87.44539642333984,471.79998779296875,26.139999389648438,27.40999984741211
2026-03-05,677.70849609375,87.09227752685547,466.1300048828125,26.520000457763672,27.479999542236328
2026-03-06,668.82568359375,86.76858520507812,473.510009765625,27.510000228881836,27.469999313354492
2026-03-09,674.6845703125,87.52386474609375,472.5299987792969,27.139999389648438,27.459999084472656
2026-03-10,673.6002807617188,86.59203338623047,477.8599853515625,27.600000381469727,27.450000762939453
2026-03-11,672.7548217773438,85.47383880615234,476.239990234375,28.1299991607666,27.549999237060547
2026-03-12,662.5390625,85.30707550048828,466.8800048828125,28.860000610351562,27.68000030517578
2026-03-13,658.7890014648438,84.88530731201172,460.8399963378906,28.709999084472656,27.889999389648438
2026-03-16,665.493408203125,85.54248809814453,460.42999267578125,28.309999465942383,27.729999542236328
2026-03-17,667.2440185546875,85.77790832519531,459.2699890136719,28.760000228881836,27.68000030517578
2026-03-18,657.9335327148438,85.29727172851562,444.739990234375,29.270000457763672,27.850000381469727
2026-03-19,656.3121948242188,85.817138671875,426.4100036621094,28.84000015258789,27.579999923706055
2026-03-20,646.9034423828125,84.18888092041016,413.3800048828125,28.940000534057617,27.68000030517578
2026-03-23,653.6959228515625,84.73817443847656,404.0400085449219,27.75,27.559999465942383
2026-03-24,651.5015869140625,84.36543273925781,404.1300048828125,28.239999771118164,27.649999618530273
2026-03-25,655.1322021484375,85.17955780029297,416.2900085449219,28.170000076293945,27.700000762939453
2026-03-26,643.432373046875,84.4635238647461,400.6400146484375,28.440000534057617,27.809999465942383
2026-03-27,632.4606323242188,84.00250244140625,414.70001220703125,29.100000381469727,27.84000015258789
2026-03-30,630.3460693359375,85.12071990966797,414.5799865722656,29.260000228881836,27.979999542236328
2026-03-31,648.6688842773438,85.03243255615234,430.2900085449219,28.950000762939453,27.780000686645508
2026-04-01,653.5562744140625,84.94872283935547,437.82000732421875,28.68000030517578,27.729999542236328
2026-04-02,654.144775390625,85.47067260742188,429.4100036621094,29.329999923706055,27.860000610351562
2026-04-06,657.23681640625,85.33279418945312,427.6499938964844,29.479999542236328,27.829999923706055
2026-04-07,657.5260009765625,85.32295227050781,431.80999755859375,29.3700008392334,27.75
2026-04-08,674.27294921875,85.59868621826172,434.5299987792969,28.559999465942383,27.530000686645508
2026-04-09,678.162841796875,85.38203430175781,437.9100036621094,28.709999084472656,27.479999542236328
2026-04-10,677.7140502929688,85.17522430419922,437.1300048828125,28.5,27.440000534057617
2026-04-13,684.3369750976562,85.4312744140625,435.3599853515625,28.959999084472656,27.3799991607666
2026-04-14,692.675537109375,85.88428497314453,445.0899963378906,28.84000015258789,27.31999969482422
2026-04-15,698.1414184570312,85.51006317138672,440.4599914550781,28.889999389648438,27.290000915527344
2026-04-16,699.8569946289062,84.96842193603516,440.0799865722656,29.110000610351562,27.3700008392334
2026-04-17,708.3152465820312,85.74640655517578,445.92999267578125,28.290000915527344,27.360000610351562
2026-04-20,706.8988037109375,85.72671508789062,442.0899963378906,28.670000076293945,27.31999969482422
2026-04-21,702.2708129882812,85.2540054321289,429.57000732421875,29.209999084472656,27.469999313354492
2026-04-22,709.3825073242188,85.42142486572266,435.260009765625,29.510000228881836,27.479999542236328
2026-04-23,706.6295776367188,85.23432159423828,431.0400085449219,29.889999389648438,27.530000686645508
2026-04-24,712.10546875,85.39188385009766,433.25,29.860000610351562,27.479999542236328
2026-04-27,713.332275390625,84.96842193603516,429.8900146484375,30.09000015258789,27.450000762939453
2026-04-28,709.8612060546875,85.05705261230469,421.9100036621094,30.34000015258789,27.530000686645508
2026-04-29,709.7515258789062,84.39723205566406,417.4100036621094,31.079999923706055,27.610000610351562
2026-04-30,716.8132934570312,84.3184585571289,423.6600036621094,31.100000381469727,27.360000610351562
2026-05-01,718.7982177734375,84.61992645263672,423.17999267578125,30.809999465942383,27.40999984741211
2026-05-04,716.1649780273438,83.9774398803711,414.7099914550781,31.329999923706055,27.479999542236328
2026-05-05,721.9102172851562,84.44200897216797,418.2699890136719,31.200000762939453,27.5
2026-05-06,731.9443359375,85.0844955444336,430.9599914550781,30.209999084472656,27.350000381469727
2026-05-07,729.7001342773438,84.65946197509766,431.67999267578125,30.25,27.40999984741211
2026-05-08,735.724609375,85.0844955444336,433.7699890136719,30.299999237060547,27.34000015258789
2026-05-11,737.4002685546875,84.57050323486328,434.6499938964844,31.059999465942383,27.350000381469727
2026-05-12,736.2831420898438,84.00708770751953,432.92999267578125,31.690000534057617,27.450000762939453
2026-05-13,740.4025268554688,83.81929779052734,430.5,31.3700008392334,27.510000228881836
2026-05-14,746.2474975585938,83.93790435791016,427.2099914550781,31.149999618530273,27.6200008392334
2026-05-15,737.2706298828125,82.6924819946289,417.2900085449219,31.190000534057617,27.770000457763672
2026-05-18,736.751953125,82.5936279296875,418.42999267578125,31.3799991607666,27.700000762939453
2026-05-19,731.8446044921875,82.05987548828125,411.5,31.610000610351562,27.790000915527344
2026-05-20,739.3452758789062,82.93958282470703,417.3999938964844,30.8799991607666,27.729999542236328
2026-05-21,740.8114624023438,83.2459945678711,416.989990234375,30.700000762939453,27.729999542236328
2026-05-22,743.7239990234375,83.70067596435547,413.82000732421875,30.540000915527344,27.770000457763672
2026-05-26,748.6613159179688,84.1158218383789,414.0,30.030000686645508,27.75
2026-05-27,748.5316162109375,84.31350708007812,408.489990234375,29.489999771118164,27.75
2026-05-28,752.6609497070312,84.74842071533203,412.7699890136719,29.719999313354492,27.700000762939453
2026-05-29,754.5361328125,84.76819610595703,417.1199951171875,29.479999542236328,27.65999984741211
2026-06-01,756.5908203125,84.8138427734375,411.260009765625,29.989999771118164,27.760000228881836
2026-06-02,757.6182250976562,84.9924545288086,411.95001220703125,30.1200008392334,27.760000228881836
2026-06-03,752.3018798828125,84.65506744384766,407.8699951171875,30.290000915527344,27.860000610351562
2026-06-04,755.1445922851562,84.8436050415039,411.2699890136719,29.8799991607666,27.84000015258789
2026-06-05,735.65478515625,84.406982421875,396.239990234375,29.229999542236328,28.020000457763672
2026-06-08,737.3204345703125,83.97036743164062,397.2699890136719,29.469999313354492,28.030000686645508
2026-06-09,735.1560668945312,84.4665298461914,390.7799987792969,29.06999969482422,28.010000228881836
2026-06-10,723.56591796875,84.22836303710938,374.5799865722656,29.170000076293945,28.049999237060547
2026-06-11,735.8642578125,85.31993103027344,386.32000732421875,28.850000381469727,27.950000762939453
2026-06-12,739.843994140625,85.11153411865234,386.5400085449219,28.549999237060547,27.950000762939453
2026-06-15,752.890380859375,85.06192016601562,396.54998779296875,28.219999313354492,27.969999313354492
2026-06-16,748.4019775390625,85.52831268310547,397.6300048828125,27.899999618530273,27.93000030517578
2026-06-17,739.0560302734375,85.66724395751953,388.6000061035156,27.709999084472656,28.18000030517578
2026-06-18,746.739990234375,86.08401489257812,387.1199951171875,27.6299991607666,28.299999237060547
2026-06-22,744.3900146484375,85.4290771484375,384.5899963378906,27.40999984741211,28.360000610351562
2026-06-23,733.5800170898438,85.5382308959961,377.32000732421875,27.1200008392334,28.450000762939453
2026-06-24,733.239990234375,86.70916748046875,365.9200134277344,26.450000762939453,28.530000686645508
2026-06-25,734.2999877929688,86.67940521240234,369.4599914550781,26.93000030517578,28.479999542236328
2026-06-26,728.989990234375,86.6893310546875,373.6300048828125,26.56999969482422,28.459999084472656
2026-06-29,741.0,86.77864074707031,368.5799865722656,26.559999465942383,28.3700008392334
2026-06-30,746.77001953125,85.75653839111328,368.3800048828125,26.65999984741211,28.40999984741211
2026-07-01,745.760009765625,85.1768798828125,370.6000061035156,26.450000762939453,28.489999771118164
2026-07-02,744.780029296875,85.16692352294922,378.1300048828125,26.56999969482422,28.34000015258789
2026-07-06,751.280029296875,85.1071548461914,382.1300048828125,27.0,28.31999969482422
2026-07-07,747.7100219726562,84.21077728271484,377.489990234375,27.350000381469727,28.399999618530273
2026-07-08,745.4000244140625,84.02153778076172,374.45001220703125,27.799999237060547,28.360000610351562
2026-07-09,751.7100219726562,84.15100860595703,378.17999267578125,27.579999923706055,28.360000610351562
2026-07-10,754.9500122070312,84.13109588623047,377.010009765625,27.520000457763672,28.389999389648438
2026-07-13,749.1699829101562,83.63310241699219,367.1300048828125,28.329999923706055,28.5
2026-07-14,751.8300170898438,83.74266052246094,372.1499938964844,28.6299991607666,28.389999389648438
2026-07-15,754.8099975585938,83.90201568603516,372.3500061035156,28.790000915527344,28.25
2026-07-16,750.719970703125,83.87213134765625,364.9599914550781,28.459999084472656,28.34000015258789
2026-07-17,743.2899780273438,84.1808853149414,368.4100036621094,28.979999542236328,28.329999923706055
2026-07-20,742.0900268554688,83.55342102050781,367.6000061035156,29.139999389648438,28.389999389648438
2026-07-21,748.280029296875,83.32434844970703,374.80999755859375,29.56999969482422,28.479999542236328
2026-07-22,747.4099731445312,83.105224609375,379.1199951171875,29.860000610351562,28.450000762939453
2026-07-23,738.1799926757812,82.8363037109375,371.5199890136719,30.309999465942383,28.559999465942383
2026-07-24,738.9299926757812,82.91598510742188,371.8999938964844,30.100000381469727,28.579999923706055
2026-07-27,739.0900268554688,83.41397857666016,374.6300048828125,29.010000228881836,28.600000381469727
2026-07-28,740.8599853515625,83.90201568603516,369.3699951171875,28.600000381469727,28.579999923706055
2026-07-29,729.4600219726562,82.51759338378906,371.0799865722656,29.420000076293945,28.420000076293945
2026-07-30,741.6900024414062,82.4677963256836,377.1600036621094,29.31999969482422,28.139999389648438
2026-07-31,747.030029296875,81.91999816894531,371.5400085449219,29.450000762939453,28.170000076293945
2026-08-03,757.6699829101562,82.19000244140625,371.7099914550781,28.8799991607666,28.170000076293945
2026-08-04,771.3300170898438,82.81999969482422,374.1600036621094,28.309999465942383,28.15999984741211
2026-08-05,769.7899780273438,83.0,389.6400146484375,28.479999542236328,28.09000015258789
2026-08-06,768.5599975585938,82.5199966430664,389.6700134277344,28.860000610351562,28.190000534057617
2026-08-07,773.260009765625,82.76000213623047,398.4700012207031,28.90999984741211,28.06999969482422
2026-08-10,773.030029296875,82.05999755859375,402.5400085449219,29.93000030517578,28.139999389648438
2026-08-11,770.5599975585938,82.19000244140625,400.9599914550781,29.969999313354492,28.139999389648438
2026-08-12,772.489990234375,82.11000061035156,404.9200134277344,30.110000610351562,28.200000762939453
2026-08-13,777.8800048828125,82.58999633789062,398.9599914550781,29.780000686645508,28.18000030517578
2026-08-14,776.3400268554688,82.04000091552734,401.4800109863281,30.0,28.110000610351562
2026-08-17,772.6699829101562,81.3499984741211,405.489990234375,30.559999465942383,28.100000381469727
2026-08-18,767.4500122070312,81.66000366210938,398.54998779296875,30.479999542236328,28.139999389648438
2026-08-19,769.0599975585938,83.0199966430664,413.8399963378906,30.760000228881836,27.8799991607666
2026-08-20,762.5999755859375,82.33999633789062,415.260009765625,31.110000610351562,27.90999984741211
2026-08-21,765.719970703125,82.05000305175781,423.3599853515625,31.260000228881836,27.899999618530273
2026-08-24,763.469970703125,82.55999755859375,426.69000244140625,30.940000534057617,27.959999084472656
2026-08-25,765.9099731445312,83.47000122070312,428.07000732421875,30.43000030517578,27.940000534057617
2026-08-26,766.0800170898438,83.30000305175781,421.32000732421875,30.5,28.020000457763672
2026-08-27,770.239990234375,83.05500030517578,422.2200012207031,30.920000076293945,28.020000457763672
